class_id,area_ratio,width_ratio,height_ratio,repair_time_range,budget_range
0,0.06573,0.21245,0.12499,5-6 hours,"LKR 9,000 - 12,000"
0,0.08,0.20396,0.13183,5-6 hours,"LKR 9,000 - 12,000"
1,0.04,0.12281,0.05198,4-5 hours,"LKR 7,000 - 9,000"
1,0.04,0.13591,0.09794,4-5 hours,"LKR 7,000 - 9,000"
0,0.08,0.19923,0.08413,5-6 hours,"LKR 9,000 - 12,000"
0,0.04381,0.08191,0.10753,4-5 hours,"LKR 7,000 - 9,000"
2,0.1,0.1892,0.10678,5-6 hours,"LKR 9,000 - 12,000"
0,0.08,0.20683,0.09691,5-6 hours,"LKR 9,000 - 12,000"
0,0.08,0.13185,0.12302,5-6 hours,"LKR 9,000 - 12,000"
2,0.04835,0.10397,0.10126,5-6 hours,"LKR 9,000 - 12,000"
2,0.1,0.26226,0.21565,5-6 hours,"LKR 9,000 - 12,000"
1,0.04,0.11091,0.05886,4-5 hours,"LKR 7,000 - 9,000"
2,0.1,0.1654,0.14346,5-6 hours,"LKR 9,000 - 12,000"
2,0.1,0.18731,0.23388,5-6 hours,"LKR 9,000 - 12,000"
1,0.04,0.09417,0.08908,4-5 hours,"LKR 7,000 - 9,000"
0,0.00595,0.01293,0.01435,2-3 hours,"LKR 3,000 - 5,000"
1,0.04,0.08014,0.06983,4-5 hours,"LKR 7,000 - 9,000"
0,0.08,0.16458,0.18899,5-6 hours,"LKR 9,000 - 12,000"
0,0.08,0.24186,0.10852,5-6 hours,"LKR 9,000 - 12,000"
0,0.08,0.25365,0.11849,5-6 hours,"LKR 9,000 - 12,000"
0,0.08,0.15624,0.15742,5-6 hours,"LKR 9,000 - 12,000"
1,0.04,0.06908,0.09548,4-5 hours,"LKR 7,000 - 9,000"
0,0.08,0.1587,0.09117,5-6 hours,"LKR 9,000 - 12,000"
2,0.05067,0.16692,0.11809,5-6 hours,"LKR 9,000 - 12,000"
1,0.04,0.11308,0.0403,4-5 hours,"LKR 7,000 - 9,000"
1,0.04,0.07898,0.05952,4-5 hours,"LKR 7,000 - 9,000"
1,0.04,0.08942,0.05591,4-5 hours,"LKR 7,000 - 9,000"
2,0.1,0.25053,0.18654,5-6 hours,"LKR 9,000 - 12,000"
0,0.06196,0.11488,0.14936,5-6 hours,"LKR 9,000 - 12,000"
2,0.1,0.3206,0.14417,5-6 hours,"LKR 9,000 - 12,000"
2,0.1,0.28921,0.18551,6-7 hours,"LKR 12,000 - 15,000"
1,0.04,0.1162,0.06157,4-5 hours,"LKR 7,000 - 9,000"
1,0.04,0.10012,0.0879,4-5 hours,"LKR 7,000 - 9,000"
1,0.04,0.06752,0.0747,5-6 hours,"LKR 9,000 - 12,000"
0,0.029,0.04567,0.06479,4-5 hours,"LKR 7,000 - 9,000"
0,0.08,0.13366,0.0862,5-6 hours,"LKR 9,000 - 12,000"
1,0.04,0.08584,0.08771,4-5 hours,"LKR 7,000 - 9,000"
0,0.06067,0.12137,0.11065,5-6 hours,"LKR 9,000 - 12,000"
1,0.04,0.07982,0.06136,4-5 hours,"LKR 7,000 - 9,000"
0,0.08,0.19576,0.10078,5-6 hours,"LKR 9,000 - 12,000"
0,0.08,0.22014,0.14038,5-6 hours,"LKR 9,000 - 12,000"
1,0.04,0.10604,0.06329,4-5 hours,"LKR 7,000 - 9,000"
0,0.08,0.26486,0.10349,6-7 hours,"LKR 12,000 - 15,000"
0,0.08,0.12372,0.17774,5-6 hours,"LKR 9,000 - 12,000"
0,0.08,0.24856,0.11384,5-6 hours,"LKR 9,000 - 12,000"
1,0.03159,0.1062,0.07227,4-5 hours,"LKR 7,000 - 9,000"
1,0.04,0.12612,0.0592,4-5 hours,"LKR 7,000 - 9,000"
0,0.08,0.21175,0.15582,5-6 hours,"LKR 9,000 - 12,000"
0,0.08,0.24634,0.09094,5-6 hours,"LKR 9,000 - 12,000"
0,0.08,0.13346,0.16412,6-7 hours,"LKR 12,000 - 15,000"
1,0.04,0.13888,0.0852,4-5 hours,"LKR 7,000 - 9,000"
0,0.08,0.13779,0.13912,6-7 hours,"LKR 12,000 - 15,000"
0,0.08,0.27395,0.12498,5-6 hours,"LKR 9,000 - 12,000"
2,0.1,0.16476,0.18308,5-6 hours,"LKR 9,000 - 12,000"
1,0.04,0.10675,0.09407,5-6 hours,"LKR 9,000 - 12,000"
0,0.08,0.16438,0.10257,5-6 hours,"LKR 9,000 - 12,000"
0,0.08,0.22956,0.09951,5-6 hours,"LKR 9,000 - 12,000"
1,0.04,0.13462,0.09196,5-6 hours,"LKR 9,000 - 12,000"
0,0.08,0.27519,0.18105,5-6 hours,"LKR 9,000 - 12,000"
0,0.07685,0.2402,0.19208,5-6 hours,"LKR 9,000 - 12,000"
1,0.04,0.13632,0.07637,4-5 hours,"LKR 7,000 - 9,000"
1,0.03589,0.09118,0.07746,4-5 hours,"LKR 7,000 - 9,000"
2,0.1,0.1768,0.10432,5-6 hours,"LKR 9,000 - 12,000"
1,0.04,0.08805,0.0754,4-5 hours,"LKR 7,000 - 9,000"
0,0.08,0.18345,0.15465,5-6 hours,"LKR 9,000 - 12,000"
2,0.02962,0.07163,0.07316,4-5 hours,"LKR 7,000 - 9,000"
0,0.08,0.14049,0.09823,5-6 hours,"LKR 9,000 - 12,000"
1,0.04,0.1134,0.05034,4-5 hours,"LKR 7,000 - 9,000"
0,0.08,0.1393,0.13529,5-6 hours,"LKR 9,000 - 12,000"
0,0.08,0.22046,0.08981,5-6 hours,"LKR 9,000 - 12,000"
2,0.1,0.1869,0.1314,5-6 hours,"LKR 9,000 - 12,000"
0,0.08,0.12587,0.11029,5-6 hours,"LKR 9,000 - 12,000"
2,0.04538,0.11642,0.06189,5-6 hours,"LKR 9,000 - 12,000"
0,0.08,0.13916,0.18686,5-6 hours,"LKR 9,000 - 12,000"
1,0.04,0.10695,0.08473,4-5 hours,"LKR 7,000 - 9,000"
0,0.08,0.17698,0.19838,5-6 hours,"LKR 9,000 - 12,000"
0,0.06952,0.13023,0.09926,5-6 hours,"LKR 9,000 - 12,000"
2,0.1,0.22957,0.24542,5-6 hours,"LKR 9,000 - 12,000"
1,0.04,0.10454,0.0743,4-5 hours,"LKR 7,000 - 9,000"
1,0.04,0.07939,0.04689,4-5 hours,"LKR 7,000 - 9,000"
0,0.065,0.10424,0.09782,5-6 hours,"LKR 9,000 - 12,000"
0,0.08,0.2153,0.13659,5-6 hours,"LKR 9,000 - 12,000"
0,0.08,0.23858,0.14894,5-6 hours,"LKR 9,000 - 12,000"
0,0.08,0.25033,0.15982,5-6 hours,"LKR 9,000 - 12,000"
0,0.08,0.18031,0.13552,5-6 hours,"LKR 9,000 - 12,000"
1,0.02865,0.07413,0.06761,3-4 hours,"LKR 5,000 - 7,000"
0,0.08,0.24704,0.15441,5-6 hours,"LKR 9,000 - 12,000"
2,0.1,0.29879,0.10503,5-6 hours,"LKR 9,000 - 12,000"
1,0.04,0.12772,0.04765,4-5 hours,"LKR 7,000 - 9,000"
1,0.04,0.11129,0.08164,4-5 hours,"LKR 7,000 - 9,000"
0,0.08,0.18414,0.13544,5-6 hours,"LKR 9,000 - 12,000"
0,0.08,0.25954,0.19185,5-6 hours,"LKR 9,000 - 12,000"
1,0.04,0.10854,0.06545,4-5 hours,"LKR 7,000 - 9,000"
2,0.1,0.31778,0.1187,5-6 hours,"LKR 9,000 - 12,000"
2,0.1,0.21704,0.22043,6-7 hours,"LKR 12,000 - 15,000"
0,0.08,0.17551,0.1685,5-6 hours,"LKR 9,000 - 12,000"
0,0.07574,0.17707,0.17968,5-6 hours,"LKR 9,000 - 12,000"
1,0.04,0.09317,0.04512,4-5 hours,"LKR 7,000 - 9,000"
1,0.04,0.13184,0.05231,4-5 hours,"LKR 7,000 - 9,000"
0,0.08,0.19253,0.14293,5-6 hours,"LKR 9,000 - 12,000"
0,0.0638,0.21642,0.09952,5-6 hours,"LKR 9,000 - 12,000"
1,0.04,0.11271,0.04163,4-5 hours,"LKR 7,000 - 9,000"
0,0.08,0.15811,0.09193,5-6 hours,"LKR 9,000 - 12,000"
1,0.04,0.0764,0.05759,4-5 hours,"LKR 7,000 - 9,000"
0,0.02196,0.04795,0.03051,4-5 hours,"LKR 7,000 - 9,000"
1,0.04,0.09489,0.05767,4-5 hours,"LKR 7,000 - 9,000"
1,0.04,0.0618,0.05612,4-5 hours,"LKR 7,000 - 9,000"
1,0.04,0.10206,0.0503,4-5 hours,"LKR 7,000 - 9,000"
0,0.03366,0.10636,0.04409,5-6 hours,"LKR 9,000 - 12,000"
0,0.08,0.26631,0.13025,5-6 hours,"LKR 9,000 - 12,000"
1,0.04,0.09114,0.05732,4-5 hours,"LKR 7,000 - 9,000"
1,0.04,0.13495,0.08395,4-5 hours,"LKR 7,000 - 9,000"
0,0.08,0.21549,0.12011,5-6 hours,"LKR 9,000 - 12,000"
0,0.08,0.18957,0.10957,5-6 hours,"LKR 9,000 - 12,000"
1,0.03934,0.06621,0.09346,4-5 hours,"LKR 7,000 - 9,000"
2,0.1,0.29644,0.22098,5-6 hours,"LKR 9,000 - 12,000"
1,0.04,0.13901,0.09664,5-6 hours,"LKR 9,000 - 12,000"
1,0.04,0.08379,0.09546,4-5 hours,"LKR 7,000 - 9,000"
2,0.1,0.31578,0.10555,5-6 hours,"LKR 9,000 - 12,000"
0,0.05235,0.11153,0.09471,5-6 hours,"LKR 9,000 - 12,000"
0,0.08,0.1239,0.18441,6-7 hours,"LKR 12,000 - 15,000"
2,0.1,0.22014,0.21508,5-6 hours,"LKR 9,000 - 12,000"
0,0.08,0.18684,0.13056,5-6 hours,"LKR 9,000 - 12,000"
0,0.08,0.15738,0.08505,6-7 hours,"LKR 12,000 - 15,000"
2,0.07683,0.26122,0.16746,6-7 hours,"LKR 12,000 - 15,000"
0,0.08,0.15707,0.19313,5-6 hours,"LKR 9,000 - 12,000"
1,0.02856,0.05348,0.06195,3-4 hours,"LKR 5,000 - 7,000"
0,0.08,0.14462,0.1779,5-6 hours,"LKR 9,000 - 12,000"
0,0.08,0.26039,0.11187,5-6 hours,"LKR 9,000 - 12,000"
2,0.1,0.23169,0.1559,5-6 hours,"LKR 9,000 - 12,000"
1,0.04,0.06609,0.09107,4-5 hours,"LKR 7,000 - 9,000"
0,0.08,0.21052,0.11204,5-6 hours,"LKR 9,000 - 12,000"
1,0.04,0.12696,0.08185,4-5 hours,"LKR 7,000 - 9,000"
1,0.04,0.06234,0.08955,4-5 hours,"LKR 7,000 - 9,000"
0,0.08,0.20119,0.08077,5-6 hours,"LKR 9,000 - 12,000"
1,0.04,0.1032,0.08679,4-5 hours,"LKR 7,000 - 9,000"
1,0.04,0.13456,0.04615,4-5 hours,"LKR 7,000 - 9,000"
1,0.04,0.10657,0.06075,4-5 hours,"LKR 7,000 - 9,000"
0,0.08,0.17178,0.13864,5-6 hours,"LKR 9,000 - 12,000"
1,0.04,0.11549,0.05325,5-6 hours,"LKR 9,000 - 12,000"
1,0.04,0.09358,0.07831,4-5 hours,"LKR 7,000 - 9,000"
0,0.05277,0.10165,0.05524,5-6 hours,"LKR 9,000 - 12,000"
0,0.08,0.25898,0.17319,5-6 hours,"LKR 9,000 - 12,000"
1,0.04,0.13367,0.077,4-5 hours,"LKR 7,000 - 9,000"
0,0.08,0.15208,0.13899,6-7 hours,"LKR 12,000 - 15,000"
1,0.04,0.06093,0.04435,4-5 hours,"LKR 7,000 - 9,000"
0,0.08,0.24478,0.08475,5-6 hours,"LKR 9,000 - 12,000"
0,0.03614,0.09467,0.03667,4-5 hours,"LKR 7,000 - 9,000"
1,0.04,0.09175,0.04796,4-5 hours,"LKR 7,000 - 9,000"
1,0.04,0.11091,0.08239,5-6 hours,"LKR 9,000 - 12,000"
2,0.1,0.29282,0.22026,5-6 hours,"LKR 9,000 - 12,000"
1,0.04,0.09619,0.07861,4-5 hours,"LKR 7,000 - 9,000"
1,0.04,0.1127,0.06989,4-5 hours,"LKR 7,000 - 9,000"
1,0.04,0.06578,0.04184,4-5 hours,"LKR 7,000 - 9,000"
0,0.08,0.17535,0.12452,5-6 hours,"LKR 9,000 - 12,000"
0,0.08,0.19787,0.18481,5-6 hours,"LKR 9,000 - 12,000"
0,0.08,0.21967,0.15579,5-6 hours,"LKR 9,000 - 12,000"
0,0.08,0.15956,0.18449,5-6 hours,"LKR 9,000 - 12,000"
1,0.04,0.13755,0.05549,4-5 hours,"LKR 7,000 - 9,000"
0,0.08,0.14716,0.14237,5-6 hours,"LKR 9,000 - 12,000"
1,0.04,0.07336,0.05006,5-6 hours,"LKR 9,000 - 12,000"
1,0.02613,0.0698,0.06017,3-4 hours,"LKR 5,000 - 7,000"
0,0.08,0.12629,0.09465,5-6 hours,"LKR 9,000 - 12,000"
2,0.1,0.34733,0.24477,6-7 hours,"LKR 12,000 - 15,000"
2,0.1,0.24777,0.20003,5-6 hours,"LKR 9,000 - 12,000"
0,0.08,0.27519,0.09127,5-6 hours,"LKR 9,000 - 12,000"
0,0.08,0.27114,0.16199,5-6 hours,"LKR 9,000 - 12,000"
1,0.04,0.11516,0.08059,4-5 hours,"LKR 7,000 - 9,000"
1,0.04,0.13995,0.04289,4-5 hours,"LKR 7,000 - 9,000"
0,0.08,0.26056,0.1285,5-6 hours,"LKR 9,000 - 12,000"
1,0.04,0.12543,0.04721,4-5 hours,"LKR 7,000 - 9,000"
0,0.08,0.18217,0.13384,5-6 hours,"LKR 9,000 - 12,000"
0,0.03755,0.10285,0.06366,4-5 hours,"LKR 7,000 - 9,000"
2,0.1,0.22604,0.15982,5-6 hours,"LKR 9,000 - 12,000"
1,0.04,0.13644,0.04109,4-5 hours,"LKR 7,000 - 9,000"
0,0.08,0.12964,0.19213,5-6 hours,"LKR 9,000 - 12,000"
0,0.08,0.24848,0.1447,5-6 hours,"LKR 9,000 - 12,000"
1,0.04,0.07449,0.08087,4-5 hours,"LKR 7,000 - 9,000"
1,0.02728,0.09345,0.04707,3-4 hours,"LKR 5,000 - 7,000"
1,0.04,0.12554,0.09305,4-5 hours,"LKR 7,000 - 9,000"
0,0.08,0.17655,0.10842,5-6 hours,"LKR 9,000 - 12,000"
0,0.08,0.21982,0.13421,5-6 hours,"LKR 9,000 - 12,000"
0,0.08,0.12378,0.15704,5-6 hours,"LKR 9,000 - 12,000"
1,0.04,0.13902,0.04819,4-5 hours,"LKR 7,000 - 9,000"
0,0.0273,0.04797,0.03157,4-5 hours,"LKR 7,000 - 9,000"
1,0.04,0.06555,0.07114,5-6 hours,"LKR 9,000 - 12,000"
1,0.04,0.10264,0.05946,4-5 hours,"LKR 7,000 - 9,000"
1,0.04,0.09722,0.04361,4-5 hours,"LKR 7,000 - 9,000"
2,0.1,0.16934,0.16756,5-6 hours,"LKR 9,000 - 12,000"
0,0.08,0.2788,0.19124,5-6 hours,"LKR 9,000 - 12,000"
1,0.04,0.07022,0.08956,4-5 hours,"LKR 7,000 - 9,000"
1,0.04,0.06701,0.09622,4-5 hours,"LKR 7,000 - 9,000"
0,0.04737,0.15815,0.08268,4-5 hours,"LKR 7,000 - 9,000"
2,0.1,0.32361,0.22089,5-6 hours,"LKR 9,000 - 12,000"
0,0.08,0.17538,0.19707,5-6 hours,"LKR 9,000 - 12,000"
1,0.04,0.07399,0.07015,4-5 hours,"LKR 7,000 - 9,000"
0,0.08,0.16989,0.14074,5-6 hours,"LKR 9,000 - 12,000"
0,0.08,0.14432,0.08736,5-6 hours,"LKR 9,000 - 12,000"
0,0.07434,0.15661,0.08561,5-6 hours,"LKR 9,000 - 12,000"
0,0.08,0.20433,0.13113,5-6 hours,"LKR 9,000 - 12,000"
2,0.1,0.31551,0.21004,5-6 hours,"LKR 9,000 - 12,000"
0,0.07861,0.23745,0.09478,5-6 hours,"LKR 9,000 - 12,000"
0,0.08,0.1927,0.18132,6-7 hours,"LKR 12,000 - 15,000"
0,0.08,0.18014,0.12734,5-6 hours,"LKR 9,000 - 12,000"
1,0.04,0.08037,0.09045,5-6 hours,"LKR 9,000 - 12,000"
2,0.06628,0.18381,0.12731,6-7 hours,"LKR 12,000 - 15,000"
1,0.04,0.06333,0.04509,4-5 hours,"LKR 7,000 - 9,000"
0,0.08,0.17595,0.17296,5-6 hours,"LKR 9,000 - 12,000"
0,0.08,0.16241,0.08251,6-7 hours,"LKR 12,000 - 15,000"
2,0.1,0.19114,0.11821,5-6 hours,"LKR 9,000 - 12,000"
1,0.04,0.1239,0.05757,4-5 hours,"LKR 7,000 - 9,000"
1,0.04,0.07025,0.0603,4-5 hours,"LKR 7,000 - 9,000"
0,0.08,0.27089,0.10888,5-6 hours,"LKR 9,000 - 12,000"
0,0.04256,0.13588,0.10122,4-5 hours,"LKR 7,000 - 9,000"
1,0.04,0.11249,0.05065,4-5 hours,"LKR 7,000 - 9,000"
2,0.1,0.1927,0.17588,5-6 hours,"LKR 9,000 - 12,000"
1,0.04,0.1052,0.08133,4-5 hours,"LKR 7,000 - 9,000"
1,0.04,0.07973,0.08359,4-5 hours,"LKR 7,000 - 9,000"
0,0.08,0.23729,0.15392,5-6 hours,"LKR 9,000 - 12,000"
0,0.08,0.12565,0.16949,5-6 hours,"LKR 9,000 - 12,000"
2,0.1,0.32533,0.24945,5-6 hours,"LKR 9,000 - 12,000"
0,0.08,0.18602,0.16347,6-7 hours,"LKR 12,000 - 15,000"
1,0.04,0.09848,0.07854,5-6 hours,"LKR 9,000 - 12,000"
1,0.04,0.1244,0.05619,4-5 hours,"LKR 7,000 - 9,000"
0,0.08,0.20276,0.13282,5-6 hours,"LKR 9,000 - 12,000"
0,0.08,0.23771,0.1998,5-6 hours,"LKR 9,000 - 12,000"
1,0.04,0.09279,0.09039,4-5 hours,"LKR 7,000 - 9,000"
1,0.03845,0.05969,0.03984,4-5 hours,"LKR 7,000 - 9,000"
0,0.08,0.14978,0.17632,5-6 hours,"LKR 9,000 - 12,000"
0,0.08,0.1899,0.16754,5-6 hours,"LKR 9,000 - 12,000"
0,0.08,0.27306,0.08827,6-7 hours,"LKR 12,000 - 15,000"
0,0.08,0.16351,0.17113,5-6 hours,"LKR 9,000 - 12,000"
1,0.04,0.13251,0.04835,4-5 hours,"LKR 7,000 - 9,000"
0,0.08,0.26989,0.08627,5-6 hours,"LKR 9,000 - 12,000"
0,0.08,0.19423,0.19664,5-6 hours,"LKR 9,000 - 12,000"
0,0.08,0.2561,0.14735,5-6 hours,"LKR 9,000 - 12,000"
0,0.08,0.20697,0.08981,5-6 hours,"LKR 9,000 - 12,000"
0,0.08,0.22416,0.14545,6-7 hours,"LKR 12,000 - 15,000"
1,0.04,0.07611,0.05552,4-5 hours,"LKR 7,000 - 9,000"
0,0.08,0.26073,0.18447,5-6 hours,"LKR 9,000 - 12,000"
0,0.08,0.20619,0.13974,5-6 hours,"LKR 9,000 - 12,000"
1,0.04,0.0763,0.0714,4-5 hours,"LKR 7,000 - 9,000"
1,0.04,0.13321,0.07198,4-5 hours,"LKR 7,000 - 9,000"
1,0.04,0.08215,0.09901,4-5 hours,"LKR 7,000 - 9,000"
0,0.08,0.19045,0.15384,6-7 hours,"LKR 12,000 - 15,000"
2,0.1,0.34682,0.20019,5-6 hours,"LKR 9,000 - 12,000"
0,0.08,0.20956,0.14329,5-6 hours,"LKR 9,000 - 12,000"
2,0.1,0.31381,0.18112,5-6 hours,"LKR 9,000 - 12,000"
0,0.08,0.19907,0.17939,5-6 hours,"LKR 9,000 - 12,000"
0,0.08,0.19206,0.16986,5-6 hours,"LKR 9,000 - 12,000"
1,0.04,0.11073,0.04758,4-5 hours,"LKR 7,000 - 9,000"
0,0.08,0.16468,0.15715,5-6 hours,"LKR 9,000 - 12,000"
1,0.04,0.1297,0.08596,4-5 hours,"LKR 7,000 - 9,000"
1,0.03657,0.06298,0.0611,4-5 hours,"LKR 7,000 - 9,000"
2,0.1,0.23451,0.1063,5-6 hours,"LKR 9,000 - 12,000"
2,0.1,0.30079,0.22074,6-7 hours,"LKR 12,000 - 15,000"
2,0.1,0.32455,0.11689,5-6 hours,"LKR 9,000 - 12,000"
1,0.04,0.08378,0.058,4-5 hours,"LKR 7,000 - 9,000"
0,0.08,0.26277,0.10224,6-7 hours,"LKR 12,000 - 15,000"
0,0.08,0.25691,0.14257,6-7 hours,"LKR 12,000 - 15,000"
1,0.04,0.13032,0.07431,4-5 hours,"LKR 7,000 - 9,000"
0,0.08,0.2628,0.13321,5-6 hours,"LKR 9,000 - 12,000"
1,0.04,0.06834,0.06307,4-5 hours,"LKR 7,000 - 9,000"
1,0.04,0.11073,0.04426,4-5 hours,"LKR 7,000 - 9,000"
0,0.08,0.21772,0.11368,5-6 hours,"LKR 9,000 - 12,000"
1,0.01058,0.02673,0.01524,2-3 hours,"LKR 3,000 - 5,000"
0,0.08,0.20119,0.18491,5-6 hours,"LKR 9,000 - 12,000"
1,0.04,0.09375,0.06466,4-5 hours,"LKR 7,000 - 9,000"
1,0.04,0.1257,0.04009,4-5 hours,"LKR 7,000 - 9,000"
0,0.08,0.13832,0.12606,5-6 hours,"LKR 9,000 - 12,000"
0,0.07248,0.12035,0.11106,5-6 hours,"LKR 9,000 - 12,000"
1,0.04,0.11089,0.0948,4-5 hours,"LKR 7,000 - 9,000"
2,0.05533,0.08429,0.09035,5-6 hours,"LKR 9,000 - 12,000"
0,0.08,0.22437,0.18147,5-6 hours,"LKR 9,000 - 12,000"
0,0.08,0.19143,0.17581,5-6 hours,"LKR 9,000 - 12,000"
2,0.1,0.22423,0.19016,5-6 hours,"LKR 9,000 - 12,000"
1,0.04,0.13121,0.06075,4-5 hours,"LKR 7,000 - 9,000"
0,0.08,0.18554,0.11735,5-6 hours,"LKR 9,000 - 12,000"
1,0.04,0.09885,0.04165,4-5 hours,"LKR 7,000 - 9,000"
2,0.1,0.30124,0.16878,5-6 hours,"LKR 9,000 - 12,000"
2,0.1,0.27059,0.22401,5-6 hours,"LKR 9,000 - 12,000"
0,0.08,0.20663,0.0985,5-6 hours,"LKR 9,000 - 12,000"
1,0.03444,0.06953,0.0445,5-6 hours,"LKR 9,000 - 12,000"
0,0.08,0.21287,0.0967,5-6 hours,"LKR 9,000 - 12,000"
1,0.04,0.10965,0.05208,4-5 hours,"LKR 7,000 - 9,000"
0,0.08,0.26551,0.16666,5-6 hours,"LKR 9,000 - 12,000"
2,0.1,0.20515,0.23156,5-6 hours,"LKR 9,000 - 12,000"
0,0.08,0.2142,0.12504,5-6 hours,"LKR 9,000 - 12,000"
0,0.08,0.21236,0.18387,5-6 hours,"LKR 9,000 - 12,000"
0,0.08,0.13748,0.18248,5-6 hours,"LKR 9,000 - 12,000"
1,0.04,0.13411,0.04115,4-5 hours,"LKR 7,000 - 9,000"
1,0.04,0.0887,0.08827,4-5 hours,"LKR 7,000 - 9,000"
0,0.08,0.25346,0.16886,5-6 hours,"LKR 9,000 - 12,000"
1,0.04,0.10909,0.04532,4-5 hours,"LKR 7,000 - 9,000"
0,0.07433,0.128,0.16444,5-6 hours,"LKR 9,000 - 12,000"
0,0.08,0.2001,0.17534,5-6 hours,"LKR 9,000 - 12,000"
0,0.08,0.16496,0.17642,5-6 hours,"LKR 9,000 - 12,000"
0,0.08,0.22248,0.19748,5-6 hours,"LKR 9,000 - 12,000"
0,0.08,0.1919,0.1503,5-6 hours,"LKR 9,000 - 12,000"
0,0.0571,0.17747,0.10442,5-6 hours,"LKR 9,000 - 12,000"
0,0.07825,0.13832,0.15215,6-7 hours,"LKR 12,000 - 15,000"
1,0.04,0.06502,0.09036,5-6 hours,"LKR 9,000 - 12,000"
0,0.06543,0.13354,0.14815,5-6 hours,"LKR 9,000 - 12,000"
1,0.04,0.13713,0.04536,4-5 hours,"LKR 7,000 - 9,000"
0,0.08,0.14671,0.16557,5-6 hours,"LKR 9,000 - 12,000"
2,0.08033,0.22398,0.08613,5-6 hours,"LKR 9,000 - 12,000"
2,0.1,0.30351,0.16248,5-6 hours,"LKR 9,000 - 12,000"
2,0.09807,0.18942,0.19778,5-6 hours,"LKR 9,000 - 12,000"
0,0.08,0.22317,0.12742,5-6 hours,"LKR 9,000 - 12,000"
0,0.08,0.13784,0.1419,5-6 hours,"LKR 9,000 - 12,000"
1,0.04,0.06995,0.06482,4-5 hours,"LKR 7,000 - 9,000"
0,0.0733,0.25119,0.13036,5-6 hours,"LKR 9,000 - 12,000"
0,0.08,0.14009,0.08203,5-6 hours,"LKR 9,000 - 12,000"
1,0.04,0.08785,0.0623,5-6 hours,"LKR 9,000 - 12,000"
0,0.08,0.18368,0.11635,6-7 hours,"LKR 12,000 - 15,000"
0,0.08,0.12926,0.19493,5-6 hours,"LKR 9,000 - 12,000"
1,0.04,0.08925,0.05352,4-5 hours,"LKR 7,000 - 9,000"
0,0.08,0.24978,0.15631,5-6 hours,"LKR 9,000 - 12,000"
1,0.04,0.0976,0.09341,4-5 hours,"LKR 7,000 - 9,000"
0,0.08,0.20475,0.10903,5-6 hours,"LKR 9,000 - 12,000"
1,0.04,0.10373,0.06597,5-6 hours,"LKR 9,000 - 12,000"
0,0.08,0.2737,0.10363,5-6 hours,"LKR 9,000 - 12,000"
2,0.1,0.2374,0.18903,6-7 hours,"LKR 12,000 - 15,000"
1,0.04,0.1355,0.09761,4-5 hours,"LKR 7,000 - 9,000"
2,0.1,0.19947,0.19609,5-6 hours,"LKR 9,000 - 12,000"
0,0.06385,0.09693,0.09804,5-6 hours,"LKR 9,000 - 12,000"
0,0.08,0.23662,0.09145,5-6 hours,"LKR 9,000 - 12,000"
0,0.08,0.18365,0.19034,5-6 hours,"LKR 9,000 - 12,000"
0,0.08,0.26695,0.19411,5-6 hours,"LKR 9,000 - 12,000"
0,0.03653,0.10276,0.0497,4-5 hours,"LKR 7,000 - 9,000"
2,0.1,0.1572,0.12628,5-6 hours,"LKR 9,000 - 12,000"
0,0.08,0.20267,0.17105,5-6 hours,"LKR 9,000 - 12,000"
0,0.08,0.19961,0.10456,5-6 hours,"LKR 9,000 - 12,000"
0,0.08,0.13104,0.19289,5-6 hours,"LKR 9,000 - 12,000"
0,0.08,0.24338,0.15856,5-6 hours,"LKR 9,000 - 12,000"
2,0.1,0.17557,0.21483,6-7 hours,"LKR 12,000 - 15,000"
0,0.05033,0.09869,0.05044,5-6 hours,"LKR 9,000 - 12,000"
2,0.07825,0.18351,0.1138,5-6 hours,"LKR 9,000 - 12,000"
1,0.04,0.12454,0.09909,4-5 hours,"LKR 7,000 - 9,000"
0,0.08,0.23349,0.10008,5-6 hours,"LKR 9,000 - 12,000"
1,0.04,0.12072,0.04615,4-5 hours,"LKR 7,000 - 9,000"
1,0.04,0.13368,0.08168,4-5 hours,"LKR 7,000 - 9,000"
2,0.1,0.21712,0.24678,5-6 hours,"LKR 9,000 - 12,000"
1,0.04,0.09044,0.04978,4-5 hours,"LKR 7,000 - 9,000"
1,0.04,0.11639,0.08903,4-5 hours,"LKR 7,000 - 9,000"
2,0.1,0.18585,0.22,5-6 hours,"LKR 9,000 - 12,000"
0,0.08,0.22763,0.1756,5-6 hours,"LKR 9,000 - 12,000"
1,0.04,0.08454,0.06118,4-5 hours,"LKR 7,000 - 9,000"
0,0.08,0.16572,0.13193,5-6 hours,"LKR 9,000 - 12,000"
0,0.08,0.22744,0.15587,5-6 hours,"LKR 9,000 - 12,000"
0,0.08,0.18912,0.19764,6-7 hours,"LKR 12,000 - 15,000"
1,0.04,0.09382,0.06079,4-5 hours,"LKR 7,000 - 9,000"
0,0.08,0.22508,0.19622,5-6 hours,"LKR 9,000 - 12,000"
0,0.08,0.21585,0.15484,5-6 hours,"LKR 9,000 - 12,000"
0,0.08,0.17007,0.11253,5-6 hours,"LKR 9,000 - 12,000"
2,0.1,0.29023,0.20202,5-6 hours,"LKR 9,000 - 12,000"
0,0.08,0.18385,0.18078,5-6 hours,"LKR 9,000 - 12,000"
1,0.04,0.09472,0.05552,4-5 hours,"LKR 7,000 - 9,000"
1,0.04,0.07936,0.08284,5-6 hours,"LKR 9,000 - 12,000"
0,0.08,0.15431,0.1125,5-6 hours,"LKR 9,000 - 12,000"
0,0.08,0.13298,0.19418,5-6 hours,"LKR 9,000 - 12,000"
1,0.03382,0.10066,0.06028,5-6 hours,"LKR 9,000 - 12,000"
0,0.08,0.17895,0.18744,5-6 hours,"LKR 9,000 - 12,000"
1,0.04,0.09421,0.06655,4-5 hours,"LKR 7,000 - 9,000"
2,0.1,0.25053,0.10843,5-6 hours,"LKR 9,000 - 12,000"
2,0.1,0.20205,0.12392,5-6 hours,"LKR 9,000 - 12,000"
0,0.08,0.22962,0.09325,5-6 hours,"LKR 9,000 - 12,000"
0,0.08,0.17661,0.17943,5-6 hours,"LKR 9,000 - 12,000"
0,0.08,0.26021,0.09231,5-6 hours,"LKR 9,000 - 12,000"
1,0.03568,0.11333,0.08165,4-5 hours,"LKR 7,000 - 9,000"
0,0.06546,0.18905,0.08801,5-6 hours,"LKR 9,000 - 12,000"
0,0.08,0.12306,0.09989,5-6 hours,"LKR 9,000 - 12,000"
0,0.08,0.21724,0.10944,6-7 hours,"LKR 12,000 - 15,000"
0,0.08,0.2091,0.12989,5-6 hours,"LKR 9,000 - 12,000"
1,0.04,0.09296,0.09223,4-5 hours,"LKR 7,000 - 9,000"
1,0.04,0.07143,0.08152,4-5 hours,"LKR 7,000 - 9,000"
0,0.08,0.1229,0.17513,6-7 hours,"LKR 12,000 - 15,000"
0,0.08,0.1216,0.16681,5-6 hours,"LKR 9,000 - 12,000"
1,0.04,0.12332,0.06708,4-5 hours,"LKR 7,000 - 9,000"
2,0.1,0.31071,0.23527,5-6 hours,"LKR 9,000 - 12,000"
0,0.08,0.13065,0.1578,6-7 hours,"LKR 12,000 - 15,000"
0,0.08,0.17139,0.10641,5-6 hours,"LKR 9,000 - 12,000"
0,0.08,0.22508,0.16505,6-7 hours,"LKR 12,000 - 15,000"
0,0.08,0.24365,0.14581,6-7 hours,"LKR 12,000 - 15,000"
1,0.04,0.10144,0.04842,4-5 hours,"LKR 7,000 - 9,000"
1,0.04,0.12,0.09449,4-5 hours,"LKR 7,000 - 9,000"
1,0.04,0.07252,0.06844,4-5 hours,"LKR 7,000 - 9,000"
0,0.08,0.18798,0.18894,5-6 hours,"LKR 9,000 - 12,000"
0,0.08,0.22552,0.17555,5-6 hours,"LKR 9,000 - 12,000"
1,0.04,0.08156,0.05146,4-5 hours,"LKR 7,000 - 9,000"
0,0.03755,0.11475,0.0804,4-5 hours,"LKR 7,000 - 9,000"
0,0.0548,0.11065,0.05757,5-6 hours,"LKR 9,000 - 12,000"
0,0.08,0.26367,0.18657,5-6 hours,"LKR 9,000 - 12,000"
2,0.1,0.16898,0.24983,5-6 hours,"LKR 9,000 - 12,000"
1,0.04,0.06323,0.06467,4-5 hours,"LKR 7,000 - 9,000"
0,0.08,0.22469,0.10784,6-7 hours,"LKR 12,000 - 15,000"
1,0.04,0.10956,0.0738,4-5 hours,"LKR 7,000 - 9,000"
2,0.1,0.19578,0.18953,5-6 hours,"LKR 9,000 - 12,000"
2,0.1,0.2799,0.22066,5-6 hours,"LKR 9,000 - 12,000"
1,0.04,0.08985,0.0965,4-5 hours,"LKR 7,000 - 9,000"
1,0.04,0.0725,0.07816,4-5 hours,"LKR 7,000 - 9,000"
0,0.07977,0.14674,0.08206,5-6 hours,"LKR 9,000 - 12,000"
1,0.04,0.10287,0.06931,4-5 hours,"LKR 7,000 - 9,000"
0,0.03272,0.08787,0.05014,5-6 hours,"LKR 9,000 - 12,000"
0,0.08,0.26127,0.15909,5-6 hours,"LKR 9,000 - 12,000"
2,0.1,0.31053,0.24959,6-7 hours,"LKR 12,000 - 15,000"
2,0.1,0.16248,0.15029,6-7 hours,"LKR 12,000 - 15,000"
2,0.1,0.22712,0.11066,5-6 hours,"LKR 9,000 - 12,000"
0,0.03854,0.06916,0.09479,4-5 hours,"LKR 7,000 - 9,000"
2,0.07282,0.15283,0.09822,5-6 hours,"LKR 9,000 - 12,000"
0,0.08,0.24944,0.09763,5-6 hours,"LKR 9,000 - 12,000"
2,0.04696,0.08332,0.08786,5-6 hours,"LKR 9,000 - 12,000"
0,0.04017,0.09717,0.05863,4-5 hours,"LKR 7,000 - 9,000"
0,0.08,0.22675,0.17325,5-6 hours,"LKR 9,000 - 12,000"
0,0.08,0.17943,0.10342,5-6 hours,"LKR 9,000 - 12,000"
1,0.03573,0.08603,0.07659,4-5 hours,"LKR 7,000 - 9,000"
0,0.08,0.19834,0.15737,5-6 hours,"LKR 9,000 - 12,000"
1,0.04,0.07482,0.05672,4-5 hours,"LKR 7,000 - 9,000"
0,0.08,0.2114,0.09716,5-6 hours,"LKR 9,000 - 12,000"
1,0.04,0.12367,0.05051,4-5 hours,"LKR 7,000 - 9,000"
0,0.08,0.1201,0.18448,5-6 hours,"LKR 9,000 - 12,000"
1,0.04,0.0675,0.06917,4-5 hours,"LKR 7,000 - 9,000"
0,0.08,0.19489,0.13596,5-6 hours,"LKR 9,000 - 12,000"
0,0.08,0.18366,0.17931,5-6 hours,"LKR 9,000 - 12,000"
0,0.08,0.2657,0.14118,5-6 hours,"LKR 9,000 - 12,000"
0,0.08,0.14571,0.083,5-6 hours,"LKR 9,000 - 12,000"
0,0.08,0.18076,0.17617,5-6 hours,"LKR 9,000 - 12,000"
1,0.04,0.10526,0.09575,4-5 hours,"LKR 7,000 - 9,000"
0,0.08,0.12482,0.19538,5-6 hours,"LKR 9,000 - 12,000"
2,0.1,0.31962,0.24207,5-6 hours,"LKR 9,000 - 12,000"
1,0.04,0.11728,0.08237,4-5 hours,"LKR 7,000 - 9,000"
2,0.1,0.20221,0.15151,5-6 hours,"LKR 9,000 - 12,000"
2,0.1,0.16847,0.12442,5-6 hours,"LKR 9,000 - 12,000"
0,0.08,0.19535,0.15943,5-6 hours,"LKR 9,000 - 12,000"
1,0.04,0.06445,0.04041,4-5 hours,"LKR 7,000 - 9,000"
1,0.03929,0.13039,0.05779,4-5 hours,"LKR 7,000 - 9,000"
0,0.08,0.25295,0.09439,5-6 hours,"LKR 9,000 - 12,000"
1,0.04,0.09471,0.04986,4-5 hours,"LKR 7,000 - 9,000"
1,0.04,0.13452,0.08926,4-5 hours,"LKR 7,000 - 9,000"
1,0.04,0.12612,0.08806,4-5 hours,"LKR 7,000 - 9,000"
1,0.04,0.06538,0.07569,4-5 hours,"LKR 7,000 - 9,000"
0,0.08,0.21088,0.11556,5-6 hours,"LKR 9,000 - 12,000"
1,0.04,0.06422,0.08152,4-5 hours,"LKR 7,000 - 9,000"
0,0.04233,0.13322,0.09445,4-5 hours,"LKR 7,000 - 9,000"
0,0.08,0.13355,0.136,5-6 hours,"LKR 9,000 - 12,000"
1,0.04,0.09077,0.06755,4-5 hours,"LKR 7,000 - 9,000"
2,0.1,0.23155,0.12418,5-6 hours,"LKR 9,000 - 12,000"
2,0.1,0.17327,0.19192,5-6 hours,"LKR 9,000 - 12,000"
1,0.04,0.12669,0.08888,4-5 hours,"LKR 7,000 - 9,000"
0,0.08,0.22813,0.15898,6-7 hours,"LKR 12,000 - 15,000"
0,0.08,0.18707,0.10018,5-6 hours,"LKR 9,000 - 12,000"
1,0.04,0.07764,0.09317,4-5 hours,"LKR 7,000 - 9,000"
2,0.1,0.25626,0.20162,5-6 hours,"LKR 9,000 - 12,000"
1,0.04,0.12757,0.06588,4-5 hours,"LKR 7,000 - 9,000"
2,0.1,0.21169,0.18596,5-6 hours,"LKR 9,000 - 12,000"
0,0.08,0.24887,0.19361,5-6 hours,"LKR 9,000 - 12,000"
1,0.04,0.06963,0.09631,4-5 hours,"LKR 7,000 - 9,000"
1,0.04,0.07282,0.05026,4-5 hours,"LKR 7,000 - 9,000"
1,0.04,0.1082,0.04978,4-5 hours,"LKR 7,000 - 9,000"
0,0.08,0.18714,0.08607,6-7 hours,"LKR 12,000 - 15,000"
1,0.04,0.12299,0.05839,5-6 hours,"LKR 9,000 - 12,000"
1,0.04,0.11676,0.05629,4-5 hours,"LKR 7,000 - 9,000"
0,0.08,0.2489,0.10692,5-6 hours,"LKR 9,000 - 12,000"
1,0.04,0.0994,0.06653,4-5 hours,"LKR 7,000 - 9,000"
0,0.08,0.24163,0.09847,5-6 hours,"LKR 9,000 - 12,000"
0,0.03989,0.0626,0.06334,4-5 hours,"LKR 7,000 - 9,000"
0,0.07815,0.1637,0.10512,5-6 hours,"LKR 9,000 - 12,000"
0,0.08,0.18352,0.09876,5-6 hours,"LKR 9,000 - 12,000"
0,0.08,0.14499,0.19861,5-6 hours,"LKR 9,000 - 12,000"
1,0.04,0.09741,0.07716,4-5 hours,"LKR 7,000 - 9,000"
0,0.08,0.26951,0.16269,5-6 hours,"LKR 9,000 - 12,000"
1,0.04,0.12924,0.04617,4-5 hours,"LKR 7,000 - 9,000"
2,0.1,0.26885,0.19047,5-6 hours,"LKR 9,000 - 12,000"
1,0.04,0.11539,0.054,4-5 hours,"LKR 7,000 - 9,000"
1,0.04,0.11873,0.06048,4-5 hours,"LKR 7,000 - 9,000"
2,0.1,0.20172,0.10418,5-6 hours,"LKR 9,000 - 12,000"
0,0.08,0.27445,0.08605,5-6 hours,"LKR 9,000 - 12,000"
1,0.04,0.10807,0.06046,4-5 hours,"LKR 7,000 - 9,000"
0,0.08,0.23165,0.18803,5-6 hours,"LKR 9,000 - 12,000"
1,0.04,0.08176,0.05307,4-5 hours,"LKR 7,000 - 9,000"
1,0.04,0.08742,0.04807,5-6 hours,"LKR 9,000 - 12,000"
1,0.04,0.11832,0.08679,4-5 hours,"LKR 7,000 - 9,000"
0,0.08,0.20645,0.18214,5-6 hours,"LKR 9,000 - 12,000"
1,0.04,0.10857,0.06332,4-5 hours,"LKR 7,000 - 9,000"
0,0.08,0.25978,0.19947,5-6 hours,"LKR 9,000 - 12,000"
1,0.04,0.11458,0.05891,4-5 hours,"LKR 7,000 - 9,000"
1,0.01701,0.05116,0.03929,3-4 hours,"LKR 5,000 - 7,000"
1,0.04,0.128,0.05177,4-5 hours,"LKR 7,000 - 9,000"
2,0.0216,0.03611,0.02344,4-5 hours,"LKR 7,000 - 9,000"
1,0.04,0.06333,0.06989,4-5 hours,"LKR 7,000 - 9,000"
0,0.04714,0.12568,0.09877,4-5 hours,"LKR 7,000 - 9,000"
1,0.04,0.08869,0.09468,5-6 hours,"LKR 9,000 - 12,000"
0,0.06884,0.19629,0.10973,5-6 hours,"LKR 9,000 - 12,000"
0,0.08,0.18045,0.08744,5-6 hours,"LKR 9,000 - 12,000"
1,0.04,0.06921,0.093,4-5 hours,"LKR 7,000 - 9,000"
0,0.05975,0.18686,0.14404,5-6 hours,"LKR 9,000 - 12,000"
2,0.06514,0.15002,0.09818,5-6 hours,"LKR 9,000 - 12,000"
0,0.08,0.20838,0.15143,5-6 hours,"LKR 9,000 - 12,000"
1,0.04,0.10527,0.09448,4-5 hours,"LKR 7,000 - 9,000"
0,0.08,0.1329,0.19275,5-6 hours,"LKR 9,000 - 12,000"
1,0.04,0.12629,0.08701,4-5 hours,"LKR 7,000 - 9,000"
2,0.1,0.23108,0.17744,5-6 hours,"LKR 9,000 - 12,000"
2,0.08982,0.1387,0.2222,6-7 hours,"LKR 12,000 - 15,000"
1,0.04,0.09048,0.04327,4-5 hours,"LKR 7,000 - 9,000"
2,0.1,0.3141,0.22395,5-6 hours,"LKR 9,000 - 12,000"
0,0.0336,0.10312,0.06377,4-5 hours,"LKR 7,000 - 9,000"
2,0.1,0.26432,0.12773,6-7 hours,"LKR 12,000 - 15,000"
1,0.04,0.06641,0.06651,4-5 hours,"LKR 7,000 - 9,000"
0,0.08,0.20187,0.138,5-6 hours,"LKR 9,000 - 12,000"
1,0.04,0.10591,0.07396,4-5 hours,"LKR 7,000 - 9,000"
1,0.04,0.13568,0.09053,4-5 hours,"LKR 7,000 - 9,000"
0,0.08,0.27832,0.16212,5-6 hours,"LKR 9,000 - 12,000"
0,0.08,0.22727,0.15702,5-6 hours,"LKR 9,000 - 12,000"
0,0.08,0.17046,0.12718,5-6 hours,"LKR 9,000 - 12,000"
0,0.08,0.19601,0.19069,6-7 hours,"LKR 12,000 - 15,000"
0,0.08,0.15595,0.12792,5-6 hours,"LKR 9,000 - 12,000"
2,0.1,0.234,0.18675,5-6 hours,"LKR 9,000 - 12,000"
1,0.04,0.09327,0.07292,4-5 hours,"LKR 7,000 - 9,000"
1,0.04,0.07064,0.04952,4-5 hours,"LKR 7,000 - 9,000"
2,0.08898,0.20792,0.13673,5-6 hours,"LKR 9,000 - 12,000"
1,0.02425,0.04656,0.05125,4-5 hours,"LKR 7,000 - 9,000"
0,0.08,0.21078,0.17555,5-6 hours,"LKR 9,000 - 12,000"
1,0.04,0.10794,0.07082,4-5 hours,"LKR 7,000 - 9,000"
0,0.08,0.21357,0.19298,5-6 hours,"LKR 9,000 - 12,000"
0,0.06781,0.17242,0.159,5-6 hours,"LKR 9,000 - 12,000"
0,0.08,0.24963,0.13156,5-6 hours,"LKR 9,000 - 12,000"
2,0.1,0.19937,0.14596,5-6 hours,"LKR 9,000 - 12,000"
1,0.04,0.07375,0.07108,4-5 hours,"LKR 7,000 - 9,000"
0,0.08,0.26924,0.08242,5-6 hours,"LKR 9,000 - 12,000"
2,0.1,0.33635,0.24954,5-6 hours,"LKR 9,000 - 12,000"
0,0.08,0.1421,0.18309,5-6 hours,"LKR 9,000 - 12,000"
1,0.04,0.09285,0.05258,4-5 hours,"LKR 7,000 - 9,000"
1,0.04,0.11533,0.09794,4-5 hours,"LKR 7,000 - 9,000"
0,0.08,0.20071,0.11746,5-6 hours,"LKR 9,000 - 12,000"
1,0.04,0.07589,0.087,4-5 hours,"LKR 7,000 - 9,000"
0,0.08,0.19779,0.09308,5-6 hours,"LKR 9,000 - 12,000"
0,0.07935,0.25508,0.17037,5-6 hours,"LKR 9,000 - 12,000"
1,0.04,0.11166,0.07063,4-5 hours,"LKR 7,000 - 9,000"
0,0.08,0.24029,0.17743,5-6 hours,"LKR 9,000 - 12,000"
0,0.08,0.22844,0.11028,5-6 hours,"LKR 9,000 - 12,000"
0,0.08,0.18134,0.10019,5-6 hours,"LKR 9,000 - 12,000"
1,0.04,0.09687,0.08972,4-5 hours,"LKR 7,000 - 9,000"
1,0.04,0.08904,0.09276,4-5 hours,"LKR 7,000 - 9,000"
0,0.08,0.16329,0.10986,5-6 hours,"LKR 9,000 - 12,000"
0,0.08,0.20708,0.19709,5-6 hours,"LKR 9,000 - 12,000"
0,0.08,0.20088,0.14093,5-6 hours,"LKR 9,000 - 12,000"
2,0.1,0.23303,0.16333,5-6 hours,"LKR 9,000 - 12,000"
0,0.08,0.16106,0.17025,5-6 hours,"LKR 9,000 - 12,000"
0,0.08,0.1752,0.08657,5-6 hours,"LKR 9,000 - 12,000"
0,0.08,0.13926,0.08811,5-6 hours,"LKR 9,000 - 12,000"
2,0.1,0.22496,0.1932,5-6 hours,"LKR 9,000 - 12,000"
0,0.08,0.1746,0.1333,5-6 hours,"LKR 9,000 - 12,000"
1,0.04,0.09866,0.09921,4-5 hours,"LKR 7,000 - 9,000"
0,0.08,0.12112,0.12842,5-6 hours,"LKR 9,000 - 12,000"
1,0.04,0.06545,0.05123,4-5 hours,"LKR 7,000 - 9,000"
0,0.0741,0.1842,0.11079,5-6 hours,"LKR 9,000 - 12,000"
2,0.1,0.18286,0.21747,5-6 hours,"LKR 9,000 - 12,000"
1,0.04,0.06623,0.09733,4-5 hours,"LKR 7,000 - 9,000"
2,0.1,0.33184,0.22294,5-6 hours,"LKR 9,000 - 12,000"
0,0.08,0.20713,0.09919,5-6 hours,"LKR 9,000 - 12,000"
0,0.03136,0.08753,0.03869,4-5 hours,"LKR 7,000 - 9,000"
0,0.08,0.2729,0.19444,5-6 hours,"LKR 9,000 - 12,000"
0,0.08,0.24216,0.09304,5-6 hours,"LKR 9,000 - 12,000"
0,0.08,0.14336,0.19257,5-6 hours,"LKR 9,000 - 12,000"
2,0.1,0.22119,0.12228,5-6 hours,"LKR 9,000 - 12,000"
1,0.04,0.08399,0.07857,4-5 hours,"LKR 7,000 - 9,000"
1,0.04,0.12408,0.05081,4-5 hours,"LKR 7,000 - 9,000"
2,0.1,0.27196,0.13612,5-6 hours,"LKR 9,000 - 12,000"
0,0.08,0.12097,0.13806,5-6 hours,"LKR 9,000 - 12,000"
0,0.08,0.26152,0.14648,5-6 hours,"LKR 9,000 - 12,000"
0,0.08,0.24157,0.12066,5-6 hours,"LKR 9,000 - 12,000"
1,0.04,0.11951,0.09515,4-5 hours,"LKR 7,000 - 9,000"
0,0.07508,0.16396,0.12393,5-6 hours,"LKR 9,000 - 12,000"
0,0.08,0.24882,0.1814,5-6 hours,"LKR 9,000 - 12,000"
0,0.08,0.17712,0.15617,5-6 hours,"LKR 9,000 - 12,000"
1,0.04,0.09861,0.05296,4-5 hours,"LKR 7,000 - 9,000"
1,0.04,0.102,0.08244,4-5 hours,"LKR 7,000 - 9,000"
0,0.00608,0.01581,0.01,2-3 hours,"LKR 3,000 - 5,000"
1,0.04,0.06548,0.09384,4-5 hours,"LKR 7,000 - 9,000"
0,0.08,0.25673,0.1208,5-6 hours,"LKR 9,000 - 12,000"
0,0.08,0.14648,0.16479,5-6 hours,"LKR 9,000 - 12,000"
1,0.04,0.11335,0.06612,4-5 hours,"LKR 7,000 - 9,000"
1,0.02363,0.04118,0.03436,3-4 hours,"LKR 5,000 - 7,000"
1,0.04,0.13759,0.08366,4-5 hours,"LKR 7,000 - 9,000"
1,0.03724,0.10074,0.06461,4-5 hours,"LKR 7,000 - 9,000"
0,0.05121,0.08552,0.08472,5-6 hours,"LKR 9,000 - 12,000"
0,0.08,0.26762,0.14028,5-6 hours,"LKR 9,000 - 12,000"
1,0.04,0.06096,0.07317,4-5 hours,"LKR 7,000 - 9,000"
0,0.08,0.18866,0.08899,5-6 hours,"LKR 9,000 - 12,000"
1,0.04,0.06496,0.07461,4-5 hours,"LKR 7,000 - 9,000"
0,0.08,0.12639,0.13389,5-6 hours,"LKR 9,000 - 12,000"
1,0.04,0.06796,0.086,4-5 hours,"LKR 7,000 - 9,000"
2,0.1,0.27615,0.16835,5-6 hours,"LKR 9,000 - 12,000"
1,0.04,0.09885,0.09477,4-5 hours,"LKR 7,000 - 9,000"
1,0.04,0.10118,0.04597,5-6 hours,"LKR 9,000 - 12,000"
2,0.1,0.33651,0.18635,5-6 hours,"LKR 9,000 - 12,000"
1,0.04,0.13194,0.07741,4-5 hours,"LKR 7,000 - 9,000"
0,0.08,0.24103,0.1369,5-6 hours,"LKR 9,000 - 12,000"
1,0.04,0.13877,0.05255,4-5 hours,"LKR 7,000 - 9,000"
0,0.08,0.12551,0.1335,5-6 hours,"LKR 9,000 - 12,000"
2,0.1,0.31591,0.12005,5-6 hours,"LKR 9,000 - 12,000"
1,0.04,0.08205,0.05993,4-5 hours,"LKR 7,000 - 9,000"
1,0.04,0.08262,0.05827,4-5 hours,"LKR 7,000 - 9,000"
1,0.04,0.07445,0.09686,4-5 hours,"LKR 7,000 - 9,000"
0,0.07634,0.22787,0.10249,6-7 hours,"LKR 12,000 - 15,000"
0,0.06392,0.10322,0.11985,5-6 hours,"LKR 9,000 - 12,000"
0,0.08,0.18572,0.14056,6-7 hours,"LKR 12,000 - 15,000"
1,0.04,0.09366,0.07012,4-5 hours,"LKR 7,000 - 9,000"
1,0.04,0.09801,0.06316,4-5 hours,"LKR 7,000 - 9,000"
1,0.04,0.13022,0.05224,4-5 hours,"LKR 7,000 - 9,000"
1,0.01899,0.04006,0.02448,3-4 hours,"LKR 5,000 - 7,000"
0,0.08,0.17324,0.19279,5-6 hours,"LKR 9,000 - 12,000"
2,0.0943,0.27529,0.23344,6-7 hours,"LKR 12,000 - 15,000"
0,0.06132,0.09465,0.13255,5-6 hours,"LKR 9,000 - 12,000"
0,0.03257,0.04954,0.06979,4-5 hours,"LKR 7,000 - 9,000"
0,0.01633,0.05369,0.02455,3-4 hours,"LKR 5,000 - 7,000"
2,0.1,0.34177,0.12142,5-6 hours,"LKR 9,000 - 12,000"
0,0.05807,0.13816,0.10254,5-6 hours,"LKR 9,000 - 12,000"
0,0.08,0.26554,0.08074,5-6 hours,"LKR 9,000 - 12,000"
2,0.1,0.23999,0.20394,5-6 hours,"LKR 9,000 - 12,000"
2,0.1,0.18383,0.24662,5-6 hours,"LKR 9,000 - 12,000"
0,0.08,0.20243,0.19883,5-6 hours,"LKR 9,000 - 12,000"
0,0.05336,0.12612,0.11593,5-6 hours,"LKR 9,000 - 12,000"
1,0.03624,0.07062,0.06367,4-5 hours,"LKR 7,000 - 9,000"
0,0.08,0.25815,0.09673,5-6 hours,"LKR 9,000 - 12,000"
2,0.1,0.24158,0.15917,5-6 hours,"LKR 9,000 - 12,000"
0,0.08,0.19095,0.11852,5-6 hours,"LKR 9,000 - 12,000"
1,0.04,0.0909,0.06121,4-5 hours,"LKR 7,000 - 9,000"
0,0.08,0.18578,0.13337,5-6 hours,"LKR 9,000 - 12,000"
2,0.1,0.16772,0.20153,6-7 hours,"LKR 12,000 - 15,000"
1,0.04,0.12751,0.06762,4-5 hours,"LKR 7,000 - 9,000"
0,0.08,0.1401,0.11477,5-6 hours,"LKR 9,000 - 12,000"
0,0.08,0.18255,0.19717,5-6 hours,"LKR 9,000 - 12,000"
1,0.04,0.12867,0.09069,4-5 hours,"LKR 7,000 - 9,000"
1,0.04,0.09273,0.05976,4-5 hours,"LKR 7,000 - 9,000"
1,0.04,0.11816,0.08158,4-5 hours,"LKR 7,000 - 9,000"
0,0.08,0.24029,0.14819,5-6 hours,"LKR 9,000 - 12,000"
0,0.08,0.22108,0.14225,6-7 hours,"LKR 12,000 - 15,000"
0,0.02605,0.05589,0.03613,4-5 hours,"LKR 7,000 - 9,000"
0,0.08,0.24284,0.09368,5-6 hours,"LKR 9,000 - 12,000"
1,0.04,0.06275,0.07834,5-6 hours,"LKR 9,000 - 12,000"
0,0.08,0.2472,0.0996,5-6 hours,"LKR 9,000 - 12,000"
0,0.08,0.22393,0.18416,5-6 hours,"LKR 9,000 - 12,000"
1,0.04,0.10883,0.0901,4-5 hours,"LKR 7,000 - 9,000"
0,0.06623,0.23151,0.09242,5-6 hours,"LKR 9,000 - 12,000"
2,0.1,0.16306,0.22328,5-6 hours,"LKR 9,000 - 12,000"
1,0.04,0.09513,0.0424,4-5 hours,"LKR 7,000 - 9,000"
1,0.04,0.09752,0.09571,4-5 hours,"LKR 7,000 - 9,000"
0,0.08,0.19646,0.12263,5-6 hours,"LKR 9,000 - 12,000"
1,0.04,0.11244,0.04239,4-5 hours,"LKR 7,000 - 9,000"
2,0.1,0.28415,0.22319,5-6 hours,"LKR 9,000 - 12,000"
0,0.08,0.26578,0.17846,5-6 hours,"LKR 9,000 - 12,000"
0,0.08,0.13462,0.1708,5-6 hours,"LKR 9,000 - 12,000"
0,0.08,0.25446,0.0821,6-7 hours,"LKR 12,000 - 15,000"
1,0.04,0.08194,0.0416,4-5 hours,"LKR 7,000 - 9,000"
1,0.04,0.0882,0.04757,4-5 hours,"LKR 7,000 - 9,000"
1,0.04,0.1063,0.0771,4-5 hours,"LKR 7,000 - 9,000"
1,0.04,0.08513,0.09748,5-6 hours,"LKR 9,000 - 12,000"
1,0.04,0.09955,0.09489,4-5 hours,"LKR 7,000 - 9,000"
0,0.08,0.22335,0.10795,5-6 hours,"LKR 9,000 - 12,000"
1,0.04,0.09244,0.09905,4-5 hours,"LKR 7,000 - 9,000"
0,0.08,0.16251,0.1875,5-6 hours,"LKR 9,000 - 12,000"
1,0.04,0.08413,0.0513,4-5 hours,"LKR 7,000 - 9,000"
0,0.08,0.22295,0.10366,6-7 hours,"LKR 12,000 - 15,000"
0,0.08,0.22923,0.15545,5-6 hours,"LKR 9,000 - 12,000"
0,0.08,0.27866,0.09963,5-6 hours,"LKR 9,000 - 12,000"
1,0.04,0.12246,0.09461,4-5 hours,"LKR 7,000 - 9,000"
1,0.04,0.13489,0.09645,4-5 hours,"LKR 7,000 - 9,000"
2,0.1,0.33244,0.19498,5-6 hours,"LKR 9,000 - 12,000"
0,0.08,0.15761,0.15827,5-6 hours,"LKR 9,000 - 12,000"
1,0.04,0.07691,0.05591,4-5 hours,"LKR 7,000 - 9,000"
2,0.1,0.34549,0.24465,5-6 hours,"LKR 9,000 - 12,000"
0,0.08,0.13414,0.12107,5-6 hours,"LKR 9,000 - 12,000"
1,0.04,0.06963,0.07485,4-5 hours,"LKR 7,000 - 9,000"
0,0.08,0.14783,0.12335,5-6 hours,"LKR 9,000 - 12,000"
0,0.08,0.25057,0.13185,5-6 hours,"LKR 9,000 - 12,000"
1,0.04,0.09339,0.04866,5-6 hours,"LKR 9,000 - 12,000"
0,0.06359,0.13609,0.11187,5-6 hours,"LKR 9,000 - 12,000"
2,0.1,0.17878,0.10129,6-7 hours,"LKR 12,000 - 15,000"
1,0.04,0.11745,0.06656,4-5 hours,"LKR 7,000 - 9,000"
0,0.08,0.22048,0.17959,5-6 hours,"LKR 9,000 - 12,000"
0,0.08,0.15268,0.15522,5-6 hours,"LKR 9,000 - 12,000"
2,0.1,0.24023,0.2078,5-6 hours,"LKR 9,000 - 12,000"
0,0.08,0.17367,0.19427,5-6 hours,"LKR 9,000 - 12,000"
1,0.04,0.10984,0.06681,4-5 hours,"LKR 7,000 - 9,000"
0,0.08,0.18703,0.14207,6-7 hours,"LKR 12,000 - 15,000"
2,0.06947,0.23839,0.08768,5-6 hours,"LKR 9,000 - 12,000"
0,0.08,0.2628,0.08944,5-6 hours,"LKR 9,000 - 12,000"
0,0.08,0.16501,0.12934,5-6 hours,"LKR 9,000 - 12,000"
0,0.08,0.25207,0.09759,5-6 hours,"LKR 9,000 - 12,000"
1,0.04,0.0895,0.08618,4-5 hours,"LKR 7,000 - 9,000"
0,0.08,0.26361,0.18893,6-7 hours,"LKR 12,000 - 15,000"
2,0.1,0.32003,0.14337,5-6 hours,"LKR 9,000 - 12,000"
0,0.08,0.12272,0.19524,6-7 hours,"LKR 12,000 - 15,000"
0,0.08,0.25163,0.08159,5-6 hours,"LKR 9,000 - 12,000"
0,0.08,0.24242,0.13823,5-6 hours,"LKR 9,000 - 12,000"
1,0.04,0.13699,0.0711,5-6 hours,"LKR 9,000 - 12,000"
1,0.04,0.10015,0.0673,4-5 hours,"LKR 7,000 - 9,000"
0,0.08,0.25653,0.18274,6-7 hours,"LKR 12,000 - 15,000"
0,0.08,0.13619,0.15478,5-6 hours,"LKR 9,000 - 12,000"
1,0.04,0.12989,0.04761,4-5 hours,"LKR 7,000 - 9,000"
1,0.04,0.12071,0.04635,4-5 hours,"LKR 7,000 - 9,000"
1,0.04,0.09154,0.09089,4-5 hours,"LKR 7,000 - 9,000"
0,0.08,0.17333,0.13903,5-6 hours,"LKR 9,000 - 12,000"
0,0.08,0.15822,0.19391,5-6 hours,"LKR 9,000 - 12,000"
0,0.03247,0.08403,0.05933,4-5 hours,"LKR 7,000 - 9,000"
0,0.08,0.19324,0.17114,5-6 hours,"LKR 9,000 - 12,000"
1,0.04,0.1051,0.0523,4-5 hours,"LKR 7,000 - 9,000"
0,0.08,0.23563,0.11831,5-6 hours,"LKR 9,000 - 12,000"
0,0.08,0.271,0.19718,5-6 hours,"LKR 9,000 - 12,000"
2,0.05096,0.17727,0.07123,5-6 hours,"LKR 9,000 - 12,000"
0,0.08,0.16555,0.12512,5-6 hours,"LKR 9,000 - 12,000"
1,0.04,0.12415,0.06798,4-5 hours,"LKR 7,000 - 9,000"
0,0.08,0.19798,0.15501,5-6 hours,"LKR 9,000 - 12,000"
1,0.04,0.0626,0.0846,4-5 hours,"LKR 7,000 - 9,000"
0,0.08,0.17957,0.11056,5-6 hours,"LKR 9,000 - 12,000"
0,0.08,0.20432,0.14739,5-6 hours,"LKR 9,000 - 12,000"
0,0.08,0.27522,0.08264,5-6 hours,"LKR 9,000 - 12,000"
1,0.04,0.11142,0.08696,4-5 hours,"LKR 7,000 - 9,000"
1,0.04,0.0658,0.0822,4-5 hours,"LKR 7,000 - 9,000"
2,0.1,0.21744,0.16034,6-7 hours,"LKR 12,000 - 15,000"
0,0.08,0.24851,0.09841,5-6 hours,"LKR 9,000 - 12,000"
0,0.08,0.17868,0.0927,5-6 hours,"LKR 9,000 - 12,000"
0,0.08,0.14792,0.12544,5-6 hours,"LKR 9,000 - 12,000"
1,0.04,0.06759,0.07265,4-5 hours,"LKR 7,000 - 9,000"
1,0.04,0.06689,0.06783,4-5 hours,"LKR 7,000 - 9,000"
0,0.08,0.22616,0.18035,5-6 hours,"LKR 9,000 - 12,000"
0,0.08,0.20014,0.19777,6-7 hours,"LKR 12,000 - 15,000"
0,0.03578,0.09298,0.06749,4-5 hours,"LKR 7,000 - 9,000"
0,0.08,0.21002,0.17146,5-6 hours,"LKR 9,000 - 12,000"
0,0.08,0.19235,0.09713,5-6 hours,"LKR 9,000 - 12,000"
2,0.1,0.16665,0.20868,5-6 hours,"LKR 9,000 - 12,000"
1,0.04,0.09545,0.06257,4-5 hours,"LKR 7,000 - 9,000"
1,0.04,0.08156,0.05665,4-5 hours,"LKR 7,000 - 9,000"
1,0.04,0.10076,0.07274,4-5 hours,"LKR 7,000 - 9,000"
0,0.08,0.23475,0.14457,5-6 hours,"LKR 9,000 - 12,000"
0,0.08,0.1658,0.1097,5-6 hours,"LKR 9,000 - 12,000"
1,0.04,0.1384,0.07578,4-5 hours,"LKR 7,000 - 9,000"
0,0.08,0.27495,0.14487,5-6 hours,"LKR 9,000 - 12,000"
2,0.1,0.24396,0.16832,5-6 hours,"LKR 9,000 - 12,000"
0,0.08,0.17414,0.19226,5-6 hours,"LKR 9,000 - 12,000"
0,0.08,0.15947,0.13515,5-6 hours,"LKR 9,000 - 12,000"
1,0.04,0.09309,0.08501,4-5 hours,"LKR 7,000 - 9,000"
2,0.1,0.32139,0.20263,5-6 hours,"LKR 9,000 - 12,000"
0,0.08,0.27051,0.08573,5-6 hours,"LKR 9,000 - 12,000"
2,0.1,0.33308,0.21429,5-6 hours,"LKR 9,000 - 12,000"
2,0.1,0.18138,0.24213,5-6 hours,"LKR 9,000 - 12,000"
0,0.08,0.20243,0.17296,5-6 hours,"LKR 9,000 - 12,000"
1,0.02209,0.03457,0.04181,3-4 hours,"LKR 5,000 - 7,000"
2,0.1,0.34937,0.16455,5-6 hours,"LKR 9,000 - 12,000"
2,0.1,0.21946,0.13978,5-6 hours,"LKR 9,000 - 12,000"
2,0.1,0.16411,0.2401,5-6 hours,"LKR 9,000 - 12,000"
1,0.04,0.13397,0.07103,4-5 hours,"LKR 7,000 - 9,000"
1,0.04,0.0608,0.05169,4-5 hours,"LKR 7,000 - 9,000"
2,0.1,0.20979,0.16162,5-6 hours,"LKR 9,000 - 12,000"
2,0.1,0.30609,0.13018,6-7 hours,"LKR 12,000 - 15,000"
0,0.08,0.22931,0.08628,5-6 hours,"LKR 9,000 - 12,000"
1,0.04,0.11817,0.09885,4-5 hours,"LKR 7,000 - 9,000"
0,0.08,0.27977,0.08298,5-6 hours,"LKR 9,000 - 12,000"
0,0.08,0.12146,0.08905,5-6 hours,"LKR 9,000 - 12,000"
1,0.04,0.1244,0.09804,4-5 hours,"LKR 7,000 - 9,000"
0,0.08,0.19073,0.12009,5-6 hours,"LKR 9,000 - 12,000"
1,0.04,0.13641,0.05441,4-5 hours,"LKR 7,000 - 9,000"
0,0.0646,0.16927,0.10205,5-6 hours,"LKR 9,000 - 12,000"
1,0.04,0.10551,0.0929,4-5 hours,"LKR 7,000 - 9,000"
1,0.04,0.06393,0.05146,4-5 hours,"LKR 7,000 - 9,000"
0,0.08,0.16357,0.0941,5-6 hours,"LKR 9,000 - 12,000"
2,0.1,0.31142,0.17849,5-6 hours,"LKR 9,000 - 12,000"
0,0.08,0.24226,0.10974,6-7 hours,"LKR 12,000 - 15,000"
0,0.07676,0.22651,0.08979,5-6 hours,"LKR 9,000 - 12,000"
0,0.08,0.23086,0.1467,5-6 hours,"LKR 9,000 - 12,000"
0,0.08,0.17408,0.18882,5-6 hours,"LKR 9,000 - 12,000"
0,0.08,0.26316,0.11212,5-6 hours,"LKR 9,000 - 12,000"
2,0.1,0.323,0.14809,5-6 hours,"LKR 9,000 - 12,000"
0,0.05507,0.11523,0.10234,5-6 hours,"LKR 9,000 - 12,000"
0,0.08,0.23911,0.09824,5-6 hours,"LKR 9,000 - 12,000"
0,0.08,0.2574,0.15605,5-6 hours,"LKR 9,000 - 12,000"
1,0.04,0.08475,0.08165,5-6 hours,"LKR 9,000 - 12,000"
0,0.08,0.15484,0.16124,5-6 hours,"LKR 9,000 - 12,000"
1,0.04,0.08358,0.07427,4-5 hours,"LKR 7,000 - 9,000"
0,0.08,0.20721,0.15938,5-6 hours,"LKR 9,000 - 12,000"
0,0.08,0.18642,0.09072,5-6 hours,"LKR 9,000 - 12,000"
0,0.08,0.18843,0.15153,6-7 hours,"LKR 12,000 - 15,000"
0,0.08,0.17514,0.09932,5-6 hours,"LKR 9,000 - 12,000"
2,0.1,0.34891,0.20188,6-7 hours,"LKR 12,000 - 15,000"
2,0.09116,0.15251,0.09136,5-6 hours,"LKR 9,000 - 12,000"
1,0.04,0.08281,0.08757,4-5 hours,"LKR 7,000 - 9,000"
2,0.1,0.324,0.19542,5-6 hours,"LKR 9,000 - 12,000"
0,0.08,0.12876,0.1226,5-6 hours,"LKR 9,000 - 12,000"
1,0.04,0.12441,0.09103,4-5 hours,"LKR 7,000 - 9,000"
1,0.04,0.08285,0.0977,4-5 hours,"LKR 7,000 - 9,000"
0,0.08,0.1943,0.13199,5-6 hours,"LKR 9,000 - 12,000"
1,0.02585,0.04147,0.02635,3-4 hours,"LKR 5,000 - 7,000"
0,0.08,0.23357,0.13787,5-6 hours,"LKR 9,000 - 12,000"
2,0.1,0.231,0.23973,6-7 hours,"LKR 12,000 - 15,000"
1,0.04,0.13744,0.09488,4-5 hours,"LKR 7,000 - 9,000"
0,0.08,0.13148,0.10721,5-6 hours,"LKR 9,000 - 12,000"
2,0.1,0.27678,0.11079,5-6 hours,"LKR 9,000 - 12,000"
2,0.1,0.18593,0.18671,5-6 hours,"LKR 9,000 - 12,000"
1,0.04,0.09477,0.05157,4-5 hours,"LKR 7,000 - 9,000"
1,0.04,0.09724,0.09659,4-5 hours,"LKR 7,000 - 9,000"
0,0.08,0.26412,0.1916,5-6 hours,"LKR 9,000 - 12,000"
0,0.05813,0.162,0.08102,6-7 hours,"LKR 12,000 - 15,000"
0,0.08,0.27646,0.10407,5-6 hours,"LKR 9,000 - 12,000"
0,0.08,0.18591,0.19213,6-7 hours,"LKR 12,000 - 15,000"
0,0.08,0.22386,0.16377,5-6 hours,"LKR 9,000 - 12,000"
0,0.08,0.19603,0.11807,5-6 hours,"LKR 9,000 - 12,000"
0,0.08,0.12751,0.14796,5-6 hours,"LKR 9,000 - 12,000"
0,0.08,0.1958,0.13361,6-7 hours,"LKR 12,000 - 15,000"
1,0.04,0.13648,0.07188,4-5 hours,"LKR 7,000 - 9,000"
2,0.05945,0.13225,0.11836,5-6 hours,"LKR 9,000 - 12,000"
0,0.08,0.18977,0.16984,5-6 hours,"LKR 9,000 - 12,000"
1,0.04,0.08426,0.06577,4-5 hours,"LKR 7,000 - 9,000"
0,0.08,0.21276,0.16004,5-6 hours,"LKR 9,000 - 12,000"
0,0.08,0.24268,0.12208,5-6 hours,"LKR 9,000 - 12,000"
1,0.04,0.07532,0.07026,4-5 hours,"LKR 7,000 - 9,000"
0,0.08,0.25069,0.19515,5-6 hours,"LKR 9,000 - 12,000"
1,0.04,0.07218,0.08,4-5 hours,"LKR 7,000 - 9,000"
1,0.02225,0.05335,0.0402,3-4 hours,"LKR 5,000 - 7,000"
1,0.04,0.09064,0.08377,5-6 hours,"LKR 9,000 - 12,000"
0,0.08,0.19741,0.13885,5-6 hours,"LKR 9,000 - 12,000"
1,0.04,0.10162,0.08063,4-5 hours,"LKR 7,000 - 9,000"
0,0.08,0.14927,0.12381,5-6 hours,"LKR 9,000 - 12,000"
1,0.04,0.11099,0.0734,4-5 hours,"LKR 7,000 - 9,000"
0,0.08,0.12294,0.15848,5-6 hours,"LKR 9,000 - 12,000"
0,0.08,0.2148,0.18027,6-7 hours,"LKR 12,000 - 15,000"
0,0.04056,0.0807,0.09419,4-5 hours,"LKR 7,000 - 9,000"
1,0.04,0.13265,0.08826,5-6 hours,"LKR 9,000 - 12,000"
1,0.04,0.13036,0.0646,4-5 hours,"LKR 7,000 - 9,000"
0,0.08,0.19374,0.16056,5-6 hours,"LKR 9,000 - 12,000"
0,0.08,0.14021,0.19349,5-6 hours,"LKR 9,000 - 12,000"
1,0.04,0.07752,0.06658,4-5 hours,"LKR 7,000 - 9,000"
1,0.04,0.09694,0.05887,4-5 hours,"LKR 7,000 - 9,000"
1,0.04,0.06416,0.09158,4-5 hours,"LKR 7,000 - 9,000"
0,0.08,0.23996,0.09162,5-6 hours,"LKR 9,000 - 12,000"
2,0.1,0.23191,0.21701,5-6 hours,"LKR 9,000 - 12,000"
0,0.08,0.21681,0.14719,5-6 hours,"LKR 9,000 - 12,000"
1,0.04,0.12129,0.09595,4-5 hours,"LKR 7,000 - 9,000"
0,0.08,0.14937,0.11033,5-6 hours,"LKR 9,000 - 12,000"
0,0.08,0.20146,0.09769,5-6 hours,"LKR 9,000 - 12,000"
1,0.04,0.07958,0.04789,4-5 hours,"LKR 7,000 - 9,000"
2,0.1,0.25878,0.15078,5-6 hours,"LKR 9,000 - 12,000"
1,0.04,0.13245,0.04719,4-5 hours,"LKR 7,000 - 9,000"
0,0.08,0.24999,0.18241,5-6 hours,"LKR 9,000 - 12,000"
0,0.08,0.12702,0.16644,5-6 hours,"LKR 9,000 - 12,000"
0,0.08,0.13268,0.10298,5-6 hours,"LKR 9,000 - 12,000"
0,0.08,0.12375,0.13162,5-6 hours,"LKR 9,000 - 12,000"
0,0.08,0.12857,0.09686,5-6 hours,"LKR 9,000 - 12,000"
0,0.08,0.25479,0.16668,6-7 hours,"LKR 12,000 - 15,000"
0,0.06419,0.15886,0.09924,5-6 hours,"LKR 9,000 - 12,000"
0,0.04701,0.15643,0.10575,4-5 hours,"LKR 7,000 - 9,000"
1,0.0171,0.05949,0.01811,3-4 hours,"LKR 5,000 - 7,000"
0,0.01888,0.03564,0.02496,3-4 hours,"LKR 5,000 - 7,000"
0,0.04681,0.11876,0.07155,4-5 hours,"LKR 7,000 - 9,000"
0,0.08,0.1834,0.16326,5-6 hours,"LKR 9,000 - 12,000"
1,0.04,0.13525,0.05976,5-6 hours,"LKR 9,000 - 12,000"
0,0.05935,0.2013,0.0769,5-6 hours,"LKR 9,000 - 12,000"
1,0.04,0.08986,0.06959,4-5 hours,"LKR 7,000 - 9,000"
0,0.08,0.21667,0.09452,6-7 hours,"LKR 12,000 - 15,000"
1,0.04,0.07398,0.09923,4-5 hours,"LKR 7,000 - 9,000"
1,0.04,0.0939,0.07899,5-6 hours,"LKR 9,000 - 12,000"
1,0.02075,0.06828,0.04211,3-4 hours,"LKR 5,000 - 7,000"
0,0.08,0.15469,0.16035,5-6 hours,"LKR 9,000 - 12,000"
0,0.02794,0.08803,0.04828,4-5 hours,"LKR 7,000 - 9,000"
0,0.0739,0.1723,0.12591,5-6 hours,"LKR 9,000 - 12,000"
0,0.08,0.19362,0.10321,5-6 hours,"LKR 9,000 - 12,000"
0,0.08,0.14039,0.15671,6-7 hours,"LKR 12,000 - 15,000"
0,0.03779,0.07603,0.07468,4-5 hours,"LKR 7,000 - 9,000"
1,0.02989,0.10456,0.05715,3-4 hours,"LKR 5,000 - 7,000"
0,0.08,0.17893,0.12481,5-6 hours,"LKR 9,000 - 12,000"
1,0.04,0.06307,0.09225,4-5 hours,"LKR 7,000 - 9,000"
0,0.08,0.19148,0.12116,5-6 hours,"LKR 9,000 - 12,000"
0,0.08,0.1375,0.12767,5-6 hours,"LKR 9,000 - 12,000"
1,0.04,0.10343,0.08997,4-5 hours,"LKR 7,000 - 9,000"
0,0.08,0.21707,0.19165,5-6 hours,"LKR 9,000 - 12,000"
2,0.1,0.20705,0.13588,5-6 hours,"LKR 9,000 - 12,000"
0,0.03869,0.08549,0.07424,4-5 hours,"LKR 7,000 - 9,000"
1,0.04,0.07797,0.07001,4-5 hours,"LKR 7,000 - 9,000"
1,0.04,0.07535,0.04367,4-5 hours,"LKR 7,000 - 9,000"
2,0.04326,0.14673,0.0698,5-6 hours,"LKR 9,000 - 12,000"
0,0.08,0.20457,0.17727,5-6 hours,"LKR 9,000 - 12,000"
1,0.04,0.13359,0.04331,4-5 hours,"LKR 7,000 - 9,000"
0,0.08,0.12134,0.10023,5-6 hours,"LKR 9,000 - 12,000"
1,0.04,0.0601,0.04721,4-5 hours,"LKR 7,000 - 9,000"
1,0.04,0.07536,0.0904,4-5 hours,"LKR 7,000 - 9,000"
2,0.1,0.26605,0.23561,5-6 hours,"LKR 9,000 - 12,000"
1,0.04,0.08505,0.05073,4-5 hours,"LKR 7,000 - 9,000"
0,0.08,0.2754,0.13256,5-6 hours,"LKR 9,000 - 12,000"
1,0.04,0.13117,0.06643,4-5 hours,"LKR 7,000 - 9,000"
1,0.04,0.11339,0.04263,4-5 hours,"LKR 7,000 - 9,000"
1,0.04,0.09506,0.05576,4-5 hours,"LKR 7,000 - 9,000"
1,0.04,0.06578,0.04885,5-6 hours,"LKR 9,000 - 12,000"
1,0.04,0.09816,0.07854,5-6 hours,"LKR 9,000 - 12,000"
1,0.04,0.11142,0.08157,4-5 hours,"LKR 7,000 - 9,000"
0,0.08,0.20282,0.14935,5-6 hours,"LKR 9,000 - 12,000"
2,0.1,0.16873,0.21521,5-6 hours,"LKR 9,000 - 12,000"
0,0.08,0.26976,0.16137,5-6 hours,"LKR 9,000 - 12,000"
1,0.04,0.06393,0.04186,4-5 hours,"LKR 7,000 - 9,000"
1,0.04,0.06579,0.09725,4-5 hours,"LKR 7,000 - 9,000"
2,0.1,0.15107,0.21224,5-6 hours,"LKR 9,000 - 12,000"
0,0.08,0.20439,0.09694,6-7 hours,"LKR 12,000 - 15,000"
1,0.04,0.11322,0.04472,4-5 hours,"LKR 7,000 - 9,000"
0,0.08,0.1474,0.169,5-6 hours,"LKR 9,000 - 12,000"
1,0.02424,0.04834,0.05145,3-4 hours,"LKR 5,000 - 7,000"
2,0.1,0.22831,0.207,5-6 hours,"LKR 9,000 - 12,000"
1,0.04,0.10031,0.08253,4-5 hours,"LKR 7,000 - 9,000"
0,0.08,0.19288,0.0837,5-6 hours,"LKR 9,000 - 12,000"
0,0.08,0.1239,0.14977,5-6 hours,"LKR 9,000 - 12,000"
0,0.08,0.2699,0.09974,5-6 hours,"LKR 9,000 - 12,000"
0,0.08,0.23511,0.18255,5-6 hours,"LKR 9,000 - 12,000"
0,0.08,0.16056,0.19286,5-6 hours,"LKR 9,000 - 12,000"
1,0.04,0.09613,0.0914,4-5 hours,"LKR 7,000 - 9,000"
0,0.05559,0.10098,0.09358,5-6 hours,"LKR 9,000 - 12,000"
1,0.04,0.06538,0.06788,4-5 hours,"LKR 7,000 - 9,000"
1,0.04,0.08426,0.08188,4-5 hours,"LKR 7,000 - 9,000"
0,0.08,0.14182,0.1036,6-7 hours,"LKR 12,000 - 15,000"
0,0.07473,0.14104,0.11349,5-6 hours,"LKR 9,000 - 12,000"
0,0.08,0.2246,0.12645,5-6 hours,"LKR 9,000 - 12,000"
0,0.08,0.13675,0.17872,5-6 hours,"LKR 9,000 - 12,000"
0,0.04431,0.13751,0.07366,4-5 hours,"LKR 7,000 - 9,000"
1,0.04,0.10616,0.05327,4-5 hours,"LKR 7,000 - 9,000"
1,0.04,0.13045,0.06477,4-5 hours,"LKR 7,000 - 9,000"
0,0.08,0.1382,0.12932,5-6 hours,"LKR 9,000 - 12,000"
1,0.04,0.1218,0.05013,4-5 hours,"LKR 7,000 - 9,000"
1,0.04,0.10078,0.07512,4-5 hours,"LKR 7,000 - 9,000"
0,0.07434,0.16822,0.09005,5-6 hours,"LKR 9,000 - 12,000"
1,0.04,0.1315,0.07179,4-5 hours,"LKR 7,000 - 9,000"
1,0.04,0.10786,0.04186,4-5 hours,"LKR 7,000 - 9,000"
0,0.08,0.2026,0.09845,5-6 hours,"LKR 9,000 - 12,000"
1,0.04,0.11506,0.05318,4-5 hours,"LKR 7,000 - 9,000"
1,0.04,0.11238,0.05371,4-5 hours,"LKR 7,000 - 9,000"
0,0.08,0.26535,0.09254,5-6 hours,"LKR 9,000 - 12,000"
1,0.04,0.12052,0.05544,4-5 hours,"LKR 7,000 - 9,000"
0,0.08,0.22833,0.17267,5-6 hours,"LKR 9,000 - 12,000"
1,0.04,0.12411,0.06463,4-5 hours,"LKR 7,000 - 9,000"
0,0.08,0.17656,0.15707,5-6 hours,"LKR 9,000 - 12,000"
0,0.04958,0.10872,0.12193,4-5 hours,"LKR 7,000 - 9,000"
0,0.08,0.2332,0.08374,5-6 hours,"LKR 9,000 - 12,000"
0,0.08,0.17381,0.10814,5-6 hours,"LKR 9,000 - 12,000"
1,0.04,0.09593,0.07424,4-5 hours,"LKR 7,000 - 9,000"
0,0.08,0.21752,0.15022,5-6 hours,"LKR 9,000 - 12,000"
0,0.08,0.22929,0.15929,5-6 hours,"LKR 9,000 - 12,000"
1,0.04,0.10258,0.09432,5-6 hours,"LKR 9,000 - 12,000"
0,0.03637,0.08284,0.03896,4-5 hours,"LKR 7,000 - 9,000"
1,0.04,0.09997,0.05831,4-5 hours,"LKR 7,000 - 9,000"
1,0.04,0.07374,0.07179,4-5 hours,"LKR 7,000 - 9,000"
1,0.04,0.07015,0.09602,4-5 hours,"LKR 7,000 - 9,000"
0,0.08,0.22903,0.08762,5-6 hours,"LKR 9,000 - 12,000"
2,0.1,0.27897,0.15609,5-6 hours,"LKR 9,000 - 12,000"
0,0.08,0.20548,0.17886,5-6 hours,"LKR 9,000 - 12,000"
2,0.1,0.23046,0.21749,5-6 hours,"LKR 9,000 - 12,000"
0,0.08,0.12836,0.16226,5-6 hours,"LKR 9,000 - 12,000"
0,0.08,0.22209,0.11458,5-6 hours,"LKR 9,000 - 12,000"
1,0.04,0.10161,0.06189,4-5 hours,"LKR 7,000 - 9,000"
0,0.08,0.22837,0.11475,5-6 hours,"LKR 9,000 - 12,000"
0,0.05127,0.14501,0.07089,5-6 hours,"LKR 9,000 - 12,000"
0,0.08,0.12253,0.14694,5-6 hours,"LKR 9,000 - 12,000"
1,0.04,0.1297,0.05155,5-6 hours,"LKR 9,000 - 12,000"
2,0.1,0.26787,0.17877,5-6 hours,"LKR 9,000 - 12,000"
0,0.08,0.23244,0.17512,5-6 hours,"LKR 9,000 - 12,000"
0,0.08,0.15458,0.1509,5-6 hours,"LKR 9,000 - 12,000"
1,0.04,0.08015,0.09886,4-5 hours,"LKR 7,000 - 9,000"
1,0.04,0.12535,0.04084,4-5 hours,"LKR 7,000 - 9,000"
0,0.08,0.13114,0.15067,5-6 hours,"LKR 9,000 - 12,000"
1,0.04,0.08684,0.09856,4-5 hours,"LKR 7,000 - 9,000"
0,0.05646,0.0931,0.09968,5-6 hours,"LKR 9,000 - 12,000"
1,0.04,0.10942,0.07867,5-6 hours,"LKR 9,000 - 12,000"
1,0.04,0.06323,0.05207,4-5 hours,"LKR 7,000 - 9,000"
0,0.08,0.12467,0.15261,5-6 hours,"LKR 9,000 - 12,000"
0,0.08,0.14095,0.16355,5-6 hours,"LKR 9,000 - 12,000"
0,0.08,0.25828,0.13575,5-6 hours,"LKR 9,000 - 12,000"
1,0.04,0.13528,0.06918,4-5 hours,"LKR 7,000 - 9,000"
1,0.04,0.13745,0.08518,4-5 hours,"LKR 7,000 - 9,000"
0,0.08,0.25639,0.14581,5-6 hours,"LKR 9,000 - 12,000"
0,0.08,0.25003,0.09591,5-6 hours,"LKR 9,000 - 12,000"
0,0.08,0.21894,0.09357,5-6 hours,"LKR 9,000 - 12,000"
0,0.08,0.14732,0.10722,5-6 hours,"LKR 9,000 - 12,000"
0,0.08,0.16127,0.13898,5-6 hours,"LKR 9,000 - 12,000"
0,0.07657,0.26175,0.15877,5-6 hours,"LKR 9,000 - 12,000"
1,0.04,0.09992,0.09589,4-5 hours,"LKR 7,000 - 9,000"
1,0.04,0.09588,0.09884,4-5 hours,"LKR 7,000 - 9,000"
0,0.02516,0.06651,0.03473,4-5 hours,"LKR 7,000 - 9,000"
0,0.08,0.16938,0.09564,5-6 hours,"LKR 9,000 - 12,000"
1,0.04,0.11126,0.06484,4-5 hours,"LKR 7,000 - 9,000"
0,0.06704,0.17633,0.15339,5-6 hours,"LKR 9,000 - 12,000"
1,0.04,0.1356,0.0485,4-5 hours,"LKR 7,000 - 9,000"
0,0.08,0.16326,0.17643,5-6 hours,"LKR 9,000 - 12,000"
0,0.08,0.15522,0.11383,5-6 hours,"LKR 9,000 - 12,000"
0,0.08,0.22459,0.19475,6-7 hours,"LKR 12,000 - 15,000"
0,0.08,0.13464,0.14167,5-6 hours,"LKR 9,000 - 12,000"
0,0.08,0.14973,0.19736,5-6 hours,"LKR 9,000 - 12,000"
1,0.04,0.08245,0.09833,4-5 hours,"LKR 7,000 - 9,000"
1,0.01788,0.03345,0.03535,3-4 hours,"LKR 5,000 - 7,000"
1,0.04,0.09619,0.06546,4-5 hours,"LKR 7,000 - 9,000"
0,0.08,0.22881,0.15622,5-6 hours,"LKR 9,000 - 12,000"
0,0.08,0.1418,0.18651,5-6 hours,"LKR 9,000 - 12,000"
2,0.1,0.22961,0.17705,5-6 hours,"LKR 9,000 - 12,000"
0,0.08,0.1849,0.16155,6-7 hours,"LKR 12,000 - 15,000"
1,0.04,0.11249,0.09291,4-5 hours,"LKR 7,000 - 9,000"
1,0.04,0.09145,0.06327,4-5 hours,"LKR 7,000 - 9,000"
0,0.08,0.17512,0.08739,5-6 hours,"LKR 9,000 - 12,000"
1,0.04,0.12989,0.08577,4-5 hours,"LKR 7,000 - 9,000"
1,0.0316,0.09418,0.05733,4-5 hours,"LKR 7,000 - 9,000"
0,0.08,0.2578,0.09856,5-6 hours,"LKR 9,000 - 12,000"
0,0.08,0.1869,0.18932,5-6 hours,"LKR 9,000 - 12,000"
0,0.05966,0.09192,0.11375,5-6 hours,"LKR 9,000 - 12,000"
2,0.05862,0.09201,0.0946,5-6 hours,"LKR 9,000 - 12,000"
1,0.04,0.12617,0.0655,4-5 hours,"LKR 7,000 - 9,000"
0,0.08,0.23498,0.10565,5-6 hours,"LKR 9,000 - 12,000"
0,0.06892,0.17741,0.08995,5-6 hours,"LKR 9,000 - 12,000"
2,0.1,0.26083,0.18383,5-6 hours,"LKR 9,000 - 12,000"
0,0.08,0.12961,0.11906,5-6 hours,"LKR 9,000 - 12,000"
1,0.04,0.08695,0.07513,4-5 hours,"LKR 7,000 - 9,000"
0,0.08,0.16221,0.08145,5-6 hours,"LKR 9,000 - 12,000"
1,0.04,0.13423,0.0897,4-5 hours,"LKR 7,000 - 9,000"
0,0.08,0.13085,0.16683,5-6 hours,"LKR 9,000 - 12,000"
0,0.08,0.20407,0.16298,5-6 hours,"LKR 9,000 - 12,000"
0,0.08,0.25852,0.16693,5-6 hours,"LKR 9,000 - 12,000"
0,0.08,0.16033,0.1345,5-6 hours,"LKR 9,000 - 12,000"
2,0.1,0.23637,0.10809,5-6 hours,"LKR 9,000 - 12,000"
1,0.04,0.08011,0.05041,4-5 hours,"LKR 7,000 - 9,000"
2,0.1,0.15392,0.20071,5-6 hours,"LKR 9,000 - 12,000"
2,0.1,0.22971,0.12552,5-6 hours,"LKR 9,000 - 12,000"
0,0.08,0.27579,0.10768,5-6 hours,"LKR 9,000 - 12,000"
0,0.08,0.21063,0.13661,5-6 hours,"LKR 9,000 - 12,000"
1,0.04,0.07125,0.083,4-5 hours,"LKR 7,000 - 9,000"
0,0.08,0.24218,0.11099,5-6 hours,"LKR 9,000 - 12,000"
2,0.1,0.1581,0.11844,5-6 hours,"LKR 9,000 - 12,000"
0,0.08,0.21379,0.12287,5-6 hours,"LKR 9,000 - 12,000"
0,0.04397,0.10038,0.06126,4-5 hours,"LKR 7,000 - 9,000"
0,0.0461,0.11554,0.0865,4-5 hours,"LKR 7,000 - 9,000"
0,0.08,0.12305,0.16789,5-6 hours,"LKR 9,000 - 12,000"
1,0.04,0.09855,0.04746,4-5 hours,"LKR 7,000 - 9,000"
0,0.08,0.25776,0.15387,6-7 hours,"LKR 12,000 - 15,000"
1,0.04,0.13337,0.04804,4-5 hours,"LKR 7,000 - 9,000"
0,0.08,0.21362,0.13315,6-7 hours,"LKR 12,000 - 15,000"
0,0.03366,0.07143,0.0387,4-5 hours,"LKR 7,000 - 9,000"
1,0.04,0.08577,0.07472,5-6 hours,"LKR 9,000 - 12,000"
2,0.1,0.27134,0.19402,5-6 hours,"LKR 9,000 - 12,000"
1,0.04,0.0667,0.06897,4-5 hours,"LKR 7,000 - 9,000"
1,0.04,0.10922,0.08968,4-5 hours,"LKR 7,000 - 9,000"
1,0.04,0.07371,0.08006,4-5 hours,"LKR 7,000 - 9,000"
1,0.04,0.09699,0.0634,4-5 hours,"LKR 7,000 - 9,000"
2,0.1,0.19915,0.18654,5-6 hours,"LKR 9,000 - 12,000"
1,0.04,0.11159,0.09109,4-5 hours,"LKR 7,000 - 9,000"
2,0.1,0.26136,0.19923,5-6 hours,"LKR 9,000 - 12,000"
1,0.04,0.09437,0.07326,4-5 hours,"LKR 7,000 - 9,000"
1,0.04,0.111,0.07321,5-6 hours,"LKR 9,000 - 12,000"
1,0.04,0.08723,0.06859,4-5 hours,"LKR 7,000 - 9,000"
1,0.04,0.1104,0.06043,4-5 hours,"LKR 7,000 - 9,000"
1,0.04,0.06671,0.04314,4-5 hours,"LKR 7,000 - 9,000"
0,0.08,0.1976,0.11667,5-6 hours,"LKR 9,000 - 12,000"
0,0.08,0.17822,0.17999,5-6 hours,"LKR 9,000 - 12,000"
1,0.04,0.07162,0.05898,4-5 hours,"LKR 7,000 - 9,000"
0,0.08,0.2725,0.14201,5-6 hours,"LKR 9,000 - 12,000"
1,0.04,0.12873,0.0537,4-5 hours,"LKR 7,000 - 9,000"
0,0.08,0.19429,0.11041,5-6 hours,"LKR 9,000 - 12,000"
0,0.08,0.23852,0.1741,5-6 hours,"LKR 9,000 - 12,000"
1,0.04,0.1204,0.05976,4-5 hours,"LKR 7,000 - 9,000"
0,0.03663,0.10638,0.06482,4-5 hours,"LKR 7,000 - 9,000"
0,0.08,0.23459,0.09625,5-6 hours,"LKR 9,000 - 12,000"
0,0.08,0.20444,0.1448,5-6 hours,"LKR 9,000 - 12,000"
0,0.06414,0.14661,0.15666,5-6 hours,"LKR 9,000 - 12,000"
1,0.04,0.12213,0.07313,4-5 hours,"LKR 7,000 - 9,000"
0,0.08,0.27386,0.14138,5-6 hours,"LKR 9,000 - 12,000"
0,0.08,0.20696,0.13966,5-6 hours,"LKR 9,000 - 12,000"
0,0.02308,0.07657,0.04516,4-5 hours,"LKR 7,000 - 9,000"
0,0.08,0.16335,0.11428,5-6 hours,"LKR 9,000 - 12,000"
2,0.1,0.19637,0.21969,5-6 hours,"LKR 9,000 - 12,000"
0,0.08,0.23234,0.16651,5-6 hours,"LKR 9,000 - 12,000"
0,0.08,0.2382,0.19519,5-6 hours,"LKR 9,000 - 12,000"
1,0.04,0.13463,0.04457,4-5 hours,"LKR 7,000 - 9,000"
1,0.03543,0.05771,0.05682,5-6 hours,"LKR 9,000 - 12,000"
0,0.08,0.26391,0.19128,5-6 hours,"LKR 9,000 - 12,000"
2,0.1,0.33559,0.16811,5-6 hours,"LKR 9,000 - 12,000"
0,0.08,0.17356,0.16346,5-6 hours,"LKR 9,000 - 12,000"
1,0.04,0.07595,0.05846,5-6 hours,"LKR 9,000 - 12,000"
1,0.04,0.07938,0.05014,4-5 hours,"LKR 7,000 - 9,000"
0,0.05695,0.17775,0.06077,5-6 hours,"LKR 9,000 - 12,000"
0,0.08,0.22619,0.12573,5-6 hours,"LKR 9,000 - 12,000"
0,0.08,0.18688,0.19315,5-6 hours,"LKR 9,000 - 12,000"
0,0.08,0.18466,0.10658,5-6 hours,"LKR 9,000 - 12,000"
1,0.04,0.13006,0.08809,4-5 hours,"LKR 7,000 - 9,000"
0,0.08,0.23969,0.09668,5-6 hours,"LKR 9,000 - 12,000"
1,0.04,0.11667,0.06207,4-5 hours,"LKR 7,000 - 9,000"
0,0.06175,0.11853,0.1437,5-6 hours,"LKR 9,000 - 12,000"
0,0.07679,0.22201,0.16499,5-6 hours,"LKR 9,000 - 12,000"
1,0.04,0.08485,0.06766,4-5 hours,"LKR 7,000 - 9,000"
1,0.03944,0.06803,0.06002,4-5 hours,"LKR 7,000 - 9,000"
0,0.08,0.2567,0.16241,5-6 hours,"LKR 9,000 - 12,000"
1,0.04,0.10251,0.08833,4-5 hours,"LKR 7,000 - 9,000"
1,0.04,0.13011,0.05788,5-6 hours,"LKR 9,000 - 12,000"
0,0.06278,0.20875,0.08783,5-6 hours,"LKR 9,000 - 12,000"
1,0.04,0.09685,0.0693,5-6 hours,"LKR 9,000 - 12,000"
1,0.04,0.09257,0.05394,4-5 hours,"LKR 7,000 - 9,000"
0,0.06405,0.11022,0.109,6-7 hours,"LKR 12,000 - 15,000"
1,0.04,0.10393,0.07498,4-5 hours,"LKR 7,000 - 9,000"
2,0.1,0.31573,0.22343,5-6 hours,"LKR 9,000 - 12,000"
1,0.04,0.07839,0.04005,4-5 hours,"LKR 7,000 - 9,000"
0,0.08,0.12713,0.19647,5-6 hours,"LKR 9,000 - 12,000"
0,0.08,0.15023,0.18313,5-6 hours,"LKR 9,000 - 12,000"
0,0.08,0.12315,0.16828,5-6 hours,"LKR 9,000 - 12,000"
1,0.04,0.11519,0.09304,4-5 hours,"LKR 7,000 - 9,000"
2,0.1,0.20824,0.19213,5-6 hours,"LKR 9,000 - 12,000"
2,0.1,0.18584,0.19706,5-6 hours,"LKR 9,000 - 12,000"
0,0.08,0.23776,0.14682,5-6 hours,"LKR 9,000 - 12,000"
0,0.08,0.14565,0.14534,5-6 hours,"LKR 9,000 - 12,000"
0,0.08,0.23525,0.14353,5-6 hours,"LKR 9,000 - 12,000"
0,0.08,0.19371,0.1869,6-7 hours,"LKR 12,000 - 15,000"
2,0.1,0.23817,0.19514,5-6 hours,"LKR 9,000 - 12,000"
0,0.05591,0.13631,0.08393,5-6 hours,"LKR 9,000 - 12,000"
0,0.08,0.2714,0.168,5-6 hours,"LKR 9,000 - 12,000"
1,0.04,0.06578,0.08144,4-5 hours,"LKR 7,000 - 9,000"
0,0.08,0.25196,0.12826,5-6 hours,"LKR 9,000 - 12,000"
0,0.08,0.23885,0.0861,5-6 hours,"LKR 9,000 - 12,000"
0,0.06726,0.20907,0.08549,5-6 hours,"LKR 9,000 - 12,000"
0,0.08,0.1835,0.11155,5-6 hours,"LKR 9,000 - 12,000"
0,0.08,0.2436,0.10051,6-7 hours,"LKR 12,000 - 15,000"
1,0.04,0.11898,0.08198,4-5 hours,"LKR 7,000 - 9,000"
2,0.1,0.18809,0.16632,6-7 hours,"LKR 12,000 - 15,000"
0,0.07062,0.22911,0.07566,5-6 hours,"LKR 9,000 - 12,000"
0,0.08,0.15183,0.19236,6-7 hours,"LKR 12,000 - 15,000"
0,0.08,0.14115,0.12517,5-6 hours,"LKR 9,000 - 12,000"
1,0.04,0.07295,0.05496,4-5 hours,"LKR 7,000 - 9,000"
1,0.04,0.12538,0.07361,4-5 hours,"LKR 7,000 - 9,000"
0,0.08,0.23169,0.12655,5-6 hours,"LKR 9,000 - 12,000"
0,0.08,0.17263,0.141,6-7 hours,"LKR 12,000 - 15,000"
0,0.08,0.16769,0.12597,5-6 hours,"LKR 9,000 - 12,000"
2,0.1,0.2564,0.22136,5-6 hours,"LKR 9,000 - 12,000"
0,0.08,0.12042,0.13411,5-6 hours,"LKR 9,000 - 12,000"
1,0.04,0.09846,0.06993,4-5 hours,"LKR 7,000 - 9,000"
0,0.08,0.23425,0.16831,5-6 hours,"LKR 9,000 - 12,000"
2,0.1,0.17768,0.21222,5-6 hours,"LKR 9,000 - 12,000"
1,0.04,0.08494,0.07827,5-6 hours,"LKR 9,000 - 12,000"
0,0.08,0.24679,0.11682,6-7 hours,"LKR 12,000 - 15,000"
2,0.1,0.19433,0.14042,5-6 hours,"LKR 9,000 - 12,000"
2,0.09685,0.33332,0.23448,5-6 hours,"LKR 9,000 - 12,000"
0,0.08,0.1481,0.13057,5-6 hours,"LKR 9,000 - 12,000"
0,0.08,0.2313,0.19255,5-6 hours,"LKR 9,000 - 12,000"
1,0.04,0.08023,0.07104,5-6 hours,"LKR 9,000 - 12,000"
0,0.03795,0.0884,0.0909,4-5 hours,"LKR 7,000 - 9,000"
0,0.08,0.23821,0.15503,5-6 hours,"LKR 9,000 - 12,000"
1,0.04,0.13657,0.08181,4-5 hours,"LKR 7,000 - 9,000"
0,0.08,0.22856,0.10381,5-6 hours,"LKR 9,000 - 12,000"
1,0.02381,0.05522,0.0558,3-4 hours,"LKR 5,000 - 7,000"
2,0.1,0.3218,0.24874,5-6 hours,"LKR 9,000 - 12,000"
1,0.04,0.10729,0.07023,4-5 hours,"LKR 7,000 - 9,000"
2,0.1,0.16571,0.18408,5-6 hours,"LKR 9,000 - 12,000"
0,0.08,0.23088,0.0806,5-6 hours,"LKR 9,000 - 12,000"
0,0.08,0.16214,0.10518,5-6 hours,"LKR 9,000 - 12,000"
0,0.06131,0.14382,0.11334,5-6 hours,"LKR 9,000 - 12,000"
2,0.1,0.18681,0.14439,5-6 hours,"LKR 9,000 - 12,000"
0,0.08,0.23484,0.16158,5-6 hours,"LKR 9,000 - 12,000"
0,0.08,0.26678,0.12698,5-6 hours,"LKR 9,000 - 12,000"
0,0.08,0.1396,0.10544,6-7 hours,"LKR 12,000 - 15,000"
0,0.08,0.20511,0.09102,5-6 hours,"LKR 9,000 - 12,000"
2,0.1,0.2107,0.11629,5-6 hours,"LKR 9,000 - 12,000"
1,0.04,0.08647,0.05619,4-5 hours,"LKR 7,000 - 9,000"
0,0.08,0.14659,0.12194,5-6 hours,"LKR 9,000 - 12,000"
1,0.04,0.09874,0.073,4-5 hours,"LKR 7,000 - 9,000"
1,0.0313,0.05111,0.07712,4-5 hours,"LKR 7,000 - 9,000"
0,0.08,0.2721,0.15611,5-6 hours,"LKR 9,000 - 12,000"
1,0.04,0.06267,0.08895,4-5 hours,"LKR 7,000 - 9,000"
0,0.08,0.2636,0.1936,5-6 hours,"LKR 9,000 - 12,000"
0,0.08,0.19626,0.18388,6-7 hours,"LKR 12,000 - 15,000"
1,0.04,0.13422,0.05996,4-5 hours,"LKR 7,000 - 9,000"
0,0.08,0.14833,0.08342,5-6 hours,"LKR 9,000 - 12,000"
0,0.08,0.12085,0.19818,5-6 hours,"LKR 9,000 - 12,000"
2,0.1,0.26254,0.11496,5-6 hours,"LKR 9,000 - 12,000"
0,0.08,0.15714,0.08011,5-6 hours,"LKR 9,000 - 12,000"
2,0.1,0.25499,0.17157,5-6 hours,"LKR 9,000 - 12,000"
1,0.04,0.10666,0.0538,4-5 hours,"LKR 7,000 - 9,000"
1,0.04,0.13491,0.08844,4-5 hours,"LKR 7,000 - 9,000"
0,0.08,0.27656,0.15061,5-6 hours,"LKR 9,000 - 12,000"
1,0.04,0.09334,0.08544,4-5 hours,"LKR 7,000 - 9,000"
0,0.08,0.18125,0.15069,5-6 hours,"LKR 9,000 - 12,000"
0,0.08,0.15562,0.11134,5-6 hours,"LKR 9,000 - 12,000"
0,0.08,0.19874,0.09131,5-6 hours,"LKR 9,000 - 12,000"
0,0.08,0.1599,0.18688,5-6 hours,"LKR 9,000 - 12,000"
0,0.08,0.22909,0.19922,5-6 hours,"LKR 9,000 - 12,000"
1,0.04,0.11193,0.07403,4-5 hours,"LKR 7,000 - 9,000"
0,0.08,0.24477,0.17407,5-6 hours,"LKR 9,000 - 12,000"
2,0.1,0.16062,0.21934,5-6 hours,"LKR 9,000 - 12,000"
0,0.08,0.21858,0.13692,5-6 hours,"LKR 9,000 - 12,000"
2,0.1,0.24153,0.17783,5-6 hours,"LKR 9,000 - 12,000"
1,0.04,0.0942,0.0776,4-5 hours,"LKR 7,000 - 9,000"
1,0.01059,0.02636,0.02407,2-3 hours,"LKR 3,000 - 5,000"
0,0.08,0.26218,0.10723,5-6 hours,"LKR 9,000 - 12,000"
1,0.04,0.07377,0.05833,4-5 hours,"LKR 7,000 - 9,000"
0,0.08,0.2207,0.19712,5-6 hours,"LKR 9,000 - 12,000"
0,0.08,0.17041,0.14503,6-7 hours,"LKR 12,000 - 15,000"
1,0.04,0.08094,0.07076,4-5 hours,"LKR 7,000 - 9,000"
2,0.1,0.21653,0.22471,5-6 hours,"LKR 9,000 - 12,000"
1,0.04,0.13736,0.0496,4-5 hours,"LKR 7,000 - 9,000"
2,0.1,0.25028,0.23101,6-7 hours,"LKR 12,000 - 15,000"
1,0.04,0.06336,0.06826,4-5 hours,"LKR 7,000 - 9,000"
0,0.02564,0.04301,0.06112,4-5 hours,"LKR 7,000 - 9,000"
1,0.04,0.08998,0.09553,4-5 hours,"LKR 7,000 - 9,000"
0,0.08,0.14299,0.14268,6-7 hours,"LKR 12,000 - 15,000"
0,0.08,0.17745,0.08546,5-6 hours,"LKR 9,000 - 12,000"
2,0.1,0.29484,0.23621,5-6 hours,"LKR 9,000 - 12,000"
2,0.1,0.1947,0.20584,5-6 hours,"LKR 9,000 - 12,000"
1,0.04,0.1298,0.08272,4-5 hours,"LKR 7,000 - 9,000"
0,0.07737,0.18059,0.11804,5-6 hours,"LKR 9,000 - 12,000"
0,0.06847,0.16221,0.1186,5-6 hours,"LKR 9,000 - 12,000"
1,0.04,0.12569,0.06613,5-6 hours,"LKR 9,000 - 12,000"
1,0.04,0.13102,0.09746,4-5 hours,"LKR 7,000 - 9,000"
0,0.08,0.21701,0.1238,5-6 hours,"LKR 9,000 - 12,000"
1,0.04,0.10105,0.08884,4-5 hours,"LKR 7,000 - 9,000"
1,0.04,0.07553,0.04783,4-5 hours,"LKR 7,000 - 9,000"
2,0.1,0.2991,0.1758,5-6 hours,"LKR 9,000 - 12,000"
1,0.04,0.07565,0.09838,4-5 hours,"LKR 7,000 - 9,000"
0,0.08,0.24563,0.10848,5-6 hours,"LKR 9,000 - 12,000"
2,0.1,0.26186,0.12811,5-6 hours,"LKR 9,000 - 12,000"
1,0.04,0.12709,0.04621,4-5 hours,"LKR 7,000 - 9,000"
0,0.08,0.17811,0.11446,5-6 hours,"LKR 9,000 - 12,000"
0,0.08,0.27566,0.112,5-6 hours,"LKR 9,000 - 12,000"
0,0.08,0.2724,0.1802,5-6 hours,"LKR 9,000 - 12,000"
1,0.02896,0.0738,0.05091,3-4 hours,"LKR 5,000 - 7,000"
2,0.1,0.25481,0.18581,5-6 hours,"LKR 9,000 - 12,000"
1,0.04,0.064,0.06923,4-5 hours,"LKR 7,000 - 9,000"
0,0.08,0.2558,0.0812,5-6 hours,"LKR 9,000 - 12,000"
1,0.04,0.07102,0.07673,4-5 hours,"LKR 7,000 - 9,000"
1,0.02148,0.03335,0.04529,3-4 hours,"LKR 5,000 - 7,000"
1,0.04,0.08188,0.0473,4-5 hours,"LKR 7,000 - 9,000"
0,0.08,0.20707,0.16878,5-6 hours,"LKR 9,000 - 12,000"
1,0.04,0.12114,0.07495,5-6 hours,"LKR 9,000 - 12,000"
2,0.1,0.16806,0.1844,5-6 hours,"LKR 9,000 - 12,000"
0,0.08,0.18552,0.19437,5-6 hours,"LKR 9,000 - 12,000"
0,0.08,0.21334,0.17,5-6 hours,"LKR 9,000 - 12,000"
0,0.08,0.27332,0.09092,5-6 hours,"LKR 9,000 - 12,000"
0,0.08,0.21445,0.1556,5-6 hours,"LKR 9,000 - 12,000"
0,0.08,0.26429,0.09528,5-6 hours,"LKR 9,000 - 12,000"
0,0.08,0.17148,0.089,5-6 hours,"LKR 9,000 - 12,000"
1,0.04,0.08032,0.09158,4-5 hours,"LKR 7,000 - 9,000"
1,0.04,0.07667,0.07968,4-5 hours,"LKR 7,000 - 9,000"
0,0.08,0.259,0.14439,5-6 hours,"LKR 9,000 - 12,000"
0,0.08,0.25989,0.09614,5-6 hours,"LKR 9,000 - 12,000"
0,0.08,0.22458,0.18058,5-6 hours,"LKR 9,000 - 12,000"
0,0.08,0.17893,0.12368,5-6 hours,"LKR 9,000 - 12,000"
0,0.08,0.26309,0.13702,5-6 hours,"LKR 9,000 - 12,000"
0,0.08,0.21106,0.12588,5-6 hours,"LKR 9,000 - 12,000"
0,0.00827,0.0132,0.01921,3-4 hours,"LKR 5,000 - 7,000"
1,0.04,0.0772,0.05228,4-5 hours,"LKR 7,000 - 9,000"
0,0.08,0.16564,0.13711,5-6 hours,"LKR 9,000 - 12,000"
0,0.08,0.13139,0.17584,5-6 hours,"LKR 9,000 - 12,000"
1,0.04,0.09823,0.08364,4-5 hours,"LKR 7,000 - 9,000"
0,0.0695,0.18614,0.1348,5-6 hours,"LKR 9,000 - 12,000"
1,0.04,0.12097,0.09835,5-6 hours,"LKR 9,000 - 12,000"
0,0.08,0.26205,0.16325,5-6 hours,"LKR 9,000 - 12,000"
0,0.06396,0.20497,0.13654,5-6 hours,"LKR 9,000 - 12,000"
0,0.08,0.15123,0.09985,5-6 hours,"LKR 9,000 - 12,000"
0,0.08,0.18823,0.15274,5-6 hours,"LKR 9,000 - 12,000"
1,0.04,0.08713,0.08259,5-6 hours,"LKR 9,000 - 12,000"
0,0.08,0.21401,0.12243,5-6 hours,"LKR 9,000 - 12,000"
1,0.04,0.07711,0.04035,4-5 hours,"LKR 7,000 - 9,000"
1,0.04,0.11779,0.0451,4-5 hours,"LKR 7,000 - 9,000"
0,0.08,0.25109,0.09568,5-6 hours,"LKR 9,000 - 12,000"
0,0.07835,0.17256,0.17675,6-7 hours,"LKR 12,000 - 15,000"
2,0.1,0.30528,0.18939,5-6 hours,"LKR 9,000 - 12,000"
1,0.04,0.13118,0.08202,4-5 hours,"LKR 7,000 - 9,000"
0,0.08,0.1241,0.19097,5-6 hours,"LKR 9,000 - 12,000"
1,0.04,0.10054,0.09798,4-5 hours,"LKR 7,000 - 9,000"
2,0.09144,0.29601,0.13143,5-6 hours,"LKR 9,000 - 12,000"
2,0.1,0.27517,0.21904,5-6 hours,"LKR 9,000 - 12,000"
1,0.04,0.13596,0.06037,4-5 hours,"LKR 7,000 - 9,000"
1,0.04,0.06527,0.07733,4-5 hours,"LKR 7,000 - 9,000"
0,0.08,0.13604,0.19186,5-6 hours,"LKR 9,000 - 12,000"
0,0.02699,0.04348,0.03851,4-5 hours,"LKR 7,000 - 9,000"
0,0.08,0.13059,0.10591,5-6 hours,"LKR 9,000 - 12,000"
0,0.02792,0.07588,0.04517,4-5 hours,"LKR 7,000 - 9,000"
0,0.08,0.25745,0.08921,5-6 hours,"LKR 9,000 - 12,000"
0,0.08,0.17197,0.08304,5-6 hours,"LKR 9,000 - 12,000"
0,0.04882,0.15756,0.07603,4-5 hours,"LKR 7,000 - 9,000"
1,0.02222,0.04715,0.03288,3-4 hours,"LKR 5,000 - 7,000"
1,0.04,0.12999,0.09153,4-5 hours,"LKR 7,000 - 9,000"
1,0.04,0.09883,0.06123,4-5 hours,"LKR 7,000 - 9,000"
0,0.08,0.18251,0.19359,5-6 hours,"LKR 9,000 - 12,000"
1,0.04,0.09663,0.07416,4-5 hours,"LKR 7,000 - 9,000"
1,0.04,0.06302,0.04258,4-5 hours,"LKR 7,000 - 9,000"
1,0.04,0.12963,0.06157,4-5 hours,"LKR 7,000 - 9,000"
1,0.04,0.1073,0.05889,5-6 hours,"LKR 9,000 - 12,000"
2,0.1,0.25254,0.20136,5-6 hours,"LKR 9,000 - 12,000"
0,0.08,0.18366,0.19436,5-6 hours,"LKR 9,000 - 12,000"
0,0.08,0.1439,0.1363,5-6 hours,"LKR 9,000 - 12,000"
0,0.05376,0.14607,0.0743,5-6 hours,"LKR 9,000 - 12,000"
1,0.04,0.08947,0.08278,5-6 hours,"LKR 9,000 - 12,000"
0,0.08,0.27811,0.12156,5-6 hours,"LKR 9,000 - 12,000"
2,0.09808,0.31605,0.2177,6-7 hours,"LKR 12,000 - 15,000"
0,0.08,0.16283,0.18939,5-6 hours,"LKR 9,000 - 12,000"
0,0.05556,0.09794,0.12383,5-6 hours,"LKR 9,000 - 12,000"
0,0.08,0.26479,0.1472,5-6 hours,"LKR 9,000 - 12,000"
1,0.04,0.11602,0.08958,4-5 hours,"LKR 7,000 - 9,000"
2,0.03131,0.09292,0.03619,5-6 hours,"LKR 9,000 - 12,000"
1,0.04,0.06243,0.06602,4-5 hours,"LKR 7,000 - 9,000"
2,0.1,0.29922,0.13072,5-6 hours,"LKR 9,000 - 12,000"
1,0.04,0.09584,0.09108,4-5 hours,"LKR 7,000 - 9,000"
0,0.08,0.16959,0.188,5-6 hours,"LKR 9,000 - 12,000"
2,0.1,0.32248,0.22814,6-7 hours,"LKR 12,000 - 15,000"
1,0.04,0.13544,0.05078,4-5 hours,"LKR 7,000 - 9,000"
1,0.04,0.08633,0.07204,5-6 hours,"LKR 9,000 - 12,000"
0,0.08,0.27046,0.14654,5-6 hours,"LKR 9,000 - 12,000"
2,0.1,0.28345,0.14251,5-6 hours,"LKR 9,000 - 12,000"
1,0.04,0.08121,0.09011,4-5 hours,"LKR 7,000 - 9,000"
0,0.08,0.26648,0.1732,5-6 hours,"LKR 9,000 - 12,000"
0,0.08,0.12704,0.18039,5-6 hours,"LKR 9,000 - 12,000"
0,0.05714,0.13158,0.12269,5-6 hours,"LKR 9,000 - 12,000"
0,0.08,0.19042,0.17552,5-6 hours,"LKR 9,000 - 12,000"
0,0.05969,0.19413,0.10109,5-6 hours,"LKR 9,000 - 12,000"
0,0.08,0.24373,0.13692,5-6 hours,"LKR 9,000 - 12,000"
0,0.08,0.26428,0.11942,5-6 hours,"LKR 9,000 - 12,000"
0,0.08,0.16842,0.15348,5-6 hours,"LKR 9,000 - 12,000"
1,0.04,0.08116,0.04899,5-6 hours,"LKR 9,000 - 12,000"
1,0.04,0.12091,0.05575,4-5 hours,"LKR 7,000 - 9,000"
2,0.1,0.21359,0.18307,5-6 hours,"LKR 9,000 - 12,000"
0,0.08,0.15425,0.13194,5-6 hours,"LKR 9,000 - 12,000"
1,0.04,0.10071,0.06789,4-5 hours,"LKR 7,000 - 9,000"
2,0.1,0.33942,0.19044,5-6 hours,"LKR 9,000 - 12,000"
0,0.08,0.12442,0.18008,5-6 hours,"LKR 9,000 - 12,000"
2,0.1,0.18565,0.22888,5-6 hours,"LKR 9,000 - 12,000"
0,0.08,0.27226,0.19356,5-6 hours,"LKR 9,000 - 12,000"
0,0.08,0.21562,0.17591,5-6 hours,"LKR 9,000 - 12,000"
0,0.08,0.18862,0.17101,5-6 hours,"LKR 9,000 - 12,000"
0,0.07399,0.24739,0.17754,5-6 hours,"LKR 9,000 - 12,000"
1,0.04,0.09736,0.05367,4-5 hours,"LKR 7,000 - 9,000"
0,0.08,0.19703,0.08533,5-6 hours,"LKR 9,000 - 12,000"
2,0.1,0.27242,0.21818,5-6 hours,"LKR 9,000 - 12,000"
1,0.03585,0.08622,0.08323,4-5 hours,"LKR 7,000 - 9,000"
1,0.03718,0.08541,0.04385,4-5 hours,"LKR 7,000 - 9,000"
0,0.08,0.18011,0.17094,5-6 hours,"LKR 9,000 - 12,000"
1,0.04,0.1139,0.04047,4-5 hours,"LKR 7,000 - 9,000"
0,0.08,0.20125,0.1395,5-6 hours,"LKR 9,000 - 12,000"
2,0.1,0.23878,0.17263,5-6 hours,"LKR 9,000 - 12,000"
2,0.1,0.27438,0.10375,5-6 hours,"LKR 9,000 - 12,000"
2,0.1,0.32387,0.13565,6-7 hours,"LKR 12,000 - 15,000"
1,0.04,0.11491,0.05274,4-5 hours,"LKR 7,000 - 9,000"
0,0.08,0.23618,0.11774,5-6 hours,"LKR 9,000 - 12,000"
1,0.04,0.09222,0.06061,4-5 hours,"LKR 7,000 - 9,000"
1,0.04,0.12296,0.07276,4-5 hours,"LKR 7,000 - 9,000"
0,0.08,0.20697,0.18086,5-6 hours,"LKR 9,000 - 12,000"
0,0.08,0.25677,0.12579,5-6 hours,"LKR 9,000 - 12,000"
1,0.04,0.11487,0.04107,4-5 hours,"LKR 7,000 - 9,000"
0,0.08,0.20888,0.1628,5-6 hours,"LKR 9,000 - 12,000"
0,0.08,0.265,0.14076,5-6 hours,"LKR 9,000 - 12,000"
1,0.04,0.09605,0.06543,4-5 hours,"LKR 7,000 - 9,000"
2,0.1,0.27138,0.18472,5-6 hours,"LKR 9,000 - 12,000"
1,0.04,0.12958,0.06592,4-5 hours,"LKR 7,000 - 9,000"
0,0.08,0.16417,0.13324,6-7 hours,"LKR 12,000 - 15,000"
0,0.08,0.22877,0.17732,5-6 hours,"LKR 9,000 - 12,000"
0,0.06299,0.14668,0.0672,5-6 hours,"LKR 9,000 - 12,000"
1,0.04,0.12982,0.08782,4-5 hours,"LKR 7,000 - 9,000"
0,0.08,0.27199,0.17668,5-6 hours,"LKR 9,000 - 12,000"
1,0.04,0.07652,0.09819,5-6 hours,"LKR 9,000 - 12,000"
1,0.04,0.06522,0.043,4-5 hours,"LKR 7,000 - 9,000"
0,0.08,0.26863,0.18929,5-6 hours,"LKR 9,000 - 12,000"
2,0.1,0.24634,0.1601,5-6 hours,"LKR 9,000 - 12,000"
1,0.04,0.08819,0.06418,5-6 hours,"LKR 9,000 - 12,000"
1,0.04,0.13118,0.07652,4-5 hours,"LKR 7,000 - 9,000"
2,0.1,0.27593,0.21927,5-6 hours,"LKR 9,000 - 12,000"
0,0.08,0.17387,0.09734,5-6 hours,"LKR 9,000 - 12,000"
2,0.1,0.25682,0.13274,5-6 hours,"LKR 9,000 - 12,000"
0,0.08,0.17262,0.15842,5-6 hours,"LKR 9,000 - 12,000"
1,0.04,0.09714,0.09563,4-5 hours,"LKR 7,000 - 9,000"
0,0.08,0.14374,0.15632,5-6 hours,"LKR 9,000 - 12,000"
2,0.1,0.28791,0.16133,5-6 hours,"LKR 9,000 - 12,000"
0,0.08,0.13937,0.18376,5-6 hours,"LKR 9,000 - 12,000"
1,0.04,0.07016,0.04623,4-5 hours,"LKR 7,000 - 9,000"
0,0.08,0.21975,0.15733,5-6 hours,"LKR 9,000 - 12,000"
0,0.07362,0.13467,0.07423,6-7 hours,"LKR 12,000 - 15,000"
0,0.08,0.1545,0.12792,5-6 hours,"LKR 9,000 - 12,000"
1,0.04,0.0799,0.0659,4-5 hours,"LKR 7,000 - 9,000"
0,0.08,0.16896,0.09529,5-6 hours,"LKR 9,000 - 12,000"
2,0.0716,0.21166,0.14318,5-6 hours,"LKR 9,000 - 12,000"
2,0.0304,0.04594,0.07563,5-6 hours,"LKR 9,000 - 12,000"
0,0.08,0.18321,0.10126,5-6 hours,"LKR 9,000 - 12,000"
0,0.08,0.13685,0.19586,5-6 hours,"LKR 9,000 - 12,000"
0,0.08,0.15545,0.17079,5-6 hours,"LKR 9,000 - 12,000"
2,0.07661,0.15942,0.11565,5-6 hours,"LKR 9,000 - 12,000"
0,0.08,0.26712,0.14398,5-6 hours,"LKR 9,000 - 12,000"
1,0.04,0.10749,0.0932,4-5 hours,"LKR 7,000 - 9,000"
2,0.1,0.32786,0.23211,5-6 hours,"LKR 9,000 - 12,000"
1,0.04,0.12065,0.09464,5-6 hours,"LKR 9,000 - 12,000"
1,0.04,0.09184,0.05991,4-5 hours,"LKR 7,000 - 9,000"
1,0.04,0.07733,0.05018,5-6 hours,"LKR 9,000 - 12,000"
1,0.04,0.09184,0.08048,5-6 hours,"LKR 9,000 - 12,000"
0,0.01993,0.06558,0.0406,3-4 hours,"LKR 5,000 - 7,000"
0,0.08,0.19646,0.13159,6-7 hours,"LKR 12,000 - 15,000"
2,0.08004,0.2784,0.18497,5-6 hours,"LKR 9,000 - 12,000"
0,0.08,0.27671,0.11552,5-6 hours,"LKR 9,000 - 12,000"
0,0.08,0.21049,0.0893,5-6 hours,"LKR 9,000 - 12,000"
0,0.08,0.19749,0.0909,5-6 hours,"LKR 9,000 - 12,000"
0,0.08,0.2355,0.1992,5-6 hours,"LKR 9,000 - 12,000"
0,0.08,0.27264,0.14132,5-6 hours,"LKR 9,000 - 12,000"
2,0.1,0.2406,0.23166,5-6 hours,"LKR 9,000 - 12,000"
0,0.08,0.21962,0.09898,5-6 hours,"LKR 9,000 - 12,000"
0,0.08,0.1206,0.14386,5-6 hours,"LKR 9,000 - 12,000"
0,0.03471,0.11778,0.03994,4-5 hours,"LKR 7,000 - 9,000"
2,0.1,0.16601,0.13635,5-6 hours,"LKR 9,000 - 12,000"
1,0.04,0.13834,0.09759,4-5 hours,"LKR 7,000 - 9,000"
2,0.1,0.31734,0.12618,6-7 hours,"LKR 12,000 - 15,000"
0,0.08,0.12967,0.16989,5-6 hours,"LKR 9,000 - 12,000"
0,0.08,0.20702,0.18522,5-6 hours,"LKR 9,000 - 12,000"
0,0.08,0.17723,0.18133,5-6 hours,"LKR 9,000 - 12,000"
1,0.04,0.0728,0.05667,4-5 hours,"LKR 7,000 - 9,000"
1,0.04,0.09497,0.04743,4-5 hours,"LKR 7,000 - 9,000"
2,0.1,0.23567,0.14971,5-6 hours,"LKR 9,000 - 12,000"
2,0.1,0.34156,0.16065,5-6 hours,"LKR 9,000 - 12,000"
0,0.08,0.22009,0.08621,5-6 hours,"LKR 9,000 - 12,000"
0,0.08,0.20788,0.11276,5-6 hours,"LKR 9,000 - 12,000"
0,0.08,0.25969,0.16913,5-6 hours,"LKR 9,000 - 12,000"
0,0.08,0.16753,0.13119,5-6 hours,"LKR 9,000 - 12,000"
0,0.06339,0.10479,0.10836,5-6 hours,"LKR 9,000 - 12,000"
1,0.04,0.13792,0.05965,4-5 hours,"LKR 7,000 - 9,000"
0,0.08,0.13817,0.09369,5-6 hours,"LKR 9,000 - 12,000"
1,0.04,0.13687,0.08021,4-5 hours,"LKR 7,000 - 9,000"
0,0.08,0.16027,0.13155,5-6 hours,"LKR 9,000 - 12,000"
0,0.08,0.13242,0.127,5-6 hours,"LKR 9,000 - 12,000"
0,0.08,0.21824,0.1833,5-6 hours,"LKR 9,000 - 12,000"
1,0.04,0.13904,0.07986,4-5 hours,"LKR 7,000 - 9,000"
0,0.0696,0.22834,0.12702,5-6 hours,"LKR 9,000 - 12,000"
0,0.08,0.18941,0.15119,5-6 hours,"LKR 9,000 - 12,000"
2,0.04312,0.07861,0.06206,5-6 hours,"LKR 9,000 - 12,000"
0,0.08,0.12201,0.18779,5-6 hours,"LKR 9,000 - 12,000"
0,0.08,0.27731,0.1562,5-6 hours,"LKR 9,000 - 12,000"
0,0.08,0.13174,0.1035,5-6 hours,"LKR 9,000 - 12,000"
1,0.01434,0.0293,0.02758,2-3 hours,"LKR 3,000 - 5,000"
0,0.08,0.26372,0.12005,5-6 hours,"LKR 9,000 - 12,000"
0,0.08,0.24457,0.17314,5-6 hours,"LKR 9,000 - 12,000"
1,0.02049,0.06448,0.05066,3-4 hours,"LKR 5,000 - 7,000"
1,0.04,0.08906,0.07664,4-5 hours,"LKR 7,000 - 9,000"
2,0.07976,0.2156,0.16012,5-6 hours,"LKR 9,000 - 12,000"
0,0.04888,0.1019,0.05484,5-6 hours,"LKR 9,000 - 12,000"
0,0.08,0.2626,0.13893,5-6 hours,"LKR 9,000 - 12,000"
0,0.08,0.22011,0.18925,5-6 hours,"LKR 9,000 - 12,000"
1,0.04,0.08511,0.08105,4-5 hours,"LKR 7,000 - 9,000"
0,0.08,0.21398,0.10412,5-6 hours,"LKR 9,000 - 12,000"
1,0.04,0.13653,0.06056,4-5 hours,"LKR 7,000 - 9,000"
0,0.08,0.17177,0.12094,5-6 hours,"LKR 9,000 - 12,000"
0,0.08,0.15105,0.15874,5-6 hours,"LKR 9,000 - 12,000"
0,0.08,0.24378,0.09744,5-6 hours,"LKR 9,000 - 12,000"
1,0.04,0.07221,0.08983,4-5 hours,"LKR 7,000 - 9,000"
0,0.06484,0.19463,0.07105,5-6 hours,"LKR 9,000 - 12,000"
1,0.04,0.09916,0.06737,4-5 hours,"LKR 7,000 - 9,000"
1,0.04,0.13526,0.07981,4-5 hours,"LKR 7,000 - 9,000"
1,0.04,0.07843,0.08462,4-5 hours,"LKR 7,000 - 9,000"
0,0.08,0.13618,0.09347,5-6 hours,"LKR 9,000 - 12,000"
1,0.04,0.09728,0.08074,4-5 hours,"LKR 7,000 - 9,000"
0,0.03681,0.05883,0.08577,4-5 hours,"LKR 7,000 - 9,000"
0,0.08,0.15911,0.17994,5-6 hours,"LKR 9,000 - 12,000"
2,0.1,0.34966,0.20424,5-6 hours,"LKR 9,000 - 12,000"
2,0.1,0.24372,0.16373,5-6 hours,"LKR 9,000 - 12,000"
0,0.07722,0.13695,0.14109,5-6 hours,"LKR 9,000 - 12,000"
1,0.03537,0.07778,0.04665,4-5 hours,"LKR 7,000 - 9,000"
0,0.08,0.15384,0.12721,6-7 hours,"LKR 12,000 - 15,000"
0,0.08,0.14148,0.0889,5-6 hours,"LKR 9,000 - 12,000"
1,0.04,0.06132,0.05121,4-5 hours,"LKR 7,000 - 9,000"
0,0.08,0.20261,0.17514,5-6 hours,"LKR 9,000 - 12,000"
0,0.08,0.25475,0.15778,5-6 hours,"LKR 9,000 - 12,000"
0,0.08,0.15024,0.10303,5-6 hours,"LKR 9,000 - 12,000"
0,0.08,0.23538,0.11063,6-7 hours,"LKR 12,000 - 15,000"
0,0.08,0.13614,0.15267,5-6 hours,"LKR 9,000 - 12,000"
1,0.04,0.11299,0.07679,4-5 hours,"LKR 7,000 - 9,000"
1,0.04,0.0799,0.08069,4-5 hours,"LKR 7,000 - 9,000"
0,0.08,0.14083,0.19608,5-6 hours,"LKR 9,000 - 12,000"
0,0.08,0.20666,0.12654,5-6 hours,"LKR 9,000 - 12,000"
1,0.04,0.08109,0.05251,4-5 hours,"LKR 7,000 - 9,000"
2,0.1,0.23515,0.1113,6-7 hours,"LKR 12,000 - 15,000"
1,0.04,0.09807,0.06825,4-5 hours,"LKR 7,000 - 9,000"
1,0.04,0.13123,0.0562,5-6 hours,"LKR 9,000 - 12,000"
0,0.08,0.14166,0.09868,5-6 hours,"LKR 9,000 - 12,000"
1,0.04,0.13317,0.07451,4-5 hours,"LKR 7,000 - 9,000"
0,0.08,0.24971,0.12943,5-6 hours,"LKR 9,000 - 12,000"
0,0.08,0.18577,0.09987,5-6 hours,"LKR 9,000 - 12,000"
1,0.04,0.0964,0.05744,4-5 hours,"LKR 7,000 - 9,000"
1,0.04,0.10826,0.08013,4-5 hours,"LKR 7,000 - 9,000"
0,0.08,0.13648,0.08862,6-7 hours,"LKR 12,000 - 15,000"
1,0.04,0.12106,0.08473,4-5 hours,"LKR 7,000 - 9,000"
1,0.04,0.13371,0.07838,4-5 hours,"LKR 7,000 - 9,000"
1,0.04,0.12512,0.08333,4-5 hours,"LKR 7,000 - 9,000"
0,0.08,0.23546,0.09691,5-6 hours,"LKR 9,000 - 12,000"
0,0.08,0.14682,0.15943,5-6 hours,"LKR 9,000 - 12,000"
0,0.08,0.13355,0.18845,5-6 hours,"LKR 9,000 - 12,000"
1,0.04,0.08618,0.07771,4-5 hours,"LKR 7,000 - 9,000"
0,0.04699,0.1408,0.09397,4-5 hours,"LKR 7,000 - 9,000"
0,0.08,0.1795,0.08339,5-6 hours,"LKR 9,000 - 12,000"
0,0.08,0.25993,0.1056,5-6 hours,"LKR 9,000 - 12,000"
0,0.03627,0.09399,0.07041,4-5 hours,"LKR 7,000 - 9,000"
0,0.08,0.18018,0.13614,5-6 hours,"LKR 9,000 - 12,000"
0,0.08,0.26357,0.09634,5-6 hours,"LKR 9,000 - 12,000"
1,0.04,0.07395,0.08749,4-5 hours,"LKR 7,000 - 9,000"
0,0.08,0.12929,0.16355,6-7 hours,"LKR 12,000 - 15,000"
1,0.04,0.10773,0.05724,4-5 hours,"LKR 7,000 - 9,000"
0,0.08,0.20203,0.09762,5-6 hours,"LKR 9,000 - 12,000"
0,0.08,0.12376,0.12506,5-6 hours,"LKR 9,000 - 12,000"
0,0.08,0.22506,0.19026,5-6 hours,"LKR 9,000 - 12,000"
0,0.08,0.14394,0.13397,5-6 hours,"LKR 9,000 - 12,000"
2,0.06946,0.17746,0.10428,5-6 hours,"LKR 9,000 - 12,000"
1,0.04,0.13679,0.07121,4-5 hours,"LKR 7,000 - 9,000"
1,0.04,0.11322,0.08276,4-5 hours,"LKR 7,000 - 9,000"
0,0.08,0.15284,0.17062,5-6 hours,"LKR 9,000 - 12,000"
1,0.04,0.08487,0.09722,4-5 hours,"LKR 7,000 - 9,000"
1,0.04,0.06855,0.06963,4-5 hours,"LKR 7,000 - 9,000"
2,0.1,0.32802,0.18291,5-6 hours,"LKR 9,000 - 12,000"
2,0.01768,0.04444,0.04079,4-5 hours,"LKR 7,000 - 9,000"
0,0.08,0.20311,0.15584,5-6 hours,"LKR 9,000 - 12,000"
0,0.08,0.23484,0.14697,6-7 hours,"LKR 12,000 - 15,000"
0,0.08,0.24091,0.11184,5-6 hours,"LKR 9,000 - 12,000"
1,0.04,0.12795,0.07695,4-5 hours,"LKR 7,000 - 9,000"
0,0.08,0.12442,0.17886,5-6 hours,"LKR 9,000 - 12,000"
0,0.08,0.15802,0.14039,5-6 hours,"LKR 9,000 - 12,000"
1,0.04,0.11823,0.05102,4-5 hours,"LKR 7,000 - 9,000"
0,0.08,0.12098,0.1357,6-7 hours,"LKR 12,000 - 15,000"
2,0.1,0.33805,0.20394,5-6 hours,"LKR 9,000 - 12,000"
0,0.08,0.14897,0.19508,5-6 hours,"LKR 9,000 - 12,000"
1,0.04,0.0632,0.05205,4-5 hours,"LKR 7,000 - 9,000"
0,0.08,0.12678,0.16087,5-6 hours,"LKR 9,000 - 12,000"
0,0.03302,0.1125,0.0746,4-5 hours,"LKR 7,000 - 9,000"
1,0.04,0.13421,0.06444,4-5 hours,"LKR 7,000 - 9,000"
1,0.04,0.12567,0.05654,4-5 hours,"LKR 7,000 - 9,000"
0,0.08,0.2176,0.14726,5-6 hours,"LKR 9,000 - 12,000"
1,0.04,0.13604,0.07752,4-5 hours,"LKR 7,000 - 9,000"
1,0.04,0.09872,0.08211,4-5 hours,"LKR 7,000 - 9,000"
0,0.08,0.14717,0.09276,5-6 hours,"LKR 9,000 - 12,000"
2,0.1,0.19096,0.14521,5-6 hours,"LKR 9,000 - 12,000"
1,0.04,0.13756,0.05042,4-5 hours,"LKR 7,000 - 9,000"
1,0.04,0.08647,0.07255,4-5 hours,"LKR 7,000 - 9,000"
0,0.06393,0.11782,0.11809,5-6 hours,"LKR 9,000 - 12,000"
0,0.08,0.22461,0.19941,5-6 hours,"LKR 9,000 - 12,000"
0,0.08,0.13796,0.16721,5-6 hours,"LKR 9,000 - 12,000"
1,0.04,0.06015,0.06104,4-5 hours,"LKR 7,000 - 9,000"
0,0.08,0.20696,0.09189,5-6 hours,"LKR 9,000 - 12,000"
0,0.06561,0.16825,0.10835,5-6 hours,"LKR 9,000 - 12,000"
1,0.0308,0.06451,0.05254,5-6 hours,"LKR 9,000 - 12,000"
0,0.08,0.1577,0.19222,5-6 hours,"LKR 9,000 - 12,000"
2,0.1,0.26174,0.2275,5-6 hours,"LKR 9,000 - 12,000"
1,0.04,0.10037,0.09499,4-5 hours,"LKR 7,000 - 9,000"
1,0.04,0.07518,0.09559,5-6 hours,"LKR 9,000 - 12,000"
0,0.08,0.1883,0.19783,5-6 hours,"LKR 9,000 - 12,000"
2,0.1,0.17189,0.14057,6-7 hours,"LKR 12,000 - 15,000"
0,0.03607,0.07835,0.04526,4-5 hours,"LKR 7,000 - 9,000"
0,0.08,0.15384,0.11189,6-7 hours,"LKR 12,000 - 15,000"
0,0.08,0.22692,0.16603,5-6 hours,"LKR 9,000 - 12,000"
2,0.1,0.18449,0.1902,5-6 hours,"LKR 9,000 - 12,000"
0,0.08,0.24345,0.08776,5-6 hours,"LKR 9,000 - 12,000"
0,0.08,0.2052,0.09371,5-6 hours,"LKR 9,000 - 12,000"
0,0.08,0.20269,0.10561,5-6 hours,"LKR 9,000 - 12,000"
1,0.04,0.13455,0.07076,4-5 hours,"LKR 7,000 - 9,000"
0,0.08,0.15162,0.13756,5-6 hours,"LKR 9,000 - 12,000"
1,0.04,0.11273,0.04303,4-5 hours,"LKR 7,000 - 9,000"
0,0.02826,0.06594,0.05979,4-5 hours,"LKR 7,000 - 9,000"
0,0.01777,0.03762,0.03588,3-4 hours,"LKR 5,000 - 7,000"
0,0.08,0.26419,0.1113,5-6 hours,"LKR 9,000 - 12,000"
1,0.04,0.08849,0.06234,4-5 hours,"LKR 7,000 - 9,000"
1,0.04,0.12822,0.05483,5-6 hours,"LKR 9,000 - 12,000"
1,0.04,0.11076,0.08584,5-6 hours,"LKR 9,000 - 12,000"
0,0.08,0.21718,0.10222,5-6 hours,"LKR 9,000 - 12,000"
0,0.0327,0.05265,0.04136,4-5 hours,"LKR 7,000 - 9,000"
0,0.08,0.16265,0.12138,5-6 hours,"LKR 9,000 - 12,000"
2,0.1,0.3258,0.2132,5-6 hours,"LKR 9,000 - 12,000"
0,0.08,0.17544,0.17293,5-6 hours,"LKR 9,000 - 12,000"
0,0.08,0.18261,0.19519,5-6 hours,"LKR 9,000 - 12,000"
1,0.04,0.13303,0.0853,4-5 hours,"LKR 7,000 - 9,000"
2,0.07561,0.23204,0.14322,5-6 hours,"LKR 9,000 - 12,000"
0,0.08,0.22524,0.14973,5-6 hours,"LKR 9,000 - 12,000"
1,0.04,0.08004,0.06003,4-5 hours,"LKR 7,000 - 9,000"
0,0.08,0.23115,0.08097,5-6 hours,"LKR 9,000 - 12,000"
0,0.08,0.15797,0.13251,5-6 hours,"LKR 9,000 - 12,000"
0,0.08,0.26844,0.09133,5-6 hours,"LKR 9,000 - 12,000"
1,0.04,0.06968,0.0958,4-5 hours,"LKR 7,000 - 9,000"
1,0.04,0.11981,0.08383,5-6 hours,"LKR 9,000 - 12,000"
1,0.04,0.09291,0.0546,4-5 hours,"LKR 7,000 - 9,000"
2,0.1,0.25955,0.11248,5-6 hours,"LKR 9,000 - 12,000"
0,0.08,0.17998,0.17599,5-6 hours,"LKR 9,000 - 12,000"
0,0.03168,0.08443,0.05795,4-5 hours,"LKR 7,000 - 9,000"
0,0.08,0.24847,0.12796,5-6 hours,"LKR 9,000 - 12,000"
1,0.04,0.10809,0.07337,4-5 hours,"LKR 7,000 - 9,000"
0,0.08,0.14324,0.08357,5-6 hours,"LKR 9,000 - 12,000"
1,0.04,0.13749,0.08033,4-5 hours,"LKR 7,000 - 9,000"
0,0.08,0.27107,0.10037,6-7 hours,"LKR 12,000 - 15,000"
0,0.08,0.1931,0.12931,5-6 hours,"LKR 9,000 - 12,000"
0,0.08,0.12295,0.09775,5-6 hours,"LKR 9,000 - 12,000"
1,0.02359,0.05078,0.02832,3-4 hours,"LKR 5,000 - 7,000"
1,0.01579,0.03893,0.02285,3-4 hours,"LKR 5,000 - 7,000"
1,0.04,0.13142,0.0999,4-5 hours,"LKR 7,000 - 9,000"
0,0.00503,0.01512,0.01,2-3 hours,"LKR 3,000 - 5,000"
1,0.04,0.11152,0.07677,4-5 hours,"LKR 7,000 - 9,000"
1,0.04,0.06011,0.0736,4-5 hours,"LKR 7,000 - 9,000"
2,0.1,0.30456,0.13745,5-6 hours,"LKR 9,000 - 12,000"
1,0.04,0.13168,0.09169,4-5 hours,"LKR 7,000 - 9,000"
0,0.08,0.1925,0.11783,5-6 hours,"LKR 9,000 - 12,000"
1,0.04,0.10586,0.09903,4-5 hours,"LKR 7,000 - 9,000"
1,0.04,0.13575,0.0575,4-5 hours,"LKR 7,000 - 9,000"
0,0.05474,0.13409,0.06378,5-6 hours,"LKR 9,000 - 12,000"
0,0.08,0.24565,0.09465,5-6 hours,"LKR 9,000 - 12,000"
0,0.08,0.19433,0.16977,5-6 hours,"LKR 9,000 - 12,000"
0,0.08,0.17444,0.11818,5-6 hours,"LKR 9,000 - 12,000"
1,0.04,0.08178,0.04485,4-5 hours,"LKR 7,000 - 9,000"
1,0.04,0.0663,0.05661,4-5 hours,"LKR 7,000 - 9,000"
0,0.08,0.14943,0.13576,6-7 hours,"LKR 12,000 - 15,000"
0,0.08,0.2414,0.10289,5-6 hours,"LKR 9,000 - 12,000"
1,0.04,0.09244,0.07413,4-5 hours,"LKR 7,000 - 9,000"
1,0.04,0.11673,0.04509,4-5 hours,"LKR 7,000 - 9,000"
1,0.04,0.13012,0.09113,4-5 hours,"LKR 7,000 - 9,000"
1,0.02584,0.05923,0.03637,3-4 hours,"LKR 5,000 - 7,000"
0,0.08,0.16144,0.1386,5-6 hours,"LKR 9,000 - 12,000"
0,0.04058,0.10067,0.04509,5-6 hours,"LKR 9,000 - 12,000"
0,0.03599,0.08247,0.06971,4-5 hours,"LKR 7,000 - 9,000"
1,0.04,0.08232,0.04967,4-5 hours,"LKR 7,000 - 9,000"
0,0.08,0.14236,0.15001,5-6 hours,"LKR 9,000 - 12,000"
0,0.01077,0.02282,0.01556,3-4 hours,"LKR 5,000 - 7,000"
2,0.1,0.27361,0.16901,5-6 hours,"LKR 9,000 - 12,000"
0,0.08,0.20257,0.12152,5-6 hours,"LKR 9,000 - 12,000"
2,0.1,0.2007,0.23785,5-6 hours,"LKR 9,000 - 12,000"
0,0.08,0.16675,0.19172,5-6 hours,"LKR 9,000 - 12,000"
1,0.04,0.10949,0.09029,4-5 hours,"LKR 7,000 - 9,000"
0,0.08,0.21284,0.18657,5-6 hours,"LKR 9,000 - 12,000"
1,0.04,0.07385,0.04287,4-5 hours,"LKR 7,000 - 9,000"
0,0.08,0.13123,0.19764,5-6 hours,"LKR 9,000 - 12,000"
0,0.08,0.14412,0.11346,6-7 hours,"LKR 12,000 - 15,000"
0,0.08,0.27963,0.17041,5-6 hours,"LKR 9,000 - 12,000"
1,0.04,0.08806,0.0564,4-5 hours,"LKR 7,000 - 9,000"
2,0.07775,0.2559,0.16985,5-6 hours,"LKR 9,000 - 12,000"
1,0.04,0.08278,0.0976,4-5 hours,"LKR 7,000 - 9,000"
0,0.08,0.21492,0.10272,5-6 hours,"LKR 9,000 - 12,000"
2,0.1,0.30008,0.11098,6-7 hours,"LKR 12,000 - 15,000"
1,0.04,0.10771,0.07004,4-5 hours,"LKR 7,000 - 9,000"
1,0.04,0.0767,0.09666,5-6 hours,"LKR 9,000 - 12,000"
2,0.1,0.19335,0.18783,5-6 hours,"LKR 9,000 - 12,000"
1,0.04,0.07958,0.07446,4-5 hours,"LKR 7,000 - 9,000"
0,0.08,0.14445,0.15522,6-7 hours,"LKR 12,000 - 15,000"
0,0.08,0.12309,0.15841,5-6 hours,"LKR 9,000 - 12,000"
1,0.03151,0.0991,0.0507,4-5 hours,"LKR 7,000 - 9,000"
1,0.04,0.13042,0.09785,4-5 hours,"LKR 7,000 - 9,000"
1,0.04,0.13451,0.04877,4-5 hours,"LKR 7,000 - 9,000"
1,0.04,0.12405,0.09833,4-5 hours,"LKR 7,000 - 9,000"
0,0.08,0.2066,0.19479,5-6 hours,"LKR 9,000 - 12,000"
0,0.08,0.26321,0.16393,5-6 hours,"LKR 9,000 - 12,000"
0,0.08,0.1599,0.17804,5-6 hours,"LKR 9,000 - 12,000"
1,0.03899,0.08371,0.05955,5-6 hours,"LKR 9,000 - 12,000"
2,0.1,0.22125,0.20106,5-6 hours,"LKR 9,000 - 12,000"
1,0.04,0.09319,0.06601,4-5 hours,"LKR 7,000 - 9,000"
1,0.04,0.10543,0.06097,4-5 hours,"LKR 7,000 - 9,000"
1,0.04,0.08312,0.04844,4-5 hours,"LKR 7,000 - 9,000"
1,0.04,0.1266,0.09283,4-5 hours,"LKR 7,000 - 9,000"
2,0.1,0.24454,0.14661,5-6 hours,"LKR 9,000 - 12,000"
0,0.08,0.25062,0.19187,5-6 hours,"LKR 9,000 - 12,000"
0,0.08,0.17043,0.18502,5-6 hours,"LKR 9,000 - 12,000"
1,0.0131,0.03248,0.02909,3-4 hours,"LKR 5,000 - 7,000"
0,0.08,0.19492,0.1866,5-6 hours,"LKR 9,000 - 12,000"
1,0.04,0.13408,0.04143,5-6 hours,"LKR 9,000 - 12,000"
2,0.1,0.16609,0.12348,5-6 hours,"LKR 9,000 - 12,000"
0,0.08,0.20349,0.14473,5-6 hours,"LKR 9,000 - 12,000"
0,0.08,0.26858,0.19711,5-6 hours,"LKR 9,000 - 12,000"
0,0.08,0.25621,0.132,5-6 hours,"LKR 9,000 - 12,000"
0,0.08,0.13556,0.18268,5-6 hours,"LKR 9,000 - 12,000"
1,0.04,0.07213,0.04492,4-5 hours,"LKR 7,000 - 9,000"
1,0.04,0.13591,0.04365,4-5 hours,"LKR 7,000 - 9,000"
0,0.08,0.15087,0.10447,5-6 hours,"LKR 9,000 - 12,000"
0,0.08,0.23029,0.16011,5-6 hours,"LKR 9,000 - 12,000"
1,0.04,0.12144,0.04076,4-5 hours,"LKR 7,000 - 9,000"
0,0.08,0.2002,0.16458,5-6 hours,"LKR 9,000 - 12,000"
1,0.04,0.07167,0.05111,4-5 hours,"LKR 7,000 - 9,000"
0,0.03441,0.10502,0.07154,4-5 hours,"LKR 7,000 - 9,000"
0,0.07115,0.24717,0.16582,5-6 hours,"LKR 9,000 - 12,000"
0,0.08,0.21256,0.19851,5-6 hours,"LKR 9,000 - 12,000"
0,0.08,0.27789,0.08539,5-6 hours,"LKR 9,000 - 12,000"
0,0.08,0.16347,0.12223,6-7 hours,"LKR 12,000 - 15,000"
0,0.08,0.27233,0.17481,5-6 hours,"LKR 9,000 - 12,000"
2,0.1,0.34242,0.21695,5-6 hours,"LKR 9,000 - 12,000"
1,0.04,0.12751,0.08038,4-5 hours,"LKR 7,000 - 9,000"
0,0.08,0.25272,0.18038,5-6 hours,"LKR 9,000 - 12,000"
1,0.04,0.13414,0.0419,4-5 hours,"LKR 7,000 - 9,000"
0,0.08,0.20473,0.08348,6-7 hours,"LKR 12,000 - 15,000"
1,0.04,0.10884,0.05349,4-5 hours,"LKR 7,000 - 9,000"
1,0.01406,0.04784,0.02542,2-3 hours,"LKR 3,000 - 5,000"
0,0.08,0.20746,0.09059,5-6 hours,"LKR 9,000 - 12,000"
2,0.1,0.28105,0.15105,5-6 hours,"LKR 9,000 - 12,000"
0,0.08,0.26305,0.13959,5-6 hours,"LKR 9,000 - 12,000"
2,0.1,0.22447,0.15574,5-6 hours,"LKR 9,000 - 12,000"
0,0.0795,0.27595,0.1201,5-6 hours,"LKR 9,000 - 12,000"
2,0.1,0.16734,0.22934,5-6 hours,"LKR 9,000 - 12,000"
1,0.04,0.06587,0.06431,5-6 hours,"LKR 9,000 - 12,000"
1,0.04,0.07752,0.04431,4-5 hours,"LKR 7,000 - 9,000"
0,0.08,0.23977,0.18827,6-7 hours,"LKR 12,000 - 15,000"
1,0.04,0.1346,0.07784,4-5 hours,"LKR 7,000 - 9,000"
1,0.04,0.09959,0.06828,4-5 hours,"LKR 7,000 - 9,000"
0,0.05529,0.12715,0.08521,5-6 hours,"LKR 9,000 - 12,000"
0,0.03017,0.08216,0.04101,4-5 hours,"LKR 7,000 - 9,000"
0,0.08,0.18666,0.12244,5-6 hours,"LKR 9,000 - 12,000"
1,0.04,0.12086,0.09105,4-5 hours,"LKR 7,000 - 9,000"
0,0.08,0.23544,0.08744,5-6 hours,"LKR 9,000 - 12,000"
1,0.04,0.07471,0.09648,4-5 hours,"LKR 7,000 - 9,000"
2,0.1,0.24639,0.10637,5-6 hours,"LKR 9,000 - 12,000"
0,0.08,0.23742,0.19937,5-6 hours,"LKR 9,000 - 12,000"
1,0.04,0.12144,0.09118,4-5 hours,"LKR 7,000 - 9,000"
1,0.04,0.11418,0.08187,4-5 hours,"LKR 7,000 - 9,000"
2,0.1,0.32784,0.15196,5-6 hours,"LKR 9,000 - 12,000"
2,0.1,0.28119,0.11798,5-6 hours,"LKR 9,000 - 12,000"
1,0.04,0.08186,0.06454,4-5 hours,"LKR 7,000 - 9,000"
1,0.04,0.12296,0.06006,4-5 hours,"LKR 7,000 - 9,000"
1,0.04,0.08969,0.08185,4-5 hours,"LKR 7,000 - 9,000"
1,0.04,0.12733,0.08734,4-5 hours,"LKR 7,000 - 9,000"
1,0.04,0.1119,0.06341,4-5 hours,"LKR 7,000 - 9,000"
2,0.1,0.18711,0.21476,5-6 hours,"LKR 9,000 - 12,000"
2,0.1,0.21909,0.21419,5-6 hours,"LKR 9,000 - 12,000"
0,0.08,0.15084,0.1163,5-6 hours,"LKR 9,000 - 12,000"
0,0.08,0.26627,0.14072,5-6 hours,"LKR 9,000 - 12,000"
0,0.08,0.20808,0.11688,5-6 hours,"LKR 9,000 - 12,000"
0,0.08,0.17673,0.11013,5-6 hours,"LKR 9,000 - 12,000"
2,0.0504,0.1733,0.05987,5-6 hours,"LKR 9,000 - 12,000"
1,0.04,0.12447,0.06565,4-5 hours,"LKR 7,000 - 9,000"
0,0.08,0.15906,0.10383,5-6 hours,"LKR 9,000 - 12,000"
1,0.04,0.1179,0.0415,4-5 hours,"LKR 7,000 - 9,000"
2,0.1,0.24175,0.24723,5-6 hours,"LKR 9,000 - 12,000"
0,0.08,0.25373,0.16863,5-6 hours,"LKR 9,000 - 12,000"
0,0.08,0.23837,0.14458,6-7 hours,"LKR 12,000 - 15,000"
2,0.1,0.19214,0.22554,5-6 hours,"LKR 9,000 - 12,000"
0,0.08,0.22752,0.19649,5-6 hours,"LKR 9,000 - 12,000"
0,0.08,0.19148,0.12353,6-7 hours,"LKR 12,000 - 15,000"
1,0.04,0.10061,0.08155,4-5 hours,"LKR 7,000 - 9,000"
1,0.02151,0.06244,0.03553,3-4 hours,"LKR 5,000 - 7,000"
1,0.04,0.07843,0.07476,4-5 hours,"LKR 7,000 - 9,000"
1,0.04,0.12684,0.08379,4-5 hours,"LKR 7,000 - 9,000"
0,0.08,0.21407,0.18108,5-6 hours,"LKR 9,000 - 12,000"
1,0.04,0.11406,0.06488,4-5 hours,"LKR 7,000 - 9,000"
0,0.08,0.24387,0.15284,6-7 hours,"LKR 12,000 - 15,000"
2,0.08035,0.18799,0.18758,5-6 hours,"LKR 9,000 - 12,000"
0,0.05317,0.08963,0.11624,6-7 hours,"LKR 12,000 - 15,000"
0,0.08,0.13231,0.10461,5-6 hours,"LKR 9,000 - 12,000"
1,0.04,0.08061,0.07263,4-5 hours,"LKR 7,000 - 9,000"
1,0.04,0.11888,0.07078,4-5 hours,"LKR 7,000 - 9,000"
2,0.1,0.33716,0.16869,5-6 hours,"LKR 9,000 - 12,000"
0,0.08,0.13146,0.19322,5-6 hours,"LKR 9,000 - 12,000"
1,0.04,0.06995,0.0607,4-5 hours,"LKR 7,000 - 9,000"
2,0.1,0.26427,0.1225,5-6 hours,"LKR 9,000 - 12,000"
0,0.01583,0.04301,0.02506,3-4 hours,"LKR 5,000 - 7,000"
1,0.04,0.09453,0.05993,4-5 hours,"LKR 7,000 - 9,000"
1,0.0334,0.08742,0.06068,4-5 hours,"LKR 7,000 - 9,000"
1,0.04,0.08994,0.08565,4-5 hours,"LKR 7,000 - 9,000"
1,0.04,0.1064,0.05425,4-5 hours,"LKR 7,000 - 9,000"
1,0.04,0.08009,0.06998,4-5 hours,"LKR 7,000 - 9,000"
1,0.04,0.07625,0.04405,4-5 hours,"LKR 7,000 - 9,000"
2,0.1,0.29134,0.12891,5-6 hours,"LKR 9,000 - 12,000"
0,0.08,0.2247,0.1385,5-6 hours,"LKR 9,000 - 12,000"
1,0.04,0.09775,0.09213,4-5 hours,"LKR 7,000 - 9,000"
1,0.04,0.09563,0.06131,4-5 hours,"LKR 7,000 - 9,000"
2,0.1,0.29877,0.12101,5-6 hours,"LKR 9,000 - 12,000"
0,0.08,0.15836,0.092,5-6 hours,"LKR 9,000 - 12,000"
0,0.07286,0.14214,0.14,6-7 hours,"LKR 12,000 - 15,000"
2,0.1,0.22859,0.20049,5-6 hours,"LKR 9,000 - 12,000"
0,0.08,0.14164,0.15144,5-6 hours,"LKR 9,000 - 12,000"
0,0.05936,0.14736,0.08638,5-6 hours,"LKR 9,000 - 12,000"
1,0.04,0.10484,0.09197,4-5 hours,"LKR 7,000 - 9,000"
0,0.08,0.23908,0.1884,6-7 hours,"LKR 12,000 - 15,000"
0,0.08,0.21551,0.14829,6-7 hours,"LKR 12,000 - 15,000"
1,0.03871,0.09432,0.08853,4-5 hours,"LKR 7,000 - 9,000"
0,0.08,0.27706,0.16538,5-6 hours,"LKR 9,000 - 12,000"
1,0.04,0.07688,0.07024,4-5 hours,"LKR 7,000 - 9,000"
0,0.03958,0.10126,0.06626,4-5 hours,"LKR 7,000 - 9,000"
0,0.08,0.13737,0.16991,5-6 hours,"LKR 9,000 - 12,000"
2,0.08281,0.13733,0.09743,5-6 hours,"LKR 9,000 - 12,000"
1,0.04,0.10087,0.05285,4-5 hours,"LKR 7,000 - 9,000"
2,0.1,0.22574,0.22272,5-6 hours,"LKR 9,000 - 12,000"
0,0.08,0.15072,0.13859,5-6 hours,"LKR 9,000 - 12,000"
1,0.04,0.10284,0.09147,5-6 hours,"LKR 9,000 - 12,000"
1,0.04,0.09252,0.09195,4-5 hours,"LKR 7,000 - 9,000"
2,0.1,0.27393,0.2376,5-6 hours,"LKR 9,000 - 12,000"
0,0.02307,0.0354,0.05746,4-5 hours,"LKR 7,000 - 9,000"
0,0.08,0.16345,0.08398,5-6 hours,"LKR 9,000 - 12,000"
0,0.08,0.14892,0.17602,5-6 hours,"LKR 9,000 - 12,000"
1,0.04,0.08384,0.05096,4-5 hours,"LKR 7,000 - 9,000"
0,0.02757,0.06814,0.0444,4-5 hours,"LKR 7,000 - 9,000"
0,0.08,0.26251,0.16596,5-6 hours,"LKR 9,000 - 12,000"
0,0.08,0.2457,0.18805,5-6 hours,"LKR 9,000 - 12,000"
1,0.03082,0.05092,0.05873,4-5 hours,"LKR 7,000 - 9,000"
2,0.1,0.31764,0.10325,5-6 hours,"LKR 9,000 - 12,000"
1,0.04,0.1314,0.05362,4-5 hours,"LKR 7,000 - 9,000"
1,0.04,0.11594,0.07151,4-5 hours,"LKR 7,000 - 9,000"
0,0.08,0.18299,0.11272,6-7 hours,"LKR 12,000 - 15,000"
1,0.04,0.10978,0.04073,4-5 hours,"LKR 7,000 - 9,000"
1,0.04,0.13416,0.0639,4-5 hours,"LKR 7,000 - 9,000"
2,0.1,0.27488,0.2019,5-6 hours,"LKR 9,000 - 12,000"
0,0.08,0.15208,0.18667,5-6 hours,"LKR 9,000 - 12,000"
0,0.05349,0.1763,0.0655,5-6 hours,"LKR 9,000 - 12,000"
0,0.04003,0.11485,0.07743,4-5 hours,"LKR 7,000 - 9,000"
1,0.04,0.0848,0.08487,4-5 hours,"LKR 7,000 - 9,000"
2,0.1,0.23012,0.17242,5-6 hours,"LKR 9,000 - 12,000"
0,0.06298,0.16566,0.12074,6-7 hours,"LKR 12,000 - 15,000"
2,0.1,0.29494,0.1668,6-7 hours,"LKR 12,000 - 15,000"
1,0.04,0.08726,0.06807,4-5 hours,"LKR 7,000 - 9,000"
0,0.08,0.25863,0.08262,5-6 hours,"LKR 9,000 - 12,000"
1,0.04,0.12625,0.07831,4-5 hours,"LKR 7,000 - 9,000"
1,0.04,0.10069,0.04495,4-5 hours,"LKR 7,000 - 9,000"
1,0.04,0.10913,0.08336,4-5 hours,"LKR 7,000 - 9,000"
1,0.04,0.09989,0.05144,4-5 hours,"LKR 7,000 - 9,000"
0,0.08,0.12929,0.18275,5-6 hours,"LKR 9,000 - 12,000"
1,0.04,0.12127,0.06275,4-5 hours,"LKR 7,000 - 9,000"
0,0.08,0.19443,0.09038,6-7 hours,"LKR 12,000 - 15,000"
0,0.08,0.24761,0.16518,5-6 hours,"LKR 9,000 - 12,000"
1,0.04,0.08108,0.09414,4-5 hours,"LKR 7,000 - 9,000"
1,0.04,0.06388,0.08466,4-5 hours,"LKR 7,000 - 9,000"
1,0.04,0.06815,0.04376,4-5 hours,"LKR 7,000 - 9,000"
1,0.04,0.12384,0.05282,4-5 hours,"LKR 7,000 - 9,000"
0,0.08,0.25983,0.14847,5-6 hours,"LKR 9,000 - 12,000"
0,0.08,0.24714,0.17016,5-6 hours,"LKR 9,000 - 12,000"
0,0.08,0.15326,0.12759,5-6 hours,"LKR 9,000 - 12,000"
0,0.08,0.13829,0.11493,5-6 hours,"LKR 9,000 - 12,000"
1,0.04,0.10753,0.08807,4-5 hours,"LKR 7,000 - 9,000"
0,0.05135,0.13491,0.10802,5-6 hours,"LKR 9,000 - 12,000"
0,0.08,0.27999,0.13223,5-6 hours,"LKR 9,000 - 12,000"
1,0.02075,0.05639,0.04802,3-4 hours,"LKR 5,000 - 7,000"
0,0.08,0.18516,0.08313,5-6 hours,"LKR 9,000 - 12,000"
0,0.08,0.26357,0.11462,5-6 hours,"LKR 9,000 - 12,000"
2,0.1,0.15521,0.13556,5-6 hours,"LKR 9,000 - 12,000"
0,0.08,0.15917,0.12516,5-6 hours,"LKR 9,000 - 12,000"
0,0.03137,0.08121,0.03289,4-5 hours,"LKR 7,000 - 9,000"
0,0.08,0.26577,0.17757,5-6 hours,"LKR 9,000 - 12,000"
1,0.04,0.06029,0.08558,4-5 hours,"LKR 7,000 - 9,000"
1,0.04,0.07418,0.08093,4-5 hours,"LKR 7,000 - 9,000"
0,0.08,0.2195,0.13952,5-6 hours,"LKR 9,000 - 12,000"
0,0.08,0.21425,0.14596,6-7 hours,"LKR 12,000 - 15,000"
2,0.09293,0.21406,0.10281,5-6 hours,"LKR 9,000 - 12,000"
0,0.08,0.18292,0.10607,5-6 hours,"LKR 9,000 - 12,000"
1,0.04,0.08057,0.08506,4-5 hours,"LKR 7,000 - 9,000"
0,0.01096,0.02678,0.02377,3-4 hours,"LKR 5,000 - 7,000"
0,0.08,0.17009,0.1261,5-6 hours,"LKR 9,000 - 12,000"
1,0.04,0.06856,0.05756,4-5 hours,"LKR 7,000 - 9,000"
0,0.08,0.20812,0.11006,5-6 hours,"LKR 9,000 - 12,000"
0,0.05813,0.09105,0.14504,6-7 hours,"LKR 12,000 - 15,000"
1,0.04,0.08004,0.06007,4-5 hours,"LKR 7,000 - 9,000"
2,0.1,0.18144,0.13157,5-6 hours,"LKR 9,000 - 12,000"
2,0.1,0.26375,0.16775,5-6 hours,"LKR 9,000 - 12,000"
0,0.08,0.21733,0.16584,5-6 hours,"LKR 9,000 - 12,000"
1,0.04,0.06669,0.0564,4-5 hours,"LKR 7,000 - 9,000"
1,0.04,0.09619,0.04766,4-5 hours,"LKR 7,000 - 9,000"
1,0.04,0.10612,0.09603,4-5 hours,"LKR 7,000 - 9,000"
0,0.08,0.14397,0.1333,5-6 hours,"LKR 9,000 - 12,000"
1,0.04,0.12807,0.06751,5-6 hours,"LKR 9,000 - 12,000"
0,0.08,0.21019,0.08922,5-6 hours,"LKR 9,000 - 12,000"
2,0.1,0.28028,0.18024,5-6 hours,"LKR 9,000 - 12,000"
2,0.1,0.30002,0.13067,5-6 hours,"LKR 9,000 - 12,000"
0,0.08,0.1643,0.12772,5-6 hours,"LKR 9,000 - 12,000"
2,0.1,0.20299,0.13319,5-6 hours,"LKR 9,000 - 12,000"
0,0.08,0.26928,0.17069,5-6 hours,"LKR 9,000 - 12,000"
0,0.08,0.25155,0.17344,5-6 hours,"LKR 9,000 - 12,000"
2,0.1,0.18091,0.22922,5-6 hours,"LKR 9,000 - 12,000"
0,0.08,0.18501,0.08377,5-6 hours,"LKR 9,000 - 12,000"
0,0.08,0.21429,0.09705,5-6 hours,"LKR 9,000 - 12,000"
1,0.04,0.13586,0.04695,4-5 hours,"LKR 7,000 - 9,000"
0,0.08,0.20604,0.08715,5-6 hours,"LKR 9,000 - 12,000"
1,0.04,0.10359,0.06925,4-5 hours,"LKR 7,000 - 9,000"
1,0.02715,0.0661,0.06117,3-4 hours,"LKR 5,000 - 7,000"
0,0.08,0.2768,0.11836,5-6 hours,"LKR 9,000 - 12,000"
1,0.04,0.13502,0.04046,4-5 hours,"LKR 7,000 - 9,000"
1,0.04,0.10176,0.0628,5-6 hours,"LKR 9,000 - 12,000"
0,0.04215,0.14697,0.10337,4-5 hours,"LKR 7,000 - 9,000"
1,0.04,0.11622,0.08475,4-5 hours,"LKR 7,000 - 9,000"
2,0.1,0.30006,0.1822,5-6 hours,"LKR 9,000 - 12,000"
1,0.04,0.06284,0.09179,4-5 hours,"LKR 7,000 - 9,000"
1,0.04,0.12061,0.07154,4-5 hours,"LKR 7,000 - 9,000"
1,0.04,0.09476,0.04147,4-5 hours,"LKR 7,000 - 9,000"
0,0.08,0.13184,0.10439,6-7 hours,"LKR 12,000 - 15,000"
0,0.08,0.26015,0.10113,5-6 hours,"LKR 9,000 - 12,000"
0,0.08,0.15895,0.19889,5-6 hours,"LKR 9,000 - 12,000"
1,0.04,0.08251,0.07572,4-5 hours,"LKR 7,000 - 9,000"
0,0.08,0.19551,0.18233,5-6 hours,"LKR 9,000 - 12,000"
0,0.08,0.12743,0.09902,5-6 hours,"LKR 9,000 - 12,000"
0,0.03737,0.11811,0.07547,4-5 hours,"LKR 7,000 - 9,000"
0,0.05919,0.19634,0.09838,5-6 hours,"LKR 9,000 - 12,000"
2,0.1,0.33894,0.11686,5-6 hours,"LKR 9,000 - 12,000"
0,0.08,0.24565,0.16366,5-6 hours,"LKR 9,000 - 12,000"
2,0.1,0.2669,0.16595,5-6 hours,"LKR 9,000 - 12,000"
0,0.08,0.21737,0.12658,5-6 hours,"LKR 9,000 - 12,000"
1,0.0365,0.05843,0.07228,4-5 hours,"LKR 7,000 - 9,000"
2,0.1,0.26276,0.12362,5-6 hours,"LKR 9,000 - 12,000"
2,0.0858,0.18227,0.20285,5-6 hours,"LKR 9,000 - 12,000"
1,0.04,0.11054,0.08588,4-5 hours,"LKR 7,000 - 9,000"
1,0.04,0.13742,0.04609,4-5 hours,"LKR 7,000 - 9,000"
0,0.08,0.27689,0.17655,5-6 hours,"LKR 9,000 - 12,000"
0,0.08,0.14301,0.18836,6-7 hours,"LKR 12,000 - 15,000"
1,0.04,0.0687,0.09593,4-5 hours,"LKR 7,000 - 9,000"
1,0.04,0.10341,0.06641,4-5 hours,"LKR 7,000 - 9,000"
1,0.04,0.06775,0.05415,5-6 hours,"LKR 9,000 - 12,000"
2,0.1,0.3347,0.1899,5-6 hours,"LKR 9,000 - 12,000"
1,0.04,0.09052,0.08408,4-5 hours,"LKR 7,000 - 9,000"
1,0.04,0.07412,0.0781,4-5 hours,"LKR 7,000 - 9,000"
1,0.04,0.13942,0.07736,5-6 hours,"LKR 9,000 - 12,000"
0,0.08,0.16138,0.11908,5-6 hours,"LKR 9,000 - 12,000"
2,0.1,0.22717,0.15095,5-6 hours,"LKR 9,000 - 12,000"
1,0.04,0.11029,0.09487,5-6 hours,"LKR 9,000 - 12,000"
0,0.08,0.15879,0.15134,5-6 hours,"LKR 9,000 - 12,000"
2,0.1,0.18952,0.10097,5-6 hours,"LKR 9,000 - 12,000"
2,0.1,0.27937,0.24554,5-6 hours,"LKR 9,000 - 12,000"
0,0.08,0.1752,0.14267,5-6 hours,"LKR 9,000 - 12,000"
0,0.08,0.12928,0.15002,5-6 hours,"LKR 9,000 - 12,000"
1,0.04,0.06135,0.06342,4-5 hours,"LKR 7,000 - 9,000"
0,0.08,0.18613,0.13043,6-7 hours,"LKR 12,000 - 15,000"
0,0.08,0.21598,0.14318,5-6 hours,"LKR 9,000 - 12,000"
2,0.06525,0.13825,0.12563,5-6 hours,"LKR 9,000 - 12,000"
0,0.06241,0.14735,0.1049,5-6 hours,"LKR 9,000 - 12,000"
2,0.1,0.21447,0.1978,5-6 hours,"LKR 9,000 - 12,000"
1,0.03093,0.09146,0.04693,4-5 hours,"LKR 7,000 - 9,000"
0,0.08,0.16311,0.15185,5-6 hours,"LKR 9,000 - 12,000"
1,0.04,0.08405,0.07967,4-5 hours,"LKR 7,000 - 9,000"
1,0.04,0.07255,0.08155,5-6 hours,"LKR 9,000 - 12,000"
2,0.04478,0.06911,0.0975,6-7 hours,"LKR 12,000 - 15,000"
2,0.1,0.15864,0.22567,5-6 hours,"LKR 9,000 - 12,000"
1,0.04,0.11836,0.05425,4-5 hours,"LKR 7,000 - 9,000"
1,0.04,0.06658,0.0597,4-5 hours,"LKR 7,000 - 9,000"
1,0.04,0.1373,0.07062,4-5 hours,"LKR 7,000 - 9,000"
0,0.07984,0.13526,0.13166,5-6 hours,"LKR 9,000 - 12,000"
0,0.07993,0.21774,0.13115,5-6 hours,"LKR 9,000 - 12,000"
0,0.08,0.26076,0.13284,5-6 hours,"LKR 9,000 - 12,000"
0,0.08,0.23515,0.09339,5-6 hours,"LKR 9,000 - 12,000"
1,0.04,0.11442,0.04651,4-5 hours,"LKR 7,000 - 9,000"
1,0.02548,0.07194,0.0497,3-4 hours,"LKR 5,000 - 7,000"
1,0.04,0.10133,0.09951,5-6 hours,"LKR 9,000 - 12,000"
0,0.08,0.17378,0.15677,5-6 hours,"LKR 9,000 - 12,000"
1,0.04,0.13268,0.07143,4-5 hours,"LKR 7,000 - 9,000"
2,0.1,0.2989,0.11585,5-6 hours,"LKR 9,000 - 12,000"
1,0.04,0.12543,0.06246,4-5 hours,"LKR 7,000 - 9,000"
0,0.08,0.18988,0.15825,6-7 hours,"LKR 12,000 - 15,000"
0,0.08,0.23561,0.16208,5-6 hours,"LKR 9,000 - 12,000"
0,0.08,0.15714,0.08571,5-6 hours,"LKR 9,000 - 12,000"
0,0.08,0.21298,0.17777,5-6 hours,"LKR 9,000 - 12,000"
2,0.1,0.26333,0.14074,5-6 hours,"LKR 9,000 - 12,000"
1,0.04,0.12615,0.04457,4-5 hours,"LKR 7,000 - 9,000"
1,0.04,0.09987,0.0986,4-5 hours,"LKR 7,000 - 9,000"
0,0.08,0.25942,0.14137,5-6 hours,"LKR 9,000 - 12,000"
0,0.08,0.22042,0.1881,5-6 hours,"LKR 9,000 - 12,000"
0,0.08,0.2189,0.12099,6-7 hours,"LKR 12,000 - 15,000"
0,0.08,0.16302,0.10925,5-6 hours,"LKR 9,000 - 12,000"
1,0.04,0.12257,0.05052,4-5 hours,"LKR 7,000 - 9,000"
1,0.04,0.12812,0.04333,4-5 hours,"LKR 7,000 - 9,000"
1,0.04,0.11931,0.0597,4-5 hours,"LKR 7,000 - 9,000"
2,0.1,0.20953,0.1662,5-6 hours,"LKR 9,000 - 12,000"
0,0.08,0.12515,0.08573,5-6 hours,"LKR 9,000 - 12,000"
1,0.04,0.10003,0.07273,4-5 hours,"LKR 7,000 - 9,000"
1,0.04,0.07746,0.07146,4-5 hours,"LKR 7,000 - 9,000"
0,0.08,0.15092,0.1368,5-6 hours,"LKR 9,000 - 12,000"
1,0.04,0.06498,0.09533,4-5 hours,"LKR 7,000 - 9,000"
1,0.04,0.12078,0.07386,4-5 hours,"LKR 7,000 - 9,000"
2,0.06576,0.18388,0.15535,5-6 hours,"LKR 9,000 - 12,000"
0,0.08,0.19909,0.15061,5-6 hours,"LKR 9,000 - 12,000"
1,0.04,0.13754,0.08235,4-5 hours,"LKR 7,000 - 9,000"
0,0.08,0.2525,0.17498,5-6 hours,"LKR 9,000 - 12,000"
2,0.1,0.33117,0.15594,5-6 hours,"LKR 9,000 - 12,000"
0,0.08,0.15303,0.14329,5-6 hours,"LKR 9,000 - 12,000"
0,0.08,0.13707,0.146,5-6 hours,"LKR 9,000 - 12,000"
0,0.08,0.2148,0.16067,6-7 hours,"LKR 12,000 - 15,000"
2,0.1,0.27669,0.20179,5-6 hours,"LKR 9,000 - 12,000"
1,0.04,0.11591,0.09729,4-5 hours,"LKR 7,000 - 9,000"
2,0.1,0.20371,0.16471,5-6 hours,"LKR 9,000 - 12,000"
1,0.03083,0.08757,0.07249,5-6 hours,"LKR 9,000 - 12,000"
2,0.1,0.19546,0.13813,5-6 hours,"LKR 9,000 - 12,000"
1,0.04,0.13782,0.07361,4-5 hours,"LKR 7,000 - 9,000"
0,0.08,0.23266,0.15942,6-7 hours,"LKR 12,000 - 15,000"
0,0.08,0.19185,0.1227,5-6 hours,"LKR 9,000 - 12,000"
2,0.1,0.15814,0.17323,5-6 hours,"LKR 9,000 - 12,000"
0,0.08,0.23749,0.16724,5-6 hours,"LKR 9,000 - 12,000"
2,0.1,0.27435,0.14724,5-6 hours,"LKR 9,000 - 12,000"
0,0.08,0.26009,0.14182,5-6 hours,"LKR 9,000 - 12,000"
0,0.08,0.25925,0.19273,6-7 hours,"LKR 12,000 - 15,000"
0,0.08,0.27652,0.13655,5-6 hours,"LKR 9,000 - 12,000"
0,0.08,0.23839,0.15942,5-6 hours,"LKR 9,000 - 12,000"
1,0.04,0.08358,0.08812,4-5 hours,"LKR 7,000 - 9,000"
2,0.1,0.1699,0.19842,5-6 hours,"LKR 9,000 - 12,000"
0,0.08,0.16747,0.11376,5-6 hours,"LKR 9,000 - 12,000"
2,0.1,0.2255,0.14756,5-6 hours,"LKR 9,000 - 12,000"
1,0.02916,0.0956,0.04882,3-4 hours,"LKR 5,000 - 7,000"
2,0.1,0.33565,0.21955,5-6 hours,"LKR 9,000 - 12,000"
0,0.08,0.16567,0.11572,5-6 hours,"LKR 9,000 - 12,000"
0,0.08,0.22582,0.11898,5-6 hours,"LKR 9,000 - 12,000"
0,0.08,0.13683,0.09692,5-6 hours,"LKR 9,000 - 12,000"
1,0.04,0.06678,0.0744,4-5 hours,"LKR 7,000 - 9,000"
2,0.1,0.19076,0.10467,5-6 hours,"LKR 9,000 - 12,000"
0,0.07194,0.14017,0.14463,5-6 hours,"LKR 9,000 - 12,000"
0,0.08,0.23962,0.18201,5-6 hours,"LKR 9,000 - 12,000"
1,0.04,0.07147,0.06244,4-5 hours,"LKR 7,000 - 9,000"
2,0.07215,0.19028,0.15661,5-6 hours,"LKR 9,000 - 12,000"
0,0.08,0.25783,0.19204,5-6 hours,"LKR 9,000 - 12,000"
0,0.08,0.13229,0.17037,5-6 hours,"LKR 9,000 - 12,000"
2,0.1,0.23539,0.23532,5-6 hours,"LKR 9,000 - 12,000"
0,0.08,0.1554,0.14329,5-6 hours,"LKR 9,000 - 12,000"
1,0.02989,0.06935,0.06612,3-4 hours,"LKR 5,000 - 7,000"
0,0.08,0.24823,0.16652,5-6 hours,"LKR 9,000 - 12,000"
2,0.1,0.29659,0.13513,5-6 hours,"LKR 9,000 - 12,000"
0,0.08,0.24583,0.12008,5-6 hours,"LKR 9,000 - 12,000"
1,0.04,0.10713,0.09491,4-5 hours,"LKR 7,000 - 9,000"
2,0.06507,0.09815,0.08343,6-7 hours,"LKR 12,000 - 15,000"
1,0.02009,0.06932,0.03944,3-4 hours,"LKR 5,000 - 7,000"
0,0.08,0.12014,0.10366,5-6 hours,"LKR 9,000 - 12,000"
1,0.04,0.06826,0.07198,5-6 hours,"LKR 9,000 - 12,000"
1,0.04,0.06786,0.07143,4-5 hours,"LKR 7,000 - 9,000"
0,0.08,0.21953,0.08964,5-6 hours,"LKR 9,000 - 12,000"
0,0.08,0.12492,0.14448,5-6 hours,"LKR 9,000 - 12,000"
1,0.04,0.10204,0.04546,4-5 hours,"LKR 7,000 - 9,000"
1,0.04,0.07726,0.06425,4-5 hours,"LKR 7,000 - 9,000"
2,0.1,0.25116,0.19091,6-7 hours,"LKR 12,000 - 15,000"
1,0.04,0.10525,0.08694,5-6 hours,"LKR 9,000 - 12,000"
2,0.1,0.30032,0.15802,5-6 hours,"LKR 9,000 - 12,000"
0,0.08,0.19879,0.18276,5-6 hours,"LKR 9,000 - 12,000"
0,0.08,0.13937,0.10659,5-6 hours,"LKR 9,000 - 12,000"
0,0.01066,0.02928,0.01437,3-4 hours,"LKR 5,000 - 7,000"
1,0.04,0.10488,0.07655,4-5 hours,"LKR 7,000 - 9,000"
1,0.04,0.06497,0.04539,4-5 hours,"LKR 7,000 - 9,000"
0,0.08,0.24434,0.14071,5-6 hours,"LKR 9,000 - 12,000"
1,0.02142,0.04863,0.02154,3-4 hours,"LKR 5,000 - 7,000"
0,0.08,0.24579,0.11237,5-6 hours,"LKR 9,000 - 12,000"
1,0.04,0.11859,0.08161,4-5 hours,"LKR 7,000 - 9,000"
0,0.08,0.22144,0.09376,5-6 hours,"LKR 9,000 - 12,000"
1,0.04,0.08239,0.05367,4-5 hours,"LKR 7,000 - 9,000"
1,0.04,0.1236,0.098,4-5 hours,"LKR 7,000 - 9,000"
2,0.1,0.15143,0.20225,5-6 hours,"LKR 9,000 - 12,000"
1,0.04,0.1177,0.08531,4-5 hours,"LKR 7,000 - 9,000"
1,0.04,0.12235,0.05411,4-5 hours,"LKR 7,000 - 9,000"
2,0.1,0.22592,0.19579,5-6 hours,"LKR 9,000 - 12,000"
2,0.1,0.20838,0.17345,5-6 hours,"LKR 9,000 - 12,000"
0,0.08,0.13225,0.19039,5-6 hours,"LKR 9,000 - 12,000"
0,0.08,0.16729,0.19709,5-6 hours,"LKR 9,000 - 12,000"
0,0.08,0.21597,0.08398,6-7 hours,"LKR 12,000 - 15,000"
0,0.08,0.20556,0.16325,5-6 hours,"LKR 9,000 - 12,000"
0,0.08,0.2772,0.0988,5-6 hours,"LKR 9,000 - 12,000"
0,0.08,0.13039,0.12658,5-6 hours,"LKR 9,000 - 12,000"
0,0.08,0.1875,0.0823,5-6 hours,"LKR 9,000 - 12,000"
0,0.08,0.17481,0.08262,5-6 hours,"LKR 9,000 - 12,000"
2,0.03322,0.09633,0.04062,5-6 hours,"LKR 9,000 - 12,000"
0,0.05176,0.17386,0.05237,5-6 hours,"LKR 9,000 - 12,000"
0,0.08,0.19671,0.19213,5-6 hours,"LKR 9,000 - 12,000"
0,0.08,0.20089,0.16331,5-6 hours,"LKR 9,000 - 12,000"
2,0.1,0.28395,0.24118,5-6 hours,"LKR 9,000 - 12,000"
1,0.04,0.0928,0.09031,4-5 hours,"LKR 7,000 - 9,000"
1,0.0329,0.08017,0.07763,4-5 hours,"LKR 7,000 - 9,000"
2,0.1,0.26242,0.24902,5-6 hours,"LKR 9,000 - 12,000"
1,0.04,0.06863,0.0636,4-5 hours,"LKR 7,000 - 9,000"
2,0.1,0.34204,0.19614,5-6 hours,"LKR 9,000 - 12,000"
1,0.04,0.1319,0.08704,4-5 hours,"LKR 7,000 - 9,000"
2,0.1,0.30752,0.10416,6-7 hours,"LKR 12,000 - 15,000"
0,0.08,0.23716,0.11852,5-6 hours,"LKR 9,000 - 12,000"
1,0.01215,0.03753,0.01633,2-3 hours,"LKR 3,000 - 5,000"
1,0.04,0.12213,0.05964,4-5 hours,"LKR 7,000 - 9,000"
0,0.08,0.19602,0.1306,5-6 hours,"LKR 9,000 - 12,000"
0,0.08,0.17912,0.13079,5-6 hours,"LKR 9,000 - 12,000"
2,0.1,0.24362,0.19674,5-6 hours,"LKR 9,000 - 12,000"
1,0.04,0.11117,0.06734,4-5 hours,"LKR 7,000 - 9,000"
0,0.08,0.20362,0.1214,5-6 hours,"LKR 9,000 - 12,000"
2,0.08526,0.1686,0.15789,5-6 hours,"LKR 9,000 - 12,000"
0,0.08,0.26628,0.1389,5-6 hours,"LKR 9,000 - 12,000"
2,0.1,0.2639,0.10281,5-6 hours,"LKR 9,000 - 12,000"
1,0.04,0.06683,0.07759,4-5 hours,"LKR 7,000 - 9,000"
1,0.04,0.13753,0.04941,4-5 hours,"LKR 7,000 - 9,000"
1,0.04,0.08879,0.04378,4-5 hours,"LKR 7,000 - 9,000"
0,0.08,0.13794,0.12573,5-6 hours,"LKR 9,000 - 12,000"
0,0.08,0.17621,0.12115,5-6 hours,"LKR 9,000 - 12,000"
0,0.08,0.25417,0.16901,5-6 hours,"LKR 9,000 - 12,000"
0,0.08,0.21583,0.10165,5-6 hours,"LKR 9,000 - 12,000"
1,0.04,0.08429,0.06465,5-6 hours,"LKR 9,000 - 12,000"
1,0.04,0.0811,0.0476,4-5 hours,"LKR 7,000 - 9,000"
1,0.04,0.08642,0.08349,4-5 hours,"LKR 7,000 - 9,000"
0,0.08,0.21525,0.10048,5-6 hours,"LKR 9,000 - 12,000"
0,0.08,0.2526,0.11428,5-6 hours,"LKR 9,000 - 12,000"
2,0.1,0.29856,0.1117,5-6 hours,"LKR 9,000 - 12,000"
0,0.08,0.16442,0.18779,5-6 hours,"LKR 9,000 - 12,000"
0,0.08,0.21773,0.11823,5-6 hours,"LKR 9,000 - 12,000"
2,0.0888,0.18066,0.20591,5-6 hours,"LKR 9,000 - 12,000"
0,0.08,0.22037,0.18185,5-6 hours,"LKR 9,000 - 12,000"
1,0.04,0.11714,0.05307,4-5 hours,"LKR 7,000 - 9,000"
0,0.05256,0.12841,0.08635,5-6 hours,"LKR 9,000 - 12,000"
0,0.08,0.12153,0.19597,5-6 hours,"LKR 9,000 - 12,000"
2,0.1,0.31846,0.21196,5-6 hours,"LKR 9,000 - 12,000"
1,0.04,0.13541,0.04999,4-5 hours,"LKR 7,000 - 9,000"
0,0.08,0.12717,0.1949,5-6 hours,"LKR 9,000 - 12,000"
0,0.0494,0.12262,0.08046,4-5 hours,"LKR 7,000 - 9,000"
1,0.04,0.08544,0.07158,4-5 hours,"LKR 7,000 - 9,000"
1,0.04,0.07187,0.08078,4-5 hours,"LKR 7,000 - 9,000"
2,0.1,0.33064,0.10315,5-6 hours,"LKR 9,000 - 12,000"
2,0.1,0.18372,0.10278,5-6 hours,"LKR 9,000 - 12,000"
2,0.07827,0.15955,0.18182,6-7 hours,"LKR 12,000 - 15,000"
2,0.1,0.18331,0.10734,5-6 hours,"LKR 9,000 - 12,000"
2,0.1,0.31814,0.21804,5-6 hours,"LKR 9,000 - 12,000"
0,0.08,0.21888,0.14905,5-6 hours,"LKR 9,000 - 12,000"
0,0.08,0.24175,0.14378,6-7 hours,"LKR 12,000 - 15,000"
0,0.08,0.13226,0.19535,5-6 hours,"LKR 9,000 - 12,000"
0,0.08,0.25479,0.12815,5-6 hours,"LKR 9,000 - 12,000"
0,0.02363,0.06093,0.03067,4-5 hours,"LKR 7,000 - 9,000"
0,0.08,0.23581,0.10241,5-6 hours,"LKR 9,000 - 12,000"
0,0.08,0.16739,0.18451,6-7 hours,"LKR 12,000 - 15,000"
1,0.04,0.11536,0.08929,4-5 hours,"LKR 7,000 - 9,000"
0,0.08,0.17473,0.19169,5-6 hours,"LKR 9,000 - 12,000"
0,0.08,0.20413,0.18671,5-6 hours,"LKR 9,000 - 12,000"
0,0.08,0.23056,0.18643,5-6 hours,"LKR 9,000 - 12,000"
1,0.04,0.11604,0.05519,4-5 hours,"LKR 7,000 - 9,000"
2,0.1,0.25942,0.23225,5-6 hours,"LKR 9,000 - 12,000"
0,0.08,0.12492,0.19212,5-6 hours,"LKR 9,000 - 12,000"
1,0.04,0.13113,0.06553,4-5 hours,"LKR 7,000 - 9,000"
0,0.08,0.22396,0.18815,5-6 hours,"LKR 9,000 - 12,000"
2,0.1,0.1613,0.20165,5-6 hours,"LKR 9,000 - 12,000"
0,0.08,0.17959,0.09333,5-6 hours,"LKR 9,000 - 12,000"
1,0.04,0.06284,0.09705,4-5 hours,"LKR 7,000 - 9,000"
0,0.03235,0.0731,0.06258,4-5 hours,"LKR 7,000 - 9,000"
0,0.08,0.12744,0.14238,5-6 hours,"LKR 9,000 - 12,000"
0,0.05929,0.19232,0.14579,5-6 hours,"LKR 9,000 - 12,000"
1,0.04,0.09739,0.08342,4-5 hours,"LKR 7,000 - 9,000"
0,0.08,0.25988,0.18595,5-6 hours,"LKR 9,000 - 12,000"
2,0.1,0.16059,0.15604,5-6 hours,"LKR 9,000 - 12,000"
0,0.05899,0.13952,0.07372,5-6 hours,"LKR 9,000 - 12,000"
0,0.08,0.24989,0.17399,5-6 hours,"LKR 9,000 - 12,000"
0,0.08,0.23097,0.19097,5-6 hours,"LKR 9,000 - 12,000"
0,0.08,0.22563,0.11959,5-6 hours,"LKR 9,000 - 12,000"
0,0.08,0.13051,0.17067,5-6 hours,"LKR 9,000 - 12,000"
2,0.1,0.26494,0.1841,5-6 hours,"LKR 9,000 - 12,000"
1,0.04,0.13922,0.08916,5-6 hours,"LKR 9,000 - 12,000"
0,0.08,0.16522,0.10207,6-7 hours,"LKR 12,000 - 15,000"
1,0.04,0.06794,0.08211,4-5 hours,"LKR 7,000 - 9,000"
1,0.03149,0.09345,0.06804,4-5 hours,"LKR 7,000 - 9,000"
0,0.08,0.13675,0.16601,5-6 hours,"LKR 9,000 - 12,000"
0,0.08,0.12331,0.09163,5-6 hours,"LKR 9,000 - 12,000"
1,0.03422,0.06312,0.03767,4-5 hours,"LKR 7,000 - 9,000"
0,0.08,0.18535,0.11619,6-7 hours,"LKR 12,000 - 15,000"
2,0.1,0.16794,0.19641,5-6 hours,"LKR 9,000 - 12,000"
0,0.08,0.14385,0.12154,6-7 hours,"LKR 12,000 - 15,000"
1,0.04,0.12854,0.07312,5-6 hours,"LKR 9,000 - 12,000"
2,0.1,0.31691,0.19892,6-7 hours,"LKR 12,000 - 15,000"
2,0.1,0.18415,0.23055,5-6 hours,"LKR 9,000 - 12,000"
1,0.04,0.08907,0.09154,4-5 hours,"LKR 7,000 - 9,000"
0,0.08,0.24476,0.10868,5-6 hours,"LKR 9,000 - 12,000"
0,0.08,0.17821,0.13185,5-6 hours,"LKR 9,000 - 12,000"
2,0.1,0.2726,0.17023,5-6 hours,"LKR 9,000 - 12,000"
1,0.03698,0.12619,0.05175,4-5 hours,"LKR 7,000 - 9,000"
2,0.1,0.18115,0.11921,6-7 hours,"LKR 12,000 - 15,000"
1,0.04,0.13534,0.0592,4-5 hours,"LKR 7,000 - 9,000"
1,0.04,0.07656,0.09934,4-5 hours,"LKR 7,000 - 9,000"
1,0.04,0.13692,0.07206,4-5 hours,"LKR 7,000 - 9,000"
1,0.04,0.07791,0.06746,4-5 hours,"LKR 7,000 - 9,000"
1,0.04,0.12384,0.07429,4-5 hours,"LKR 7,000 - 9,000"
1,0.04,0.09917,0.09803,4-5 hours,"LKR 7,000 - 9,000"
2,0.1,0.29177,0.24442,5-6 hours,"LKR 9,000 - 12,000"
0,0.08,0.21576,0.12489,5-6 hours,"LKR 9,000 - 12,000"
0,0.08,0.17914,0.15281,5-6 hours,"LKR 9,000 - 12,000"
1,0.04,0.08632,0.06652,4-5 hours,"LKR 7,000 - 9,000"
0,0.04714,0.15285,0.06024,4-5 hours,"LKR 7,000 - 9,000"
1,0.04,0.10936,0.04812,4-5 hours,"LKR 7,000 - 9,000"
1,0.04,0.1014,0.0906,4-5 hours,"LKR 7,000 - 9,000"
0,0.05704,0.15489,0.10631,5-6 hours,"LKR 9,000 - 12,000"
2,0.1,0.18698,0.14586,5-6 hours,"LKR 9,000 - 12,000"
0,0.08,0.2027,0.18671,5-6 hours,"LKR 9,000 - 12,000"
0,0.05968,0.17705,0.09598,5-6 hours,"LKR 9,000 - 12,000"
1,0.04,0.10366,0.06772,4-5 hours,"LKR 7,000 - 9,000"
2,0.1,0.19652,0.15144,6-7 hours,"LKR 12,000 - 15,000"
0,0.08,0.15662,0.10292,5-6 hours,"LKR 9,000 - 12,000"
1,0.04,0.11701,0.07067,4-5 hours,"LKR 7,000 - 9,000"
2,0.0537,0.13409,0.10331,5-6 hours,"LKR 9,000 - 12,000"
1,0.04,0.13056,0.09112,4-5 hours,"LKR 7,000 - 9,000"
0,0.08,0.24483,0.15726,5-6 hours,"LKR 9,000 - 12,000"
0,0.08,0.22436,0.14085,5-6 hours,"LKR 9,000 - 12,000"
0,0.08,0.23076,0.13512,5-6 hours,"LKR 9,000 - 12,000"
0,0.08,0.24176,0.10236,5-6 hours,"LKR 9,000 - 12,000"
1,0.04,0.08927,0.08762,4-5 hours,"LKR 7,000 - 9,000"
2,0.1,0.17048,0.1964,5-6 hours,"LKR 9,000 - 12,000"
1,0.03481,0.09429,0.05589,4-5 hours,"LKR 7,000 - 9,000"
1,0.04,0.10865,0.07744,4-5 hours,"LKR 7,000 - 9,000"
0,0.08,0.27609,0.16718,5-6 hours,"LKR 9,000 - 12,000"
0,0.08,0.22039,0.13774,5-6 hours,"LKR 9,000 - 12,000"
1,0.04,0.12651,0.06941,4-5 hours,"LKR 7,000 - 9,000"
1,0.04,0.13652,0.08661,4-5 hours,"LKR 7,000 - 9,000"
1,0.04,0.07533,0.0966,4-5 hours,"LKR 7,000 - 9,000"
1,0.04,0.13731,0.0609,4-5 hours,"LKR 7,000 - 9,000"
0,0.08,0.27153,0.16205,5-6 hours,"LKR 9,000 - 12,000"
0,0.08,0.13735,0.16692,5-6 hours,"LKR 9,000 - 12,000"
0,0.08,0.20248,0.13572,5-6 hours,"LKR 9,000 - 12,000"
2,0.1,0.3194,0.14918,5-6 hours,"LKR 9,000 - 12,000"
0,0.06651,0.16108,0.14881,5-6 hours,"LKR 9,000 - 12,000"
2,0.1,0.33435,0.23891,5-6 hours,"LKR 9,000 - 12,000"
2,0.1,0.32239,0.19243,5-6 hours,"LKR 9,000 - 12,000"
1,0.04,0.09103,0.0702,4-5 hours,"LKR 7,000 - 9,000"
1,0.04,0.10428,0.0577,4-5 hours,"LKR 7,000 - 9,000"
1,0.04,0.11277,0.04106,4-5 hours,"LKR 7,000 - 9,000"
0,0.08,0.17409,0.16408,5-6 hours,"LKR 9,000 - 12,000"
1,0.04,0.11966,0.05241,4-5 hours,"LKR 7,000 - 9,000"
1,0.04,0.11947,0.09318,4-5 hours,"LKR 7,000 - 9,000"
0,0.08,0.27485,0.09379,5-6 hours,"LKR 9,000 - 12,000"
1,0.04,0.09379,0.0552,4-5 hours,"LKR 7,000 - 9,000"
2,0.1,0.16421,0.17387,6-7 hours,"LKR 12,000 - 15,000"
0,0.08,0.16457,0.13327,5-6 hours,"LKR 9,000 - 12,000"
1,0.04,0.11141,0.0934,4-5 hours,"LKR 7,000 - 9,000"
0,0.08,0.1836,0.19374,5-6 hours,"LKR 9,000 - 12,000"
2,0.1,0.27602,0.24734,5-6 hours,"LKR 9,000 - 12,000"
2,0.04573,0.15786,0.06734,5-6 hours,"LKR 9,000 - 12,000"
0,0.08,0.14984,0.10826,5-6 hours,"LKR 9,000 - 12,000"
0,0.08,0.13442,0.1866,5-6 hours,"LKR 9,000 - 12,000"
0,0.08,0.23466,0.12202,5-6 hours,"LKR 9,000 - 12,000"
2,0.1,0.25844,0.14509,5-6 hours,"LKR 9,000 - 12,000"
1,0.04,0.09928,0.09531,4-5 hours,"LKR 7,000 - 9,000"
0,0.08,0.15996,0.13581,5-6 hours,"LKR 9,000 - 12,000"
2,0.1,0.31259,0.17424,5-6 hours,"LKR 9,000 - 12,000"
0,0.08,0.1766,0.16874,5-6 hours,"LKR 9,000 - 12,000"
0,0.03306,0.09647,0.04392,4-5 hours,"LKR 7,000 - 9,000"
1,0.04,0.13537,0.06616,4-5 hours,"LKR 7,000 - 9,000"
0,0.08,0.14074,0.18752,5-6 hours,"LKR 9,000 - 12,000"
0,0.08,0.25615,0.1564,5-6 hours,"LKR 9,000 - 12,000"
1,0.04,0.07695,0.07218,4-5 hours,"LKR 7,000 - 9,000"
1,0.04,0.13049,0.07864,4-5 hours,"LKR 7,000 - 9,000"
0,0.08,0.22434,0.18324,5-6 hours,"LKR 9,000 - 12,000"
0,0.08,0.20433,0.18198,6-7 hours,"LKR 12,000 - 15,000"
0,0.08,0.15274,0.0878,6-7 hours,"LKR 12,000 - 15,000"
1,0.04,0.07143,0.08532,4-5 hours,"LKR 7,000 - 9,000"
0,0.08,0.26343,0.15026,5-6 hours,"LKR 9,000 - 12,000"
0,0.06353,0.09556,0.15229,5-6 hours,"LKR 9,000 - 12,000"
2,0.1,0.26316,0.2388,6-7 hours,"LKR 12,000 - 15,000"
1,0.04,0.07096,0.05211,4-5 hours,"LKR 7,000 - 9,000"
0,0.08,0.27096,0.13804,5-6 hours,"LKR 9,000 - 12,000"
1,0.04,0.09584,0.04291,4-5 hours,"LKR 7,000 - 9,000"
0,0.08,0.19133,0.12082,5-6 hours,"LKR 9,000 - 12,000"
0,0.08,0.25645,0.14077,5-6 hours,"LKR 9,000 - 12,000"
0,0.08,0.24014,0.08441,5-6 hours,"LKR 9,000 - 12,000"
0,0.08,0.21729,0.09298,5-6 hours,"LKR 9,000 - 12,000"
2,0.1,0.2074,0.15312,6-7 hours,"LKR 12,000 - 15,000"
2,0.1,0.22602,0.15399,5-6 hours,"LKR 9,000 - 12,000"
0,0.08,0.12524,0.10962,5-6 hours,"LKR 9,000 - 12,000"
1,0.04,0.0837,0.05442,4-5 hours,"LKR 7,000 - 9,000"
0,0.03617,0.05795,0.08567,4-5 hours,"LKR 7,000 - 9,000"
2,0.1,0.18785,0.14342,5-6 hours,"LKR 9,000 - 12,000"
0,0.08,0.16305,0.19502,5-6 hours,"LKR 9,000 - 12,000"
0,0.08,0.19286,0.14645,5-6 hours,"LKR 9,000 - 12,000"
1,0.04,0.13216,0.05418,4-5 hours,"LKR 7,000 - 9,000"
0,0.08,0.20693,0.17948,5-6 hours,"LKR 9,000 - 12,000"
2,0.1,0.28541,0.20691,5-6 hours,"LKR 9,000 - 12,000"
1,0.04,0.08608,0.07251,4-5 hours,"LKR 7,000 - 9,000"
0,0.08,0.24195,0.19438,5-6 hours,"LKR 9,000 - 12,000"
0,0.08,0.14073,0.18459,5-6 hours,"LKR 9,000 - 12,000"
1,0.04,0.13696,0.05775,4-5 hours,"LKR 7,000 - 9,000"
1,0.0399,0.07473,0.05977,4-5 hours,"LKR 7,000 - 9,000"
1,0.04,0.1343,0.08101,5-6 hours,"LKR 9,000 - 12,000"
1,0.04,0.09706,0.04881,4-5 hours,"LKR 7,000 - 9,000"
2,0.1,0.1791,0.23726,5-6 hours,"LKR 9,000 - 12,000"
0,0.08,0.27862,0.08526,5-6 hours,"LKR 9,000 - 12,000"
0,0.08,0.18526,0.12998,5-6 hours,"LKR 9,000 - 12,000"
1,0.04,0.07898,0.09244,4-5 hours,"LKR 7,000 - 9,000"
1,0.04,0.12715,0.08575,4-5 hours,"LKR 7,000 - 9,000"
2,0.1,0.18212,0.23438,5-6 hours,"LKR 9,000 - 12,000"
1,0.03024,0.10419,0.03049,4-5 hours,"LKR 7,000 - 9,000"
2,0.1,0.15526,0.13365,5-6 hours,"LKR 9,000 - 12,000"
0,0.08,0.25752,0.15093,5-6 hours,"LKR 9,000 - 12,000"
1,0.04,0.09874,0.09076,4-5 hours,"LKR 7,000 - 9,000"
1,0.04,0.10667,0.08065,4-5 hours,"LKR 7,000 - 9,000"
0,0.08,0.2635,0.11874,6-7 hours,"LKR 12,000 - 15,000"
0,0.08,0.18078,0.19497,6-7 hours,"LKR 12,000 - 15,000"
1,0.04,0.11777,0.08246,4-5 hours,"LKR 7,000 - 9,000"
1,0.02193,0.03345,0.05158,3-4 hours,"LKR 5,000 - 7,000"
2,0.1,0.23989,0.23427,5-6 hours,"LKR 9,000 - 12,000"
0,0.08,0.1795,0.16689,5-6 hours,"LKR 9,000 - 12,000"
1,0.04,0.08334,0.07045,4-5 hours,"LKR 7,000 - 9,000"
1,0.04,0.0938,0.05705,4-5 hours,"LKR 7,000 - 9,000"
0,0.08,0.13998,0.13925,5-6 hours,"LKR 9,000 - 12,000"
0,0.03064,0.05121,0.04568,4-5 hours,"LKR 7,000 - 9,000"
0,0.08,0.26157,0.14167,5-6 hours,"LKR 9,000 - 12,000"
0,0.08,0.20349,0.10305,5-6 hours,"LKR 9,000 - 12,000"
0,0.04403,0.08735,0.04925,5-6 hours,"LKR 9,000 - 12,000"
0,0.08,0.21775,0.1823,5-6 hours,"LKR 9,000 - 12,000"
2,0.1,0.3451,0.12078,5-6 hours,"LKR 9,000 - 12,000"
0,0.08,0.27946,0.10788,5-6 hours,"LKR 9,000 - 12,000"
2,0.1,0.3463,0.2222,5-6 hours,"LKR 9,000 - 12,000"
0,0.08,0.22505,0.09987,5-6 hours,"LKR 9,000 - 12,000"
1,0.04,0.13115,0.09817,4-5 hours,"LKR 7,000 - 9,000"
1,0.04,0.06077,0.05321,4-5 hours,"LKR 7,000 - 9,000"
2,0.08112,0.24193,0.15498,5-6 hours,"LKR 9,000 - 12,000"
2,0.1,0.32492,0.10752,5-6 hours,"LKR 9,000 - 12,000"
0,0.07006,0.1852,0.08106,5-6 hours,"LKR 9,000 - 12,000"
2,0.1,0.30103,0.18954,6-7 hours,"LKR 12,000 - 15,000"
2,0.1,0.16386,0.21177,5-6 hours,"LKR 9,000 - 12,000"
0,0.08,0.2359,0.08993,5-6 hours,"LKR 9,000 - 12,000"
0,0.08,0.13194,0.12177,5-6 hours,"LKR 9,000 - 12,000"
1,0.04,0.11883,0.08999,4-5 hours,"LKR 7,000 - 9,000"
1,0.04,0.06567,0.05919,4-5 hours,"LKR 7,000 - 9,000"
2,0.1,0.1617,0.1819,5-6 hours,"LKR 9,000 - 12,000"
2,0.1,0.26965,0.10795,6-7 hours,"LKR 12,000 - 15,000"
0,0.08,0.16621,0.17564,5-6 hours,"LKR 9,000 - 12,000"
1,0.01975,0.04106,0.0252,3-4 hours,"LKR 5,000 - 7,000"
1,0.03488,0.08774,0.05617,4-5 hours,"LKR 7,000 - 9,000"
0,0.08,0.2628,0.14369,5-6 hours,"LKR 9,000 - 12,000"
1,0.04,0.09859,0.08147,4-5 hours,"LKR 7,000 - 9,000"
1,0.04,0.09766,0.09838,5-6 hours,"LKR 9,000 - 12,000"
0,0.08,0.13998,0.10046,5-6 hours,"LKR 9,000 - 12,000"
2,0.1,0.23565,0.20438,5-6 hours,"LKR 9,000 - 12,000"
0,0.08,0.20048,0.13475,5-6 hours,"LKR 9,000 - 12,000"
1,0.04,0.09273,0.0831,4-5 hours,"LKR 7,000 - 9,000"
1,0.03946,0.09602,0.0594,4-5 hours,"LKR 7,000 - 9,000"
2,0.08218,0.21419,0.1227,5-6 hours,"LKR 9,000 - 12,000"
0,0.08,0.18986,0.11229,5-6 hours,"LKR 9,000 - 12,000"
0,0.08,0.18992,0.12715,5-6 hours,"LKR 9,000 - 12,000"
1,0.04,0.0899,0.07219,4-5 hours,"LKR 7,000 - 9,000"
2,0.1,0.27715,0.24453,5-6 hours,"LKR 9,000 - 12,000"
0,0.08,0.20345,0.15786,5-6 hours,"LKR 9,000 - 12,000"
1,0.04,0.06803,0.08572,4-5 hours,"LKR 7,000 - 9,000"
2,0.01575,0.04324,0.01795,4-5 hours,"LKR 7,000 - 9,000"
0,0.08,0.13157,0.1872,5-6 hours,"LKR 9,000 - 12,000"
0,0.02949,0.09192,0.06263,4-5 hours,"LKR 7,000 - 9,000"
2,0.1,0.26942,0.13715,5-6 hours,"LKR 9,000 - 12,000"
1,0.04,0.13966,0.09383,4-5 hours,"LKR 7,000 - 9,000"
1,0.04,0.12445,0.0699,4-5 hours,"LKR 7,000 - 9,000"
2,0.1,0.31533,0.14067,5-6 hours,"LKR 9,000 - 12,000"
2,0.1,0.18192,0.23328,5-6 hours,"LKR 9,000 - 12,000"
1,0.03803,0.06904,0.04208,5-6 hours,"LKR 9,000 - 12,000"
0,0.08,0.12129,0.1811,5-6 hours,"LKR 9,000 - 12,000"
1,0.04,0.11231,0.07722,4-5 hours,"LKR 7,000 - 9,000"
0,0.08,0.14223,0.12397,5-6 hours,"LKR 9,000 - 12,000"
0,0.08,0.21661,0.14357,5-6 hours,"LKR 9,000 - 12,000"
1,0.04,0.11522,0.0459,4-5 hours,"LKR 7,000 - 9,000"
1,0.04,0.07737,0.04639,4-5 hours,"LKR 7,000 - 9,000"
0,0.08,0.25924,0.17417,5-6 hours,"LKR 9,000 - 12,000"
0,0.08,0.17411,0.10619,5-6 hours,"LKR 9,000 - 12,000"
2,0.1,0.16263,0.189,5-6 hours,"LKR 9,000 - 12,000"
0,0.0761,0.15178,0.15782,5-6 hours,"LKR 9,000 - 12,000"
0,0.08,0.20586,0.11354,5-6 hours,"LKR 9,000 - 12,000"
0,0.08,0.21692,0.09536,5-6 hours,"LKR 9,000 - 12,000"
1,0.04,0.07553,0.08137,4-5 hours,"LKR 7,000 - 9,000"
0,0.08,0.23132,0.11863,5-6 hours,"LKR 9,000 - 12,000"
1,0.04,0.07948,0.0454,4-5 hours,"LKR 7,000 - 9,000"
2,0.1,0.32911,0.16387,5-6 hours,"LKR 9,000 - 12,000"
0,0.08,0.19883,0.18812,5-6 hours,"LKR 9,000 - 12,000"
0,0.08,0.14952,0.1216,5-6 hours,"LKR 9,000 - 12,000"
0,0.08,0.12526,0.09631,5-6 hours,"LKR 9,000 - 12,000"
0,0.08,0.15867,0.11932,5-6 hours,"LKR 9,000 - 12,000"
0,0.08,0.12354,0.10626,5-6 hours,"LKR 9,000 - 12,000"
1,0.04,0.12502,0.07478,4-5 hours,"LKR 7,000 - 9,000"
2,0.1,0.32162,0.14705,5-6 hours,"LKR 9,000 - 12,000"
1,0.04,0.13727,0.05375,4-5 hours,"LKR 7,000 - 9,000"
2,0.08355,0.25451,0.19884,5-6 hours,"LKR 9,000 - 12,000"
0,0.04255,0.07685,0.07252,4-5 hours,"LKR 7,000 - 9,000"
1,0.04,0.09303,0.08179,4-5 hours,"LKR 7,000 - 9,000"
0,0.04783,0.11953,0.09855,4-5 hours,"LKR 7,000 - 9,000"
1,0.04,0.10778,0.09683,4-5 hours,"LKR 7,000 - 9,000"
2,0.1,0.17624,0.23235,5-6 hours,"LKR 9,000 - 12,000"
1,0.04,0.11615,0.07402,4-5 hours,"LKR 7,000 - 9,000"
0,0.08,0.27251,0.19557,5-6 hours,"LKR 9,000 - 12,000"
1,0.04,0.11347,0.05862,5-6 hours,"LKR 9,000 - 12,000"
1,0.04,0.07424,0.08646,4-5 hours,"LKR 7,000 - 9,000"
1,0.04,0.10809,0.09549,4-5 hours,"LKR 7,000 - 9,000"
0,0.04407,0.12018,0.0605,4-5 hours,"LKR 7,000 - 9,000"
1,0.04,0.08178,0.06726,4-5 hours,"LKR 7,000 - 9,000"
0,0.08,0.1237,0.1179,5-6 hours,"LKR 9,000 - 12,000"
2,0.1,0.19686,0.12906,5-6 hours,"LKR 9,000 - 12,000"
1,0.04,0.12448,0.07202,4-5 hours,"LKR 7,000 - 9,000"
1,0.04,0.08273,0.08698,4-5 hours,"LKR 7,000 - 9,000"
1,0.04,0.08764,0.08999,4-5 hours,"LKR 7,000 - 9,000"
1,0.04,0.12899,0.07731,4-5 hours,"LKR 7,000 - 9,000"
1,0.03773,0.13134,0.07951,4-5 hours,"LKR 7,000 - 9,000"
1,0.04,0.13018,0.09019,4-5 hours,"LKR 7,000 - 9,000"
0,0.08,0.15736,0.17696,5-6 hours,"LKR 9,000 - 12,000"
1,0.04,0.10924,0.04422,4-5 hours,"LKR 7,000 - 9,000"
1,0.04,0.13418,0.04388,4-5 hours,"LKR 7,000 - 9,000"
1,0.04,0.12581,0.07561,4-5 hours,"LKR 7,000 - 9,000"
1,0.04,0.06218,0.05381,4-5 hours,"LKR 7,000 - 9,000"
1,0.04,0.08049,0.06523,4-5 hours,"LKR 7,000 - 9,000"
1,0.04,0.07253,0.08252,4-5 hours,"LKR 7,000 - 9,000"
2,0.1,0.29345,0.15531,5-6 hours,"LKR 9,000 - 12,000"
1,0.04,0.13593,0.06156,5-6 hours,"LKR 9,000 - 12,000"
1,0.04,0.10006,0.06293,4-5 hours,"LKR 7,000 - 9,000"
0,0.08,0.21745,0.10622,5-6 hours,"LKR 9,000 - 12,000"
1,0.04,0.0627,0.07307,4-5 hours,"LKR 7,000 - 9,000"
2,0.1,0.26371,0.15777,5-6 hours,"LKR 9,000 - 12,000"
2,0.04666,0.12616,0.11175,5-6 hours,"LKR 9,000 - 12,000"
0,0.08,0.16862,0.11885,5-6 hours,"LKR 9,000 - 12,000"
0,0.08,0.18659,0.1748,5-6 hours,"LKR 9,000 - 12,000"
0,0.08,0.25147,0.14791,5-6 hours,"LKR 9,000 - 12,000"
0,0.08,0.21199,0.1904,6-7 hours,"LKR 12,000 - 15,000"
0,0.08,0.21969,0.16841,5-6 hours,"LKR 9,000 - 12,000"
2,0.09511,0.2523,0.19588,5-6 hours,"LKR 9,000 - 12,000"
0,0.08,0.15333,0.17527,5-6 hours,"LKR 9,000 - 12,000"
2,0.1,0.25958,0.239,5-6 hours,"LKR 9,000 - 12,000"
1,0.04,0.10876,0.05779,4-5 hours,"LKR 7,000 - 9,000"
0,0.08,0.22827,0.09094,5-6 hours,"LKR 9,000 - 12,000"
1,0.04,0.10983,0.04883,4-5 hours,"LKR 7,000 - 9,000"
0,0.08,0.13015,0.19756,5-6 hours,"LKR 9,000 - 12,000"
0,0.08,0.13854,0.10403,6-7 hours,"LKR 12,000 - 15,000"
0,0.08,0.17502,0.18143,6-7 hours,"LKR 12,000 - 15,000"
2,0.1,0.30032,0.21775,5-6 hours,"LKR 9,000 - 12,000"
2,0.1,0.15506,0.19043,5-6 hours,"LKR 9,000 - 12,000"
0,0.08,0.23401,0.15748,5-6 hours,"LKR 9,000 - 12,000"
0,0.08,0.22434,0.1528,5-6 hours,"LKR 9,000 - 12,000"
0,0.02977,0.09023,0.06634,4-5 hours,"LKR 7,000 - 9,000"
2,0.0643,0.12293,0.10516,5-6 hours,"LKR 9,000 - 12,000"
0,0.08,0.12362,0.1508,5-6 hours,"LKR 9,000 - 12,000"
1,0.04,0.10496,0.06456,4-5 hours,"LKR 7,000 - 9,000"
0,0.08,0.12728,0.14496,5-6 hours,"LKR 9,000 - 12,000"
1,0.04,0.08514,0.08273,4-5 hours,"LKR 7,000 - 9,000"
0,0.08,0.22765,0.13969,5-6 hours,"LKR 9,000 - 12,000"
1,0.04,0.13081,0.06071,4-5 hours,"LKR 7,000 - 9,000"
2,0.1,0.23088,0.17423,5-6 hours,"LKR 9,000 - 12,000"
2,0.1,0.22859,0.20525,6-7 hours,"LKR 12,000 - 15,000"
0,0.08,0.26482,0.15579,5-6 hours,"LKR 9,000 - 12,000"
0,0.08,0.19978,0.18609,5-6 hours,"LKR 9,000 - 12,000"
1,0.04,0.07075,0.06347,4-5 hours,"LKR 7,000 - 9,000"
0,0.08,0.12826,0.09429,5-6 hours,"LKR 9,000 - 12,000"
1,0.04,0.08995,0.0525,4-5 hours,"LKR 7,000 - 9,000"
1,0.04,0.11875,0.07229,4-5 hours,"LKR 7,000 - 9,000"
0,0.08,0.13243,0.12813,5-6 hours,"LKR 9,000 - 12,000"
0,0.08,0.18477,0.08476,5-6 hours,"LKR 9,000 - 12,000"
0,0.08,0.20144,0.11794,5-6 hours,"LKR 9,000 - 12,000"
1,0.04,0.13847,0.0776,4-5 hours,"LKR 7,000 - 9,000"
0,0.08,0.24396,0.13382,5-6 hours,"LKR 9,000 - 12,000"
2,0.1,0.16934,0.21156,5-6 hours,"LKR 9,000 - 12,000"
0,0.02843,0.0971,0.03736,5-6 hours,"LKR 9,000 - 12,000"
2,0.1,0.24437,0.16737,5-6 hours,"LKR 9,000 - 12,000"
1,0.04,0.12109,0.09741,4-5 hours,"LKR 7,000 - 9,000"
2,0.1,0.32907,0.18399,5-6 hours,"LKR 9,000 - 12,000"
1,0.03989,0.12706,0.075,4-5 hours,"LKR 7,000 - 9,000"
0,0.08,0.26902,0.17859,5-6 hours,"LKR 9,000 - 12,000"
0,0.08,0.25482,0.19916,5-6 hours,"LKR 9,000 - 12,000"
0,0.07355,0.18417,0.15968,5-6 hours,"LKR 9,000 - 12,000"
2,0.1,0.29419,0.21735,5-6 hours,"LKR 9,000 - 12,000"
0,0.08,0.12051,0.11385,5-6 hours,"LKR 9,000 - 12,000"
0,0.07675,0.20087,0.07706,5-6 hours,"LKR 9,000 - 12,000"
0,0.08,0.15354,0.19101,6-7 hours,"LKR 12,000 - 15,000"
2,0.1,0.20637,0.18833,5-6 hours,"LKR 9,000 - 12,000"
2,0.1,0.23112,0.15017,5-6 hours,"LKR 9,000 - 12,000"
1,0.04,0.13977,0.09725,4-5 hours,"LKR 7,000 - 9,000"
1,0.04,0.10888,0.04245,4-5 hours,"LKR 7,000 - 9,000"
2,0.1,0.28772,0.14172,5-6 hours,"LKR 9,000 - 12,000"
0,0.08,0.21533,0.08163,5-6 hours,"LKR 9,000 - 12,000"
2,0.1,0.27568,0.21424,5-6 hours,"LKR 9,000 - 12,000"
2,0.1,0.28433,0.12639,5-6 hours,"LKR 9,000 - 12,000"
0,0.08,0.20059,0.17966,5-6 hours,"LKR 9,000 - 12,000"
1,0.04,0.11223,0.06602,4-5 hours,"LKR 7,000 - 9,000"
1,0.04,0.11758,0.07349,4-5 hours,"LKR 7,000 - 9,000"
2,0.0907,0.29705,0.14583,6-7 hours,"LKR 12,000 - 15,000"
0,0.08,0.23477,0.08228,5-6 hours,"LKR 9,000 - 12,000"
0,0.08,0.22654,0.16824,5-6 hours,"LKR 9,000 - 12,000"
2,0.1,0.34766,0.21923,5-6 hours,"LKR 9,000 - 12,000"
1,0.04,0.07199,0.09676,4-5 hours,"LKR 7,000 - 9,000"
2,0.1,0.25087,0.24507,5-6 hours,"LKR 9,000 - 12,000"
0,0.08,0.26399,0.11433,5-6 hours,"LKR 9,000 - 12,000"
2,0.1,0.1657,0.22378,5-6 hours,"LKR 9,000 - 12,000"
1,0.04,0.06267,0.06732,4-5 hours,"LKR 7,000 - 9,000"
1,0.04,0.09849,0.08734,5-6 hours,"LKR 9,000 - 12,000"
0,0.08,0.14505,0.15694,5-6 hours,"LKR 9,000 - 12,000"
1,0.04,0.1355,0.06046,4-5 hours,"LKR 7,000 - 9,000"
1,0.04,0.10709,0.05547,4-5 hours,"LKR 7,000 - 9,000"
0,0.08,0.15057,0.14099,5-6 hours,"LKR 9,000 - 12,000"
1,0.04,0.13999,0.09217,4-5 hours,"LKR 7,000 - 9,000"
0,0.08,0.19463,0.14909,5-6 hours,"LKR 9,000 - 12,000"
2,0.1,0.24408,0.14181,5-6 hours,"LKR 9,000 - 12,000"
1,0.04,0.10893,0.04797,4-5 hours,"LKR 7,000 - 9,000"
0,0.08,0.2248,0.08733,5-6 hours,"LKR 9,000 - 12,000"
2,0.1,0.1645,0.24911,5-6 hours,"LKR 9,000 - 12,000"
0,0.08,0.19513,0.18939,6-7 hours,"LKR 12,000 - 15,000"
1,0.04,0.06468,0.06512,4-5 hours,"LKR 7,000 - 9,000"
0,0.08,0.20564,0.18952,6-7 hours,"LKR 12,000 - 15,000"
1,0.04,0.11005,0.06467,4-5 hours,"LKR 7,000 - 9,000"
1,0.04,0.12348,0.05273,4-5 hours,"LKR 7,000 - 9,000"
2,0.1,0.18522,0.24583,5-6 hours,"LKR 9,000 - 12,000"
0,0.08,0.24382,0.19692,5-6 hours,"LKR 9,000 - 12,000"
1,0.04,0.10281,0.07375,4-5 hours,"LKR 7,000 - 9,000"
2,0.1,0.21493,0.1686,5-6 hours,"LKR 9,000 - 12,000"
2,0.1,0.18417,0.24836,5-6 hours,"LKR 9,000 - 12,000"
0,0.06404,0.20363,0.07017,5-6 hours,"LKR 9,000 - 12,000"
0,0.08,0.26938,0.11726,5-6 hours,"LKR 9,000 - 12,000"
0,0.08,0.24121,0.16672,6-7 hours,"LKR 12,000 - 15,000"
0,0.08,0.13448,0.16395,5-6 hours,"LKR 9,000 - 12,000"
0,0.08,0.24959,0.15326,5-6 hours,"LKR 9,000 - 12,000"
1,0.04,0.11427,0.05503,4-5 hours,"LKR 7,000 - 9,000"
0,0.0528,0.1636,0.11024,5-6 hours,"LKR 9,000 - 12,000"
1,0.04,0.08819,0.06994,4-5 hours,"LKR 7,000 - 9,000"
2,0.1,0.1512,0.11908,5-6 hours,"LKR 9,000 - 12,000"
0,0.08,0.27668,0.09492,5-6 hours,"LKR 9,000 - 12,000"
2,0.1,0.29251,0.24593,5-6 hours,"LKR 9,000 - 12,000"
0,0.08,0.12417,0.14585,5-6 hours,"LKR 9,000 - 12,000"
0,0.08,0.25532,0.11548,5-6 hours,"LKR 9,000 - 12,000"
1,0.04,0.08483,0.05979,4-5 hours,"LKR 7,000 - 9,000"
1,0.04,0.09291,0.07022,4-5 hours,"LKR 7,000 - 9,000"
1,0.04,0.06998,0.09687,4-5 hours,"LKR 7,000 - 9,000"
1,0.04,0.07337,0.08557,4-5 hours,"LKR 7,000 - 9,000"
0,0.08,0.20494,0.19626,5-6 hours,"LKR 9,000 - 12,000"
1,0.04,0.11299,0.07006,4-5 hours,"LKR 7,000 - 9,000"
1,0.03557,0.09502,0.05171,4-5 hours,"LKR 7,000 - 9,000"
1,0.03539,0.06808,0.04898,4-5 hours,"LKR 7,000 - 9,000"
1,0.04,0.08649,0.06064,4-5 hours,"LKR 7,000 - 9,000"
0,0.08,0.16711,0.14345,5-6 hours,"LKR 9,000 - 12,000"
0,0.08,0.23924,0.15755,5-6 hours,"LKR 9,000 - 12,000"
0,0.08,0.18214,0.18135,6-7 hours,"LKR 12,000 - 15,000"
1,0.04,0.12705,0.08997,4-5 hours,"LKR 7,000 - 9,000"
1,0.04,0.10229,0.05748,4-5 hours,"LKR 7,000 - 9,000"
2,0.1,0.21505,0.20992,5-6 hours,"LKR 9,000 - 12,000"
0,0.08,0.21719,0.09922,5-6 hours,"LKR 9,000 - 12,000"
0,0.08,0.26081,0.138,5-6 hours,"LKR 9,000 - 12,000"
0,0.08,0.15042,0.13706,6-7 hours,"LKR 12,000 - 15,000"
1,0.03107,0.05223,0.07161,4-5 hours,"LKR 7,000 - 9,000"
2,0.1,0.15646,0.12006,5-6 hours,"LKR 9,000 - 12,000"
1,0.04,0.10601,0.05565,4-5 hours,"LKR 7,000 - 9,000"
0,0.08,0.13056,0.15784,5-6 hours,"LKR 9,000 - 12,000"
1,0.01531,0.03133,0.02563,3-4 hours,"LKR 5,000 - 7,000"
0,0.08,0.12844,0.1689,5-6 hours,"LKR 9,000 - 12,000"
1,0.04,0.11546,0.0557,4-5 hours,"LKR 7,000 - 9,000"
0,0.08,0.1204,0.17985,5-6 hours,"LKR 9,000 - 12,000"
2,0.1,0.31601,0.12564,5-6 hours,"LKR 9,000 - 12,000"
1,0.03594,0.11593,0.03764,4-5 hours,"LKR 7,000 - 9,000"
0,0.08,0.2561,0.08575,5-6 hours,"LKR 9,000 - 12,000"
0,0.08,0.25869,0.14531,6-7 hours,"LKR 12,000 - 15,000"
0,0.08,0.13926,0.18919,5-6 hours,"LKR 9,000 - 12,000"
1,0.04,0.08843,0.07413,4-5 hours,"LKR 7,000 - 9,000"
0,0.08,0.18097,0.16976,5-6 hours,"LKR 9,000 - 12,000"
0,0.08,0.25813,0.1009,6-7 hours,"LKR 12,000 - 15,000"
1,0.04,0.06725,0.0958,4-5 hours,"LKR 7,000 - 9,000"
0,0.07153,0.20007,0.13416,5-6 hours,"LKR 9,000 - 12,000"
1,0.04,0.13164,0.09102,4-5 hours,"LKR 7,000 - 9,000"
2,0.1,0.31752,0.17345,5-6 hours,"LKR 9,000 - 12,000"
0,0.08,0.25784,0.17516,5-6 hours,"LKR 9,000 - 12,000"
0,0.08,0.21136,0.15604,5-6 hours,"LKR 9,000 - 12,000"
1,0.04,0.11851,0.08404,4-5 hours,"LKR 7,000 - 9,000"
0,0.04351,0.15089,0.0988,5-6 hours,"LKR 9,000 - 12,000"
2,0.1,0.19376,0.21377,6-7 hours,"LKR 12,000 - 15,000"
0,0.08,0.24266,0.08707,5-6 hours,"LKR 9,000 - 12,000"
2,0.09198,0.24921,0.18424,5-6 hours,"LKR 9,000 - 12,000"
0,0.08,0.25115,0.1593,6-7 hours,"LKR 12,000 - 15,000"
0,0.08,0.16752,0.19156,5-6 hours,"LKR 9,000 - 12,000"
0,0.0773,0.25447,0.11747,5-6 hours,"LKR 9,000 - 12,000"
0,0.08,0.16916,0.13586,5-6 hours,"LKR 9,000 - 12,000"
1,0.04,0.07654,0.05717,4-5 hours,"LKR 7,000 - 9,000"
0,0.08,0.24296,0.128,5-6 hours,"LKR 9,000 - 12,000"
1,0.04,0.13915,0.06835,4-5 hours,"LKR 7,000 - 9,000"
1,0.01826,0.03123,0.01901,3-4 hours,"LKR 5,000 - 7,000"
0,0.08,0.12773,0.14714,5-6 hours,"LKR 9,000 - 12,000"
0,0.08,0.20419,0.12263,5-6 hours,"LKR 9,000 - 12,000"
2,0.1,0.22135,0.24784,5-6 hours,"LKR 9,000 - 12,000"
0,0.08,0.14919,0.08265,5-6 hours,"LKR 9,000 - 12,000"
2,0.1,0.29141,0.16283,5-6 hours,"LKR 9,000 - 12,000"
0,0.08,0.23233,0.12968,5-6 hours,"LKR 9,000 - 12,000"
0,0.08,0.1218,0.10726,5-6 hours,"LKR 9,000 - 12,000"
0,0.08,0.27978,0.19334,6-7 hours,"LKR 12,000 - 15,000"
1,0.04,0.10186,0.07967,4-5 hours,"LKR 7,000 - 9,000"
0,0.08,0.276,0.16317,5-6 hours,"LKR 9,000 - 12,000"
0,0.08,0.18727,0.16014,6-7 hours,"LKR 12,000 - 15,000"
1,0.04,0.1194,0.09376,4-5 hours,"LKR 7,000 - 9,000"
1,0.04,0.10125,0.09559,4-5 hours,"LKR 7,000 - 9,000"
2,0.1,0.26943,0.20397,5-6 hours,"LKR 9,000 - 12,000"
0,0.074,0.25345,0.09052,5-6 hours,"LKR 9,000 - 12,000"
1,0.04,0.11238,0.08202,4-5 hours,"LKR 7,000 - 9,000"
0,0.08,0.13163,0.08498,5-6 hours,"LKR 9,000 - 12,000"
0,0.08,0.23128,0.15834,5-6 hours,"LKR 9,000 - 12,000"
0,0.08,0.25086,0.08657,5-6 hours,"LKR 9,000 - 12,000"
0,0.08,0.14416,0.17676,5-6 hours,"LKR 9,000 - 12,000"
0,0.08,0.1973,0.11372,5-6 hours,"LKR 9,000 - 12,000"
2,0.1,0.24792,0.11339,5-6 hours,"LKR 9,000 - 12,000"
1,0.04,0.11522,0.04,4-5 hours,"LKR 7,000 - 9,000"
1,0.04,0.10878,0.09447,4-5 hours,"LKR 7,000 - 9,000"
0,0.08,0.13203,0.13143,5-6 hours,"LKR 9,000 - 12,000"
1,0.04,0.13336,0.081,4-5 hours,"LKR 7,000 - 9,000"
1,0.04,0.13623,0.04811,4-5 hours,"LKR 7,000 - 9,000"
0,0.08,0.26642,0.12705,5-6 hours,"LKR 9,000 - 12,000"
1,0.04,0.07883,0.06749,4-5 hours,"LKR 7,000 - 9,000"
1,0.01509,0.03704,0.03306,3-4 hours,"LKR 5,000 - 7,000"
0,0.08,0.27692,0.16467,5-6 hours,"LKR 9,000 - 12,000"
0,0.08,0.27361,0.11262,5-6 hours,"LKR 9,000 - 12,000"
0,0.08,0.20324,0.14346,5-6 hours,"LKR 9,000 - 12,000"
2,0.1,0.33852,0.20687,5-6 hours,"LKR 9,000 - 12,000"
0,0.08,0.23426,0.1315,5-6 hours,"LKR 9,000 - 12,000"
0,0.08,0.21375,0.10521,5-6 hours,"LKR 9,000 - 12,000"
2,0.1,0.19466,0.20293,5-6 hours,"LKR 9,000 - 12,000"
0,0.08,0.15177,0.08042,5-6 hours,"LKR 9,000 - 12,000"
0,0.06472,0.21256,0.1246,5-6 hours,"LKR 9,000 - 12,000"
0,0.08,0.19866,0.14142,5-6 hours,"LKR 9,000 - 12,000"
1,0.04,0.10732,0.07665,4-5 hours,"LKR 7,000 - 9,000"
0,0.08,0.13317,0.12504,6-7 hours,"LKR 12,000 - 15,000"
1,0.04,0.09539,0.08815,4-5 hours,"LKR 7,000 - 9,000"
2,0.1,0.31744,0.10228,5-6 hours,"LKR 9,000 - 12,000"
1,0.04,0.10005,0.06387,4-5 hours,"LKR 7,000 - 9,000"
0,0.08,0.15361,0.10075,5-6 hours,"LKR 9,000 - 12,000"
2,0.1,0.3443,0.15237,5-6 hours,"LKR 9,000 - 12,000"
1,0.04,0.13685,0.0499,4-5 hours,"LKR 7,000 - 9,000"
0,0.08,0.18332,0.09513,5-6 hours,"LKR 9,000 - 12,000"
1,0.04,0.08461,0.06936,4-5 hours,"LKR 7,000 - 9,000"
0,0.08,0.25849,0.10038,5-6 hours,"LKR 9,000 - 12,000"
0,0.08,0.18518,0.13198,5-6 hours,"LKR 9,000 - 12,000"
1,0.04,0.07841,0.07951,4-5 hours,"LKR 7,000 - 9,000"
0,0.08,0.14015,0.1803,5-6 hours,"LKR 9,000 - 12,000"
0,0.08,0.19698,0.11774,5-6 hours,"LKR 9,000 - 12,000"
1,0.0209,0.04193,0.04418,4-5 hours,"LKR 7,000 - 9,000"
1,0.04,0.10205,0.04704,4-5 hours,"LKR 7,000 - 9,000"
0,0.08,0.24692,0.10114,5-6 hours,"LKR 9,000 - 12,000"
0,0.08,0.21324,0.17854,5-6 hours,"LKR 9,000 - 12,000"
0,0.08,0.13718,0.08576,5-6 hours,"LKR 9,000 - 12,000"
0,0.08,0.1458,0.08183,5-6 hours,"LKR 9,000 - 12,000"
1,0.04,0.1352,0.07272,4-5 hours,"LKR 7,000 - 9,000"
2,0.1,0.23169,0.18398,5-6 hours,"LKR 9,000 - 12,000"
2,0.1,0.29444,0.22823,5-6 hours,"LKR 9,000 - 12,000"
0,0.08,0.14548,0.17012,5-6 hours,"LKR 9,000 - 12,000"
0,0.08,0.23705,0.12577,5-6 hours,"LKR 9,000 - 12,000"
1,0.03788,0.09577,0.09386,4-5 hours,"LKR 7,000 - 9,000"
1,0.04,0.13841,0.05172,4-5 hours,"LKR 7,000 - 9,000"
1,0.04,0.13201,0.08962,4-5 hours,"LKR 7,000 - 9,000"
0,0.08,0.22499,0.1113,6-7 hours,"LKR 12,000 - 15,000"
0,0.04271,0.14245,0.10008,4-5 hours,"LKR 7,000 - 9,000"
1,0.04,0.08664,0.07512,4-5 hours,"LKR 7,000 - 9,000"
2,0.1,0.16883,0.23259,5-6 hours,"LKR 9,000 - 12,000"
0,0.08,0.25052,0.08737,5-6 hours,"LKR 9,000 - 12,000"
2,0.1,0.34368,0.13197,5-6 hours,"LKR 9,000 - 12,000"
1,0.04,0.1381,0.07746,4-5 hours,"LKR 7,000 - 9,000"
0,0.08,0.22403,0.14642,6-7 hours,"LKR 12,000 - 15,000"
1,0.04,0.13949,0.07866,4-5 hours,"LKR 7,000 - 9,000"
1,0.04,0.06168,0.04305,4-5 hours,"LKR 7,000 - 9,000"
1,0.04,0.06155,0.05695,5-6 hours,"LKR 9,000 - 12,000"
2,0.03966,0.07714,0.08359,5-6 hours,"LKR 9,000 - 12,000"
0,0.08,0.18149,0.18225,5-6 hours,"LKR 9,000 - 12,000"
1,0.04,0.10641,0.08927,4-5 hours,"LKR 7,000 - 9,000"
0,0.08,0.20996,0.17138,5-6 hours,"LKR 9,000 - 12,000"
1,0.04,0.11422,0.05123,4-5 hours,"LKR 7,000 - 9,000"
0,0.08,0.27055,0.1656,5-6 hours,"LKR 9,000 - 12,000"
2,0.1,0.23489,0.20658,5-6 hours,"LKR 9,000 - 12,000"
2,0.1,0.19951,0.23236,5-6 hours,"LKR 9,000 - 12,000"
1,0.02605,0.06244,0.04031,3-4 hours,"LKR 5,000 - 7,000"
1,0.04,0.07789,0.08634,4-5 hours,"LKR 7,000 - 9,000"
0,0.08,0.22553,0.16592,5-6 hours,"LKR 9,000 - 12,000"
1,0.04,0.10891,0.08419,4-5 hours,"LKR 7,000 - 9,000"
1,0.04,0.12591,0.09352,4-5 hours,"LKR 7,000 - 9,000"
0,0.08,0.23889,0.14017,5-6 hours,"LKR 9,000 - 12,000"
1,0.04,0.12547,0.07286,4-5 hours,"LKR 7,000 - 9,000"
1,0.04,0.10338,0.07974,4-5 hours,"LKR 7,000 - 9,000"
0,0.08,0.21472,0.17226,6-7 hours,"LKR 12,000 - 15,000"
1,0.04,0.07849,0.09876,4-5 hours,"LKR 7,000 - 9,000"
2,0.1,0.33095,0.22278,5-6 hours,"LKR 9,000 - 12,000"
1,0.02766,0.08728,0.06908,3-4 hours,"LKR 5,000 - 7,000"
0,0.08,0.2008,0.10823,5-6 hours,"LKR 9,000 - 12,000"
0,0.08,0.15847,0.0914,6-7 hours,"LKR 12,000 - 15,000"
1,0.02844,0.09141,0.06326,3-4 hours,"LKR 5,000 - 7,000"
2,0.06647,0.14145,0.07829,5-6 hours,"LKR 9,000 - 12,000"
1,0.04,0.06477,0.06833,4-5 hours,"LKR 7,000 - 9,000"
2,0.1,0.34686,0.17719,5-6 hours,"LKR 9,000 - 12,000"
1,0.04,0.07372,0.06081,4-5 hours,"LKR 7,000 - 9,000"
1,0.04,0.08841,0.05676,4-5 hours,"LKR 7,000 - 9,000"
1,0.04,0.09419,0.09409,4-5 hours,"LKR 7,000 - 9,000"
0,0.08,0.26032,0.16974,5-6 hours,"LKR 9,000 - 12,000"
0,0.08,0.23444,0.16828,5-6 hours,"LKR 9,000 - 12,000"
1,0.04,0.07988,0.05332,4-5 hours,"LKR 7,000 - 9,000"
2,0.1,0.22769,0.18816,5-6 hours,"LKR 9,000 - 12,000"
1,0.04,0.06684,0.05778,4-5 hours,"LKR 7,000 - 9,000"
0,0.08,0.12441,0.14657,5-6 hours,"LKR 9,000 - 12,000"
0,0.08,0.21786,0.1368,5-6 hours,"LKR 9,000 - 12,000"
2,0.1,0.33329,0.22747,5-6 hours,"LKR 9,000 - 12,000"
2,0.1,0.27681,0.21085,5-6 hours,"LKR 9,000 - 12,000"
2,0.1,0.23705,0.16769,5-6 hours,"LKR 9,000 - 12,000"
2,0.1,0.23939,0.21415,5-6 hours,"LKR 9,000 - 12,000"
0,0.08,0.16189,0.15653,5-6 hours,"LKR 9,000 - 12,000"
1,0.04,0.13243,0.06711,5-6 hours,"LKR 9,000 - 12,000"
1,0.04,0.10329,0.07019,4-5 hours,"LKR 7,000 - 9,000"
0,0.08,0.19567,0.13579,5-6 hours,"LKR 9,000 - 12,000"
0,0.08,0.23036,0.15126,5-6 hours,"LKR 9,000 - 12,000"
0,0.08,0.23831,0.17372,5-6 hours,"LKR 9,000 - 12,000"
0,0.08,0.15049,0.1597,6-7 hours,"LKR 12,000 - 15,000"
2,0.1,0.2019,0.22741,5-6 hours,"LKR 9,000 - 12,000"
0,0.08,0.21736,0.12288,5-6 hours,"LKR 9,000 - 12,000"
1,0.04,0.07352,0.05958,4-5 hours,"LKR 7,000 - 9,000"
0,0.08,0.14041,0.13227,5-6 hours,"LKR 9,000 - 12,000"
1,0.04,0.11562,0.08349,4-5 hours,"LKR 7,000 - 9,000"
1,0.04,0.11814,0.08251,4-5 hours,"LKR 7,000 - 9,000"
0,0.08,0.22944,0.1154,6-7 hours,"LKR 12,000 - 15,000"
1,0.04,0.07887,0.08856,4-5 hours,"LKR 7,000 - 9,000"
2,0.1,0.30704,0.16154,5-6 hours,"LKR 9,000 - 12,000"
1,0.04,0.12636,0.09393,5-6 hours,"LKR 9,000 - 12,000"
0,0.08,0.22611,0.13968,5-6 hours,"LKR 9,000 - 12,000"
0,0.08,0.14103,0.17569,5-6 hours,"LKR 9,000 - 12,000"
0,0.08,0.17878,0.18329,5-6 hours,"LKR 9,000 - 12,000"
0,0.08,0.22383,0.12174,5-6 hours,"LKR 9,000 - 12,000"
0,0.08,0.17131,0.19542,5-6 hours,"LKR 9,000 - 12,000"
1,0.04,0.10309,0.09062,5-6 hours,"LKR 9,000 - 12,000"
1,0.04,0.11838,0.08921,4-5 hours,"LKR 7,000 - 9,000"
0,0.08,0.1842,0.17839,5-6 hours,"LKR 9,000 - 12,000"
1,0.04,0.12767,0.09184,4-5 hours,"LKR 7,000 - 9,000"
0,0.08,0.2376,0.09136,5-6 hours,"LKR 9,000 - 12,000"
2,0.1,0.18186,0.13781,5-6 hours,"LKR 9,000 - 12,000"
0,0.08,0.16432,0.10655,5-6 hours,"LKR 9,000 - 12,000"
1,0.04,0.07171,0.06462,5-6 hours,"LKR 9,000 - 12,000"
1,0.04,0.13725,0.05214,4-5 hours,"LKR 7,000 - 9,000"
1,0.04,0.09205,0.09579,4-5 hours,"LKR 7,000 - 9,000"
0,0.03144,0.10409,0.05818,4-5 hours,"LKR 7,000 - 9,000"
0,0.08,0.13099,0.09742,5-6 hours,"LKR 9,000 - 12,000"
0,0.08,0.18397,0.17179,5-6 hours,"LKR 9,000 - 12,000"
1,0.04,0.10925,0.08735,4-5 hours,"LKR 7,000 - 9,000"
0,0.08,0.25364,0.14161,5-6 hours,"LKR 9,000 - 12,000"
0,0.08,0.18935,0.16453,5-6 hours,"LKR 9,000 - 12,000"
0,0.08,0.18332,0.15872,5-6 hours,"LKR 9,000 - 12,000"
1,0.04,0.12919,0.09144,4-5 hours,"LKR 7,000 - 9,000"
0,0.08,0.2432,0.12314,5-6 hours,"LKR 9,000 - 12,000"
0,0.08,0.22051,0.18734,5-6 hours,"LKR 9,000 - 12,000"
0,0.08,0.18323,0.18791,5-6 hours,"LKR 9,000 - 12,000"
0,0.08,0.2761,0.15293,5-6 hours,"LKR 9,000 - 12,000"
0,0.08,0.20118,0.1377,5-6 hours,"LKR 9,000 - 12,000"
0,0.08,0.24655,0.19241,5-6 hours,"LKR 9,000 - 12,000"
2,0.1,0.29815,0.21677,5-6 hours,"LKR 9,000 - 12,000"
0,0.08,0.21561,0.1299,5-6 hours,"LKR 9,000 - 12,000"
0,0.06568,0.10722,0.11075,5-6 hours,"LKR 9,000 - 12,000"
0,0.08,0.17642,0.16743,5-6 hours,"LKR 9,000 - 12,000"
0,0.04205,0.12415,0.08815,4-5 hours,"LKR 7,000 - 9,000"
2,0.1,0.26722,0.14785,5-6 hours,"LKR 9,000 - 12,000"
0,0.08,0.18754,0.121,6-7 hours,"LKR 12,000 - 15,000"
0,0.08,0.14221,0.08948,5-6 hours,"LKR 9,000 - 12,000"
0,0.08,0.19332,0.16655,5-6 hours,"LKR 9,000 - 12,000"
1,0.04,0.11293,0.0943,4-5 hours,"LKR 7,000 - 9,000"
0,0.08,0.12356,0.0963,5-6 hours,"LKR 9,000 - 12,000"
2,0.1,0.17361,0.13598,5-6 hours,"LKR 9,000 - 12,000"
1,0.04,0.1238,0.04793,5-6 hours,"LKR 9,000 - 12,000"
0,0.08,0.17316,0.19591,5-6 hours,"LKR 9,000 - 12,000"
2,0.1,0.23371,0.22951,5-6 hours,"LKR 9,000 - 12,000"
1,0.04,0.0823,0.04561,4-5 hours,"LKR 7,000 - 9,000"
0,0.08,0.14452,0.13713,5-6 hours,"LKR 9,000 - 12,000"
0,0.08,0.26862,0.16199,5-6 hours,"LKR 9,000 - 12,000"
1,0.04,0.11517,0.04777,4-5 hours,"LKR 7,000 - 9,000"
1,0.04,0.11522,0.0844,4-5 hours,"LKR 7,000 - 9,000"
2,0.1,0.25235,0.10824,5-6 hours,"LKR 9,000 - 12,000"
2,0.1,0.19664,0.14739,5-6 hours,"LKR 9,000 - 12,000"
0,0.01575,0.05172,0.01602,4-5 hours,"LKR 7,000 - 9,000"
1,0.02806,0.07643,0.02898,3-4 hours,"LKR 5,000 - 7,000"
0,0.08,0.24268,0.15019,6-7 hours,"LKR 12,000 - 15,000"
1,0.04,0.06622,0.04726,4-5 hours,"LKR 7,000 - 9,000"
0,0.08,0.25397,0.17411,5-6 hours,"LKR 9,000 - 12,000"
0,0.08,0.20173,0.14381,5-6 hours,"LKR 9,000 - 12,000"
1,0.04,0.11162,0.04882,4-5 hours,"LKR 7,000 - 9,000"
2,0.1,0.34171,0.17348,5-6 hours,"LKR 9,000 - 12,000"
0,0.08,0.26278,0.08618,5-6 hours,"LKR 9,000 - 12,000"
0,0.08,0.1303,0.13002,5-6 hours,"LKR 9,000 - 12,000"
0,0.08,0.25233,0.19695,5-6 hours,"LKR 9,000 - 12,000"
2,0.1,0.18641,0.10843,5-6 hours,"LKR 9,000 - 12,000"
0,0.08,0.24334,0.17652,5-6 hours,"LKR 9,000 - 12,000"
0,0.08,0.1808,0.18613,5-6 hours,"LKR 9,000 - 12,000"
0,0.08,0.25872,0.11723,6-7 hours,"LKR 12,000 - 15,000"
0,0.08,0.16461,0.13286,5-6 hours,"LKR 9,000 - 12,000"
1,0.04,0.09447,0.09908,4-5 hours,"LKR 7,000 - 9,000"
1,0.04,0.13441,0.08394,4-5 hours,"LKR 7,000 - 9,000"
0,0.08,0.17906,0.13987,5-6 hours,"LKR 9,000 - 12,000"
0,0.08,0.26405,0.13678,5-6 hours,"LKR 9,000 - 12,000"
2,0.1,0.2782,0.10031,5-6 hours,"LKR 9,000 - 12,000"
0,0.08,0.22234,0.18436,5-6 hours,"LKR 9,000 - 12,000"
0,0.08,0.14637,0.1051,5-6 hours,"LKR 9,000 - 12,000"
1,0.04,0.12829,0.06328,4-5 hours,"LKR 7,000 - 9,000"
0,0.08,0.16735,0.11196,5-6 hours,"LKR 9,000 - 12,000"
2,0.1,0.23036,0.1965,5-6 hours,"LKR 9,000 - 12,000"
0,0.08,0.26893,0.18759,5-6 hours,"LKR 9,000 - 12,000"
1,0.03796,0.10261,0.03829,5-6 hours,"LKR 9,000 - 12,000"
0,0.08,0.2591,0.09741,5-6 hours,"LKR 9,000 - 12,000"
2,0.1,0.27923,0.19479,5-6 hours,"LKR 9,000 - 12,000"
0,0.04757,0.1436,0.07365,5-6 hours,"LKR 9,000 - 12,000"
0,0.08,0.22119,0.1447,5-6 hours,"LKR 9,000 - 12,000"
0,0.08,0.20677,0.1091,5-6 hours,"LKR 9,000 - 12,000"
0,0.08,0.22722,0.17117,5-6 hours,"LKR 9,000 - 12,000"
0,0.08,0.21409,0.14168,5-6 hours,"LKR 9,000 - 12,000"
0,0.08,0.12471,0.17041,5-6 hours,"LKR 9,000 - 12,000"
1,0.04,0.11227,0.06959,4-5 hours,"LKR 7,000 - 9,000"
1,0.04,0.09815,0.09237,5-6 hours,"LKR 9,000 - 12,000"
2,0.1,0.24502,0.1086,5-6 hours,"LKR 9,000 - 12,000"
0,0.08,0.19868,0.17323,5-6 hours,"LKR 9,000 - 12,000"
2,0.1,0.20621,0.23903,5-6 hours,"LKR 9,000 - 12,000"
0,0.08,0.20807,0.16333,5-6 hours,"LKR 9,000 - 12,000"
1,0.04,0.07446,0.05544,4-5 hours,"LKR 7,000 - 9,000"
0,0.01592,0.03688,0.03732,3-4 hours,"LKR 5,000 - 7,000"
0,0.08,0.24729,0.12891,5-6 hours,"LKR 9,000 - 12,000"
1,0.04,0.07476,0.04379,4-5 hours,"LKR 7,000 - 9,000"
2,0.1,0.25127,0.11007,5-6 hours,"LKR 9,000 - 12,000"
0,0.08,0.16251,0.19932,5-6 hours,"LKR 9,000 - 12,000"
0,0.08,0.17442,0.10364,5-6 hours,"LKR 9,000 - 12,000"
1,0.04,0.0878,0.06735,4-5 hours,"LKR 7,000 - 9,000"
1,0.04,0.138,0.07989,4-5 hours,"LKR 7,000 - 9,000"
0,0.06063,0.17824,0.07812,5-6 hours,"LKR 9,000 - 12,000"
0,0.08,0.18179,0.11669,5-6 hours,"LKR 9,000 - 12,000"
0,0.08,0.15543,0.12684,5-6 hours,"LKR 9,000 - 12,000"
1,0.04,0.08402,0.08111,4-5 hours,"LKR 7,000 - 9,000"
0,0.08,0.25238,0.17294,5-6 hours,"LKR 9,000 - 12,000"
1,0.04,0.06371,0.05766,4-5 hours,"LKR 7,000 - 9,000"
0,0.08,0.13277,0.18081,5-6 hours,"LKR 9,000 - 12,000"
0,0.08,0.17276,0.15111,5-6 hours,"LKR 9,000 - 12,000"
0,0.08,0.16787,0.0962,5-6 hours,"LKR 9,000 - 12,000"
0,0.08,0.19084,0.16695,5-6 hours,"LKR 9,000 - 12,000"
0,0.08,0.22928,0.12615,5-6 hours,"LKR 9,000 - 12,000"
0,0.08,0.18016,0.17786,5-6 hours,"LKR 9,000 - 12,000"
1,0.04,0.11256,0.07469,4-5 hours,"LKR 7,000 - 9,000"
1,0.04,0.10152,0.0745,4-5 hours,"LKR 7,000 - 9,000"
2,0.1,0.26065,0.13409,5-6 hours,"LKR 9,000 - 12,000"
1,0.04,0.08781,0.05522,4-5 hours,"LKR 7,000 - 9,000"
0,0.08,0.16933,0.1488,5-6 hours,"LKR 9,000 - 12,000"
0,0.08,0.12626,0.08439,5-6 hours,"LKR 9,000 - 12,000"
1,0.04,0.12307,0.06851,4-5 hours,"LKR 7,000 - 9,000"
1,0.04,0.09653,0.07721,4-5 hours,"LKR 7,000 - 9,000"
0,0.08,0.12659,0.16109,5-6 hours,"LKR 9,000 - 12,000"
2,0.0445,0.13975,0.06507,5-6 hours,"LKR 9,000 - 12,000"
1,0.04,0.0885,0.05581,4-5 hours,"LKR 7,000 - 9,000"
0,0.08,0.27401,0.09854,5-6 hours,"LKR 9,000 - 12,000"
0,0.0722,0.17582,0.07823,5-6 hours,"LKR 9,000 - 12,000"
2,0.1,0.16546,0.16841,5-6 hours,"LKR 9,000 - 12,000"
0,0.08,0.24356,0.11061,5-6 hours,"LKR 9,000 - 12,000"
0,0.08,0.2055,0.19448,5-6 hours,"LKR 9,000 - 12,000"
0,0.08,0.22478,0.0893,6-7 hours,"LKR 12,000 - 15,000"
0,0.08,0.20512,0.12503,5-6 hours,"LKR 9,000 - 12,000"
0,0.00348,0.01,0.01,3-4 hours,"LKR 5,000 - 7,000"
0,0.08,0.12989,0.16866,5-6 hours,"LKR 9,000 - 12,000"
1,0.04,0.08716,0.09656,4-5 hours,"LKR 7,000 - 9,000"
2,0.1,0.16574,0.12631,5-6 hours,"LKR 9,000 - 12,000"
1,0.04,0.0916,0.09877,4-5 hours,"LKR 7,000 - 9,000"
0,0.06857,0.16594,0.09585,5-6 hours,"LKR 9,000 - 12,000"
1,0.04,0.07922,0.07683,4-5 hours,"LKR 7,000 - 9,000"
0,0.02719,0.07081,0.02726,4-5 hours,"LKR 7,000 - 9,000"
1,0.04,0.07785,0.05265,4-5 hours,"LKR 7,000 - 9,000"
2,0.04931,0.13283,0.0611,5-6 hours,"LKR 9,000 - 12,000"
0,0.08,0.27449,0.09154,5-6 hours,"LKR 9,000 - 12,000"
0,0.08,0.21845,0.15123,5-6 hours,"LKR 9,000 - 12,000"
0,0.08,0.12681,0.09549,5-6 hours,"LKR 9,000 - 12,000"
1,0.04,0.08657,0.07469,5-6 hours,"LKR 9,000 - 12,000"
2,0.1,0.30793,0.24585,5-6 hours,"LKR 9,000 - 12,000"
1,0.00709,0.02387,0.01343,2-3 hours,"LKR 3,000 - 5,000"
2,0.02684,0.04464,0.04205,4-5 hours,"LKR 7,000 - 9,000"
0,0.08,0.23321,0.13152,6-7 hours,"LKR 12,000 - 15,000"
2,0.1,0.34055,0.21888,5-6 hours,"LKR 9,000 - 12,000"
2,0.1,0.26208,0.11105,5-6 hours,"LKR 9,000 - 12,000"
1,0.04,0.10586,0.07638,4-5 hours,"LKR 7,000 - 9,000"
2,0.1,0.18278,0.20032,5-6 hours,"LKR 9,000 - 12,000"
0,0.07861,0.26914,0.16874,5-6 hours,"LKR 9,000 - 12,000"
2,0.08269,0.16257,0.13065,5-6 hours,"LKR 9,000 - 12,000"
1,0.04,0.13695,0.06312,4-5 hours,"LKR 7,000 - 9,000"
1,0.04,0.06855,0.07379,4-5 hours,"LKR 7,000 - 9,000"
0,0.08,0.21485,0.09927,5-6 hours,"LKR 9,000 - 12,000"
1,0.04,0.11999,0.06753,4-5 hours,"LKR 7,000 - 9,000"
0,0.08,0.12994,0.12828,5-6 hours,"LKR 9,000 - 12,000"
0,0.01943,0.03545,0.03748,3-4 hours,"LKR 5,000 - 7,000"
0,0.08,0.24837,0.19672,5-6 hours,"LKR 9,000 - 12,000"
2,0.1,0.25639,0.21202,5-6 hours,"LKR 9,000 - 12,000"
1,0.00317,0.01,0.01,1-2 hours,"LKR 1,000 - 3,000"
0,0.08,0.18576,0.17477,5-6 hours,"LKR 9,000 - 12,000"
1,0.04,0.07567,0.08655,4-5 hours,"LKR 7,000 - 9,000"
1,0.03846,0.10665,0.08413,4-5 hours,"LKR 7,000 - 9,000"
1,0.04,0.07434,0.0805,4-5 hours,"LKR 7,000 - 9,000"
0,0.08,0.16008,0.15091,5-6 hours,"LKR 9,000 - 12,000"
1,0.04,0.06322,0.04414,4-5 hours,"LKR 7,000 - 9,000"
0,0.08,0.23422,0.19156,5-6 hours,"LKR 9,000 - 12,000"
1,0.04,0.10245,0.08524,4-5 hours,"LKR 7,000 - 9,000"
1,0.04,0.06046,0.04824,4-5 hours,"LKR 7,000 - 9,000"
0,0.08,0.27127,0.19971,5-6 hours,"LKR 9,000 - 12,000"
0,0.08,0.20543,0.17527,5-6 hours,"LKR 9,000 - 12,000"
1,0.04,0.12439,0.08385,4-5 hours,"LKR 7,000 - 9,000"
1,0.04,0.07706,0.07691,4-5 hours,"LKR 7,000 - 9,000"
0,0.02993,0.08022,0.03204,4-5 hours,"LKR 7,000 - 9,000"
0,0.08,0.14353,0.09204,5-6 hours,"LKR 9,000 - 12,000"
1,0.04,0.06237,0.07766,4-5 hours,"LKR 7,000 - 9,000"
0,0.08,0.20474,0.12646,5-6 hours,"LKR 9,000 - 12,000"
1,0.04,0.13006,0.09058,4-5 hours,"LKR 7,000 - 9,000"
2,0.1,0.22982,0.23732,5-6 hours,"LKR 9,000 - 12,000"
0,0.08,0.25822,0.11098,5-6 hours,"LKR 9,000 - 12,000"
1,0.04,0.13753,0.07817,4-5 hours,"LKR 7,000 - 9,000"
0,0.08,0.1401,0.09159,5-6 hours,"LKR 9,000 - 12,000"
2,0.0317,0.06266,0.05491,5-6 hours,"LKR 9,000 - 12,000"
0,0.08,0.22931,0.10536,6-7 hours,"LKR 12,000 - 15,000"
0,0.08,0.22573,0.0829,5-6 hours,"LKR 9,000 - 12,000"
0,0.06444,0.20201,0.07391,5-6 hours,"LKR 9,000 - 12,000"
0,0.08,0.1233,0.08133,5-6 hours,"LKR 9,000 - 12,000"
1,0.04,0.09396,0.09004,4-5 hours,"LKR 7,000 - 9,000"
1,0.04,0.07621,0.06139,4-5 hours,"LKR 7,000 - 9,000"
2,0.1,0.3299,0.14955,5-6 hours,"LKR 9,000 - 12,000"
0,0.08,0.26348,0.10898,5-6 hours,"LKR 9,000 - 12,000"
0,0.08,0.21877,0.188,5-6 hours,"LKR 9,000 - 12,000"
0,0.08,0.14047,0.14839,5-6 hours,"LKR 9,000 - 12,000"
1,0.032,0.10881,0.06316,4-5 hours,"LKR 7,000 - 9,000"
1,0.04,0.06269,0.06027,4-5 hours,"LKR 7,000 - 9,000"
0,0.08,0.12911,0.13788,5-6 hours,"LKR 9,000 - 12,000"
2,0.1,0.16862,0.14543,5-6 hours,"LKR 9,000 - 12,000"
0,0.08,0.14574,0.11303,5-6 hours,"LKR 9,000 - 12,000"
0,0.08,0.13808,0.1106,5-6 hours,"LKR 9,000 - 12,000"
0,0.08,0.21342,0.19749,5-6 hours,"LKR 9,000 - 12,000"
2,0.1,0.22352,0.22958,6-7 hours,"LKR 12,000 - 15,000"
0,0.03702,0.10639,0.07998,4-5 hours,"LKR 7,000 - 9,000"
0,0.08,0.25613,0.1734,5-6 hours,"LKR 9,000 - 12,000"
0,0.03385,0.06046,0.06776,4-5 hours,"LKR 7,000 - 9,000"
1,0.04,0.12014,0.07973,4-5 hours,"LKR 7,000 - 9,000"
1,0.04,0.0697,0.07354,4-5 hours,"LKR 7,000 - 9,000"
0,0.08,0.12157,0.13638,5-6 hours,"LKR 9,000 - 12,000"
0,0.08,0.25616,0.19511,5-6 hours,"LKR 9,000 - 12,000"
1,0.04,0.06911,0.0708,4-5 hours,"LKR 7,000 - 9,000"
2,0.06537,0.19696,0.1331,5-6 hours,"LKR 9,000 - 12,000"
0,0.08,0.16863,0.12578,5-6 hours,"LKR 9,000 - 12,000"
1,0.04,0.13296,0.05398,4-5 hours,"LKR 7,000 - 9,000"
0,0.08,0.22983,0.12231,5-6 hours,"LKR 9,000 - 12,000"
0,0.08,0.23172,0.16787,5-6 hours,"LKR 9,000 - 12,000"
1,0.04,0.07597,0.05612,4-5 hours,"LKR 7,000 - 9,000"
0,0.07812,0.15073,0.16386,5-6 hours,"LKR 9,000 - 12,000"
1,0.04,0.12911,0.07048,4-5 hours,"LKR 7,000 - 9,000"
1,0.04,0.13152,0.04336,4-5 hours,"LKR 7,000 - 9,000"
0,0.08,0.16367,0.13705,5-6 hours,"LKR 9,000 - 12,000"
0,0.08,0.17107,0.13174,6-7 hours,"LKR 12,000 - 15,000"
2,0.1,0.30451,0.20514,5-6 hours,"LKR 9,000 - 12,000"
1,0.04,0.07937,0.09217,4-5 hours,"LKR 7,000 - 9,000"
0,0.08,0.165,0.18968,5-6 hours,"LKR 9,000 - 12,000"
1,0.01453,0.02488,0.02515,2-3 hours,"LKR 3,000 - 5,000"
0,0.08,0.16693,0.14834,5-6 hours,"LKR 9,000 - 12,000"
0,0.08,0.13684,0.14748,6-7 hours,"LKR 12,000 - 15,000"
1,0.04,0.06853,0.05379,5-6 hours,"LKR 9,000 - 12,000"
2,0.1,0.26899,0.11971,5-6 hours,"LKR 9,000 - 12,000"
1,0.04,0.11807,0.04491,4-5 hours,"LKR 7,000 - 9,000"
2,0.1,0.17308,0.11909,6-7 hours,"LKR 12,000 - 15,000"
1,0.04,0.09694,0.09906,4-5 hours,"LKR 7,000 - 9,000"
0,0.02486,0.04923,0.04563,4-5 hours,"LKR 7,000 - 9,000"
0,0.06571,0.21304,0.08247,6-7 hours,"LKR 12,000 - 15,000"
0,0.08,0.27336,0.08458,5-6 hours,"LKR 9,000 - 12,000"
0,0.08,0.27597,0.15277,5-6 hours,"LKR 9,000 - 12,000"
0,0.05286,0.15111,0.07095,5-6 hours,"LKR 9,000 - 12,000"
0,0.08,0.13029,0.18648,5-6 hours,"LKR 9,000 - 12,000"
0,0.08,0.16593,0.15955,5-6 hours,"LKR 9,000 - 12,000"
0,0.08,0.26724,0.14442,5-6 hours,"LKR 9,000 - 12,000"
2,0.1,0.34037,0.11386,6-7 hours,"LKR 12,000 - 15,000"
1,0.04,0.07958,0.06027,5-6 hours,"LKR 9,000 - 12,000"
2,0.1,0.26729,0.23309,5-6 hours,"LKR 9,000 - 12,000"
2,0.1,0.23373,0.16678,5-6 hours,"LKR 9,000 - 12,000"
0,0.08,0.27066,0.17547,5-6 hours,"LKR 9,000 - 12,000"
0,0.08,0.21687,0.14323,6-7 hours,"LKR 12,000 - 15,000"
0,0.05543,0.1492,0.09466,5-6 hours,"LKR 9,000 - 12,000"
2,0.1,0.23591,0.21125,5-6 hours,"LKR 9,000 - 12,000"
1,0.04,0.10128,0.05429,4-5 hours,"LKR 7,000 - 9,000"
2,0.1,0.22363,0.15273,5-6 hours,"LKR 9,000 - 12,000"
2,0.1,0.24722,0.19298,5-6 hours,"LKR 9,000 - 12,000"
1,0.04,0.07665,0.0699,4-5 hours,"LKR 7,000 - 9,000"
1,0.04,0.06254,0.07799,4-5 hours,"LKR 7,000 - 9,000"
0,0.08,0.19598,0.12164,5-6 hours,"LKR 9,000 - 12,000"
0,0.08,0.25293,0.19218,5-6 hours,"LKR 9,000 - 12,000"
1,0.03403,0.11544,0.06266,4-5 hours,"LKR 7,000 - 9,000"
0,0.08,0.2604,0.09443,5-6 hours,"LKR 9,000 - 12,000"
1,0.04,0.06296,0.07207,4-5 hours,"LKR 7,000 - 9,000"
1,0.04,0.08116,0.09571,4-5 hours,"LKR 7,000 - 9,000"
0,0.05365,0.16891,0.11231,5-6 hours,"LKR 9,000 - 12,000"
2,0.1,0.31162,0.1703,5-6 hours,"LKR 9,000 - 12,000"
1,0.04,0.10209,0.08055,4-5 hours,"LKR 7,000 - 9,000"
0,0.08,0.15085,0.1612,5-6 hours,"LKR 9,000 - 12,000"
0,0.08,0.19561,0.14954,5-6 hours,"LKR 9,000 - 12,000"
1,0.04,0.11107,0.06285,5-6 hours,"LKR 9,000 - 12,000"
0,0.08,0.24092,0.11859,5-6 hours,"LKR 9,000 - 12,000"
2,0.1,0.3451,0.17164,5-6 hours,"LKR 9,000 - 12,000"
1,0.04,0.09401,0.09662,4-5 hours,"LKR 7,000 - 9,000"
1,0.04,0.13776,0.05008,4-5 hours,"LKR 7,000 - 9,000"
0,0.08,0.15641,0.17334,5-6 hours,"LKR 9,000 - 12,000"
0,0.05577,0.17317,0.05989,5-6 hours,"LKR 9,000 - 12,000"
1,0.04,0.06265,0.07404,4-5 hours,"LKR 7,000 - 9,000"
0,0.03483,0.09742,0.0594,4-5 hours,"LKR 7,000 - 9,000"
0,0.06945,0.14988,0.11859,5-6 hours,"LKR 9,000 - 12,000"
0,0.08,0.18529,0.08448,5-6 hours,"LKR 9,000 - 12,000"
1,0.03582,0.0687,0.05377,4-5 hours,"LKR 7,000 - 9,000"
1,0.04,0.07273,0.07694,4-5 hours,"LKR 7,000 - 9,000"
0,0.08,0.26717,0.14916,5-6 hours,"LKR 9,000 - 12,000"
0,0.08,0.15574,0.13279,5-6 hours,"LKR 9,000 - 12,000"
1,0.04,0.09385,0.04251,4-5 hours,"LKR 7,000 - 9,000"
0,0.08,0.2341,0.15288,5-6 hours,"LKR 9,000 - 12,000"
0,0.08,0.16628,0.16134,5-6 hours,"LKR 9,000 - 12,000"
0,0.08,0.25245,0.14523,6-7 hours,"LKR 12,000 - 15,000"
0,0.0219,0.06205,0.03455,4-5 hours,"LKR 7,000 - 9,000"
1,0.04,0.12316,0.06487,4-5 hours,"LKR 7,000 - 9,000"
0,0.08,0.25835,0.12756,5-6 hours,"LKR 9,000 - 12,000"
1,0.04,0.12827,0.05173,4-5 hours,"LKR 7,000 - 9,000"
0,0.08,0.18707,0.19415,5-6 hours,"LKR 9,000 - 12,000"
1,0.04,0.08874,0.05318,4-5 hours,"LKR 7,000 - 9,000"
0,0.08,0.18201,0.15238,5-6 hours,"LKR 9,000 - 12,000"
0,0.08,0.27106,0.18745,6-7 hours,"LKR 12,000 - 15,000"
2,0.1,0.15511,0.17147,5-6 hours,"LKR 9,000 - 12,000"
1,0.04,0.10793,0.06829,4-5 hours,"LKR 7,000 - 9,000"
0,0.08,0.23331,0.08067,5-6 hours,"LKR 9,000 - 12,000"
1,0.04,0.06284,0.09016,4-5 hours,"LKR 7,000 - 9,000"
0,0.08,0.18764,0.1712,5-6 hours,"LKR 9,000 - 12,000"
0,0.08,0.20408,0.18291,5-6 hours,"LKR 9,000 - 12,000"
0,0.08,0.13432,0.09109,5-6 hours,"LKR 9,000 - 12,000"
0,0.08,0.23081,0.13427,5-6 hours,"LKR 9,000 - 12,000"
2,0.1,0.20512,0.22005,5-6 hours,"LKR 9,000 - 12,000"
1,0.04,0.08472,0.08469,5-6 hours,"LKR 9,000 - 12,000"
0,0.08,0.2323,0.10414,5-6 hours,"LKR 9,000 - 12,000"
2,0.03191,0.06329,0.04181,5-6 hours,"LKR 9,000 - 12,000"
2,0.08035,0.13686,0.15055,5-6 hours,"LKR 9,000 - 12,000"
1,0.04,0.11522,0.07929,4-5 hours,"LKR 7,000 - 9,000"
0,0.08,0.20846,0.11025,5-6 hours,"LKR 9,000 - 12,000"
2,0.1,0.27287,0.217,6-7 hours,"LKR 12,000 - 15,000"
0,0.08,0.1911,0.12413,5-6 hours,"LKR 9,000 - 12,000"
1,0.04,0.06867,0.0559,5-6 hours,"LKR 9,000 - 12,000"
1,0.04,0.13222,0.04684,4-5 hours,"LKR 7,000 - 9,000"
0,0.08,0.20528,0.18602,5-6 hours,"LKR 9,000 - 12,000"
0,0.08,0.21745,0.15285,5-6 hours,"LKR 9,000 - 12,000"
1,0.04,0.08482,0.06871,5-6 hours,"LKR 9,000 - 12,000"
0,0.08,0.23695,0.18005,5-6 hours,"LKR 9,000 - 12,000"
0,0.07692,0.18692,0.16811,5-6 hours,"LKR 9,000 - 12,000"
0,0.08,0.20013,0.18838,5-6 hours,"LKR 9,000 - 12,000"
0,0.08,0.1349,0.1859,5-6 hours,"LKR 9,000 - 12,000"
2,0.1,0.17071,0.2223,5-6 hours,"LKR 9,000 - 12,000"
2,0.1,0.2485,0.18035,6-7 hours,"LKR 12,000 - 15,000"
1,0.04,0.06387,0.08219,4-5 hours,"LKR 7,000 - 9,000"
0,0.08,0.18782,0.15865,5-6 hours,"LKR 9,000 - 12,000"
0,0.08,0.20058,0.11311,5-6 hours,"LKR 9,000 - 12,000"
1,0.04,0.06347,0.08815,4-5 hours,"LKR 7,000 - 9,000"
0,0.08,0.17369,0.12205,6-7 hours,"LKR 12,000 - 15,000"
0,0.08,0.18659,0.11739,5-6 hours,"LKR 9,000 - 12,000"
0,0.08,0.14223,0.11266,5-6 hours,"LKR 9,000 - 12,000"
0,0.08,0.20859,0.11091,5-6 hours,"LKR 9,000 - 12,000"
1,0.04,0.1318,0.04477,4-5 hours,"LKR 7,000 - 9,000"
1,0.04,0.0745,0.09371,4-5 hours,"LKR 7,000 - 9,000"
2,0.1,0.28483,0.15554,5-6 hours,"LKR 9,000 - 12,000"
1,0.0188,0.04095,0.02133,3-4 hours,"LKR 5,000 - 7,000"
0,0.08,0.22187,0.18569,6-7 hours,"LKR 12,000 - 15,000"
1,0.04,0.08034,0.04132,4-5 hours,"LKR 7,000 - 9,000"
0,0.08,0.15295,0.18388,5-6 hours,"LKR 9,000 - 12,000"
0,0.04258,0.09026,0.05541,4-5 hours,"LKR 7,000 - 9,000"
1,0.04,0.11498,0.09286,4-5 hours,"LKR 7,000 - 9,000"
0,0.04612,0.1389,0.0841,4-5 hours,"LKR 7,000 - 9,000"
0,0.08,0.16855,0.11322,5-6 hours,"LKR 9,000 - 12,000"
1,0.04,0.12068,0.06686,4-5 hours,"LKR 7,000 - 9,000"
0,0.06302,0.15935,0.13547,5-6 hours,"LKR 9,000 - 12,000"
0,0.08,0.20675,0.17195,5-6 hours,"LKR 9,000 - 12,000"
0,0.07472,0.18008,0.07474,5-6 hours,"LKR 9,000 - 12,000"
0,0.08,0.21272,0.19473,5-6 hours,"LKR 9,000 - 12,000"
0,0.08,0.2431,0.12171,5-6 hours,"LKR 9,000 - 12,000"
1,0.04,0.09659,0.07984,4-5 hours,"LKR 7,000 - 9,000"
0,0.08,0.20503,0.16919,6-7 hours,"LKR 12,000 - 15,000"
2,0.1,0.31956,0.10168,5-6 hours,"LKR 9,000 - 12,000"
0,0.08,0.22152,0.09875,5-6 hours,"LKR 9,000 - 12,000"
1,0.04,0.10379,0.06521,4-5 hours,"LKR 7,000 - 9,000"
0,0.08,0.18777,0.1457,5-6 hours,"LKR 9,000 - 12,000"
0,0.08,0.19713,0.1095,5-6 hours,"LKR 9,000 - 12,000"
1,0.04,0.12794,0.08406,4-5 hours,"LKR 7,000 - 9,000"
1,0.04,0.08724,0.05907,4-5 hours,"LKR 7,000 - 9,000"
0,0.08,0.26138,0.12994,5-6 hours,"LKR 9,000 - 12,000"
0,0.06921,0.21685,0.09855,5-6 hours,"LKR 9,000 - 12,000"
1,0.04,0.12367,0.06616,4-5 hours,"LKR 7,000 - 9,000"
0,0.0679,0.11089,0.15382,5-6 hours,"LKR 9,000 - 12,000"
0,0.08,0.2412,0.08727,5-6 hours,"LKR 9,000 - 12,000"
0,0.08,0.22568,0.08001,6-7 hours,"LKR 12,000 - 15,000"
0,0.08,0.15673,0.14148,5-6 hours,"LKR 9,000 - 12,000"
1,0.04,0.06725,0.04941,4-5 hours,"LKR 7,000 - 9,000"
0,0.08,0.19413,0.17864,5-6 hours,"LKR 9,000 - 12,000"
0,0.08,0.16013,0.16187,5-6 hours,"LKR 9,000 - 12,000"
1,0.04,0.06189,0.0659,4-5 hours,"LKR 7,000 - 9,000"
0,0.08,0.22376,0.19399,5-6 hours,"LKR 9,000 - 12,000"
1,0.04,0.13819,0.04602,4-5 hours,"LKR 7,000 - 9,000"
2,0.1,0.33693,0.15741,6-7 hours,"LKR 12,000 - 15,000"
0,0.08,0.24877,0.17718,5-6 hours,"LKR 9,000 - 12,000"
0,0.08,0.22831,0.14117,5-6 hours,"LKR 9,000 - 12,000"
0,0.08,0.17668,0.14531,5-6 hours,"LKR 9,000 - 12,000"
0,0.08,0.26827,0.12945,5-6 hours,"LKR 9,000 - 12,000"
0,0.05601,0.12417,0.10284,5-6 hours,"LKR 9,000 - 12,000"
0,0.08,0.18194,0.17794,5-6 hours,"LKR 9,000 - 12,000"
0,0.08,0.12908,0.13138,5-6 hours,"LKR 9,000 - 12,000"
1,0.04,0.06832,0.05935,4-5 hours,"LKR 7,000 - 9,000"
2,0.1,0.18852,0.21434,6-7 hours,"LKR 12,000 - 15,000"
2,0.1,0.24429,0.14936,5-6 hours,"LKR 9,000 - 12,000"
2,0.1,0.18719,0.12843,5-6 hours,"LKR 9,000 - 12,000"
0,0.08,0.23887,0.15597,5-6 hours,"LKR 9,000 - 12,000"
1,0.04,0.07938,0.09033,4-5 hours,"LKR 7,000 - 9,000"
1,0.04,0.12836,0.07711,4-5 hours,"LKR 7,000 - 9,000"
2,0.1,0.23945,0.19508,5-6 hours,"LKR 9,000 - 12,000"
1,0.04,0.09577,0.05939,5-6 hours,"LKR 9,000 - 12,000"
1,0.04,0.1162,0.08631,4-5 hours,"LKR 7,000 - 9,000"
1,0.04,0.11417,0.07889,5-6 hours,"LKR 9,000 - 12,000"
1,0.04,0.12849,0.04066,4-5 hours,"LKR 7,000 - 9,000"
0,0.08,0.24339,0.0934,5-6 hours,"LKR 9,000 - 12,000"
1,0.04,0.11242,0.05346,4-5 hours,"LKR 7,000 - 9,000"
2,0.1,0.32348,0.15113,5-6 hours,"LKR 9,000 - 12,000"
1,0.04,0.12486,0.04414,5-6 hours,"LKR 9,000 - 12,000"
0,0.08,0.27248,0.17043,5-6 hours,"LKR 9,000 - 12,000"
2,0.1,0.32901,0.14984,5-6 hours,"LKR 9,000 - 12,000"
0,0.08,0.23262,0.1475,5-6 hours,"LKR 9,000 - 12,000"
1,0.04,0.1288,0.04139,4-5 hours,"LKR 7,000 - 9,000"
0,0.08,0.16669,0.18177,5-6 hours,"LKR 9,000 - 12,000"
1,0.04,0.0962,0.05915,4-5 hours,"LKR 7,000 - 9,000"
2,0.07615,0.14923,0.13557,5-6 hours,"LKR 9,000 - 12,000"
0,0.08,0.15767,0.15196,5-6 hours,"LKR 9,000 - 12,000"
0,0.08,0.26526,0.19174,6-7 hours,"LKR 12,000 - 15,000"
1,0.01114,0.02051,0.01316,3-4 hours,"LKR 5,000 - 7,000"
0,0.08,0.18274,0.11967,5-6 hours,"LKR 9,000 - 12,000"
1,0.04,0.08607,0.0669,4-5 hours,"LKR 7,000 - 9,000"
0,0.08,0.13184,0.106,5-6 hours,"LKR 9,000 - 12,000"
1,0.04,0.07417,0.09785,4-5 hours,"LKR 7,000 - 9,000"
2,0.1,0.19266,0.15086,5-6 hours,"LKR 9,000 - 12,000"
1,0.01434,0.03397,0.02599,2-3 hours,"LKR 3,000 - 5,000"
1,0.04,0.06215,0.09998,5-6 hours,"LKR 9,000 - 12,000"
0,0.08,0.16103,0.11015,5-6 hours,"LKR 9,000 - 12,000"
1,0.04,0.08146,0.04171,4-5 hours,"LKR 7,000 - 9,000"
1,0.04,0.13264,0.04551,4-5 hours,"LKR 7,000 - 9,000"
1,0.04,0.09471,0.05169,4-5 hours,"LKR 7,000 - 9,000"
0,0.08,0.14399,0.15254,5-6 hours,"LKR 9,000 - 12,000"
0,0.08,0.14541,0.1999,5-6 hours,"LKR 9,000 - 12,000"
0,0.08,0.23996,0.10735,5-6 hours,"LKR 9,000 - 12,000"
2,0.1,0.26902,0.14133,5-6 hours,"LKR 9,000 - 12,000"
0,0.08,0.13226,0.15157,5-6 hours,"LKR 9,000 - 12,000"
1,0.04,0.09106,0.08372,4-5 hours,"LKR 7,000 - 9,000"
1,0.04,0.08718,0.07867,5-6 hours,"LKR 9,000 - 12,000"
1,0.04,0.11165,0.09827,4-5 hours,"LKR 7,000 - 9,000"
0,0.08,0.13963,0.15016,5-6 hours,"LKR 9,000 - 12,000"
2,0.1,0.30062,0.2185,5-6 hours,"LKR 9,000 - 12,000"
0,0.08,0.26595,0.12657,5-6 hours,"LKR 9,000 - 12,000"
0,0.07858,0.2423,0.12961,6-7 hours,"LKR 12,000 - 15,000"
0,0.08,0.12347,0.16243,5-6 hours,"LKR 9,000 - 12,000"
0,0.08,0.24527,0.12974,5-6 hours,"LKR 9,000 - 12,000"
1,0.04,0.13849,0.05076,4-5 hours,"LKR 7,000 - 9,000"
0,0.08,0.16312,0.09198,5-6 hours,"LKR 9,000 - 12,000"
0,0.08,0.12136,0.10647,5-6 hours,"LKR 9,000 - 12,000"
0,0.08,0.2743,0.16848,5-6 hours,"LKR 9,000 - 12,000"
0,0.08,0.2362,0.0847,5-6 hours,"LKR 9,000 - 12,000"
1,0.04,0.12082,0.07459,4-5 hours,"LKR 7,000 - 9,000"
0,0.08,0.26016,0.16459,6-7 hours,"LKR 12,000 - 15,000"
0,0.08,0.27071,0.19424,5-6 hours,"LKR 9,000 - 12,000"
0,0.08,0.27369,0.18622,5-6 hours,"LKR 9,000 - 12,000"
0,0.08,0.19576,0.10417,5-6 hours,"LKR 9,000 - 12,000"
1,0.04,0.07783,0.09933,4-5 hours,"LKR 7,000 - 9,000"
1,0.03687,0.10289,0.06436,4-5 hours,"LKR 7,000 - 9,000"
0,0.08,0.18095,0.09149,5-6 hours,"LKR 9,000 - 12,000"
0,0.08,0.18187,0.13584,5-6 hours,"LKR 9,000 - 12,000"
1,0.03111,0.06073,0.03199,4-5 hours,"LKR 7,000 - 9,000"
0,0.08,0.26996,0.14213,5-6 hours,"LKR 9,000 - 12,000"
0,0.08,0.22533,0.19011,5-6 hours,"LKR 9,000 - 12,000"
0,0.08,0.2337,0.15223,5-6 hours,"LKR 9,000 - 12,000"
1,0.04,0.11176,0.09829,4-5 hours,"LKR 7,000 - 9,000"
0,0.08,0.23886,0.13988,5-6 hours,"LKR 9,000 - 12,000"
0,0.08,0.15876,0.16065,5-6 hours,"LKR 9,000 - 12,000"
1,0.04,0.09597,0.09225,4-5 hours,"LKR 7,000 - 9,000"
0,0.08,0.2268,0.19253,5-6 hours,"LKR 9,000 - 12,000"
0,0.08,0.18767,0.15184,5-6 hours,"LKR 9,000 - 12,000"
1,0.04,0.11293,0.04944,4-5 hours,"LKR 7,000 - 9,000"
1,0.04,0.08018,0.06755,4-5 hours,"LKR 7,000 - 9,000"
2,0.1,0.23573,0.23111,5-6 hours,"LKR 9,000 - 12,000"
0,0.08,0.15266,0.17575,6-7 hours,"LKR 12,000 - 15,000"
1,0.04,0.11775,0.05682,4-5 hours,"LKR 7,000 - 9,000"
2,0.1,0.23675,0.21578,5-6 hours,"LKR 9,000 - 12,000"
0,0.08,0.16775,0.13006,5-6 hours,"LKR 9,000 - 12,000"
0,0.08,0.22629,0.17184,5-6 hours,"LKR 9,000 - 12,000"
0,0.08,0.25136,0.12676,5-6 hours,"LKR 9,000 - 12,000"
1,0.04,0.11051,0.04782,4-5 hours,"LKR 7,000 - 9,000"
1,0.03777,0.07635,0.064,4-5 hours,"LKR 7,000 - 9,000"
0,0.08,0.24452,0.12203,5-6 hours,"LKR 9,000 - 12,000"
1,0.04,0.10683,0.06027,4-5 hours,"LKR 7,000 - 9,000"
2,0.1,0.30712,0.18265,5-6 hours,"LKR 9,000 - 12,000"
1,0.04,0.08366,0.07048,4-5 hours,"LKR 7,000 - 9,000"
0,0.08,0.12366,0.14791,6-7 hours,"LKR 12,000 - 15,000"
0,0.08,0.25757,0.10002,5-6 hours,"LKR 9,000 - 12,000"
0,0.08,0.13233,0.08539,5-6 hours,"LKR 9,000 - 12,000"
0,0.08,0.24975,0.14022,5-6 hours,"LKR 9,000 - 12,000"
0,0.07247,0.13973,0.17393,5-6 hours,"LKR 9,000 - 12,000"
0,0.08,0.23197,0.15848,5-6 hours,"LKR 9,000 - 12,000"
1,0.04,0.08306,0.04292,4-5 hours,"LKR 7,000 - 9,000"
0,0.08,0.25793,0.15933,6-7 hours,"LKR 12,000 - 15,000"
2,0.09402,0.30408,0.12957,5-6 hours,"LKR 9,000 - 12,000"
2,0.1,0.29997,0.23862,5-6 hours,"LKR 9,000 - 12,000"
0,0.08,0.18143,0.16437,5-6 hours,"LKR 9,000 - 12,000"
0,0.08,0.17344,0.08326,5-6 hours,"LKR 9,000 - 12,000"
1,0.04,0.11357,0.04639,4-5 hours,"LKR 7,000 - 9,000"
0,0.08,0.15415,0.14435,5-6 hours,"LKR 9,000 - 12,000"
1,0.04,0.06418,0.0638,5-6 hours,"LKR 9,000 - 12,000"
1,0.04,0.11706,0.06216,4-5 hours,"LKR 7,000 - 9,000"
0,0.08,0.20969,0.17643,5-6 hours,"LKR 9,000 - 12,000"
0,0.05839,0.09096,0.09667,5-6 hours,"LKR 9,000 - 12,000"
2,0.1,0.19815,0.21623,5-6 hours,"LKR 9,000 - 12,000"
0,0.08,0.20265,0.13331,5-6 hours,"LKR 9,000 - 12,000"
1,0.04,0.131,0.07885,4-5 hours,"LKR 7,000 - 9,000"
1,0.04,0.13815,0.09972,4-5 hours,"LKR 7,000 - 9,000"
2,0.1,0.31617,0.16099,5-6 hours,"LKR 9,000 - 12,000"
0,0.08,0.21662,0.19229,5-6 hours,"LKR 9,000 - 12,000"
1,0.04,0.13411,0.08161,4-5 hours,"LKR 7,000 - 9,000"
0,0.08,0.19286,0.1446,5-6 hours,"LKR 9,000 - 12,000"
2,0.1,0.16397,0.11999,5-6 hours,"LKR 9,000 - 12,000"
0,0.08,0.14362,0.12738,5-6 hours,"LKR 9,000 - 12,000"
0,0.08,0.20379,0.1331,5-6 hours,"LKR 9,000 - 12,000"
0,0.05057,0.14472,0.12262,5-6 hours,"LKR 9,000 - 12,000"
0,0.08,0.2064,0.1133,5-6 hours,"LKR 9,000 - 12,000"
0,0.08,0.15221,0.14942,5-6 hours,"LKR 9,000 - 12,000"
1,0.04,0.06468,0.08231,4-5 hours,"LKR 7,000 - 9,000"
0,0.08,0.23659,0.08849,6-7 hours,"LKR 12,000 - 15,000"
0,0.08,0.17315,0.1419,5-6 hours,"LKR 9,000 - 12,000"
0,0.08,0.12215,0.11896,6-7 hours,"LKR 12,000 - 15,000"
1,0.04,0.0915,0.09639,4-5 hours,"LKR 7,000 - 9,000"
0,0.08,0.23037,0.08964,5-6 hours,"LKR 9,000 - 12,000"
0,0.08,0.13905,0.16979,5-6 hours,"LKR 9,000 - 12,000"
0,0.08,0.12414,0.10572,5-6 hours,"LKR 9,000 - 12,000"
2,0.1,0.16611,0.21657,5-6 hours,"LKR 9,000 - 12,000"
1,0.04,0.10781,0.09266,5-6 hours,"LKR 9,000 - 12,000"
1,0.04,0.116,0.09126,5-6 hours,"LKR 9,000 - 12,000"
0,0.08,0.27009,0.18835,5-6 hours,"LKR 9,000 - 12,000"
2,0.1,0.17685,0.10353,5-6 hours,"LKR 9,000 - 12,000"
2,0.06437,0.11486,0.14978,5-6 hours,"LKR 9,000 - 12,000"
1,0.04,0.13818,0.04421,4-5 hours,"LKR 7,000 - 9,000"
2,0.1,0.30927,0.18404,5-6 hours,"LKR 9,000 - 12,000"
0,0.08,0.15016,0.11068,5-6 hours,"LKR 9,000 - 12,000"
0,0.08,0.24007,0.16072,6-7 hours,"LKR 12,000 - 15,000"
0,0.03946,0.07177,0.09613,4-5 hours,"LKR 7,000 - 9,000"
1,0.04,0.10712,0.04861,4-5 hours,"LKR 7,000 - 9,000"
0,0.08,0.22504,0.14114,5-6 hours,"LKR 9,000 - 12,000"
2,0.1,0.19806,0.1646,5-6 hours,"LKR 9,000 - 12,000"
1,0.04,0.13544,0.05976,4-5 hours,"LKR 7,000 - 9,000"
2,0.1,0.33364,0.18381,5-6 hours,"LKR 9,000 - 12,000"
0,0.08,0.20375,0.17401,6-7 hours,"LKR 12,000 - 15,000"
1,0.04,0.10418,0.04537,4-5 hours,"LKR 7,000 - 9,000"
1,0.04,0.07094,0.08066,5-6 hours,"LKR 9,000 - 12,000"
0,0.08,0.23348,0.14233,5-6 hours,"LKR 9,000 - 12,000"
1,0.04,0.06074,0.0518,4-5 hours,"LKR 7,000 - 9,000"
0,0.08,0.20068,0.14153,5-6 hours,"LKR 9,000 - 12,000"
2,0.1,0.28152,0.1282,5-6 hours,"LKR 9,000 - 12,000"
1,0.04,0.07645,0.07462,5-6 hours,"LKR 9,000 - 12,000"
1,0.04,0.06889,0.04246,4-5 hours,"LKR 7,000 - 9,000"
1,0.03993,0.10214,0.07654,4-5 hours,"LKR 7,000 - 9,000"
2,0.1,0.23236,0.15218,5-6 hours,"LKR 9,000 - 12,000"
2,0.1,0.25754,0.22292,5-6 hours,"LKR 9,000 - 12,000"
0,0.02024,0.03424,0.03273,4-5 hours,"LKR 7,000 - 9,000"
2,0.1,0.2686,0.19394,5-6 hours,"LKR 9,000 - 12,000"
0,0.08,0.26131,0.09785,5-6 hours,"LKR 9,000 - 12,000"
0,0.08,0.19673,0.14278,6-7 hours,"LKR 12,000 - 15,000"
0,0.08,0.23472,0.10823,5-6 hours,"LKR 9,000 - 12,000"
0,0.08,0.18996,0.16288,6-7 hours,"LKR 12,000 - 15,000"
0,0.08,0.203,0.15468,5-6 hours,"LKR 9,000 - 12,000"
2,0.1,0.34525,0.14778,5-6 hours,"LKR 9,000 - 12,000"
0,0.08,0.17053,0.16306,5-6 hours,"LKR 9,000 - 12,000"
1,0.04,0.11864,0.07208,5-6 hours,"LKR 9,000 - 12,000"
1,0.04,0.07898,0.082,4-5 hours,"LKR 7,000 - 9,000"
0,0.08,0.23444,0.18053,5-6 hours,"LKR 9,000 - 12,000"
1,0.04,0.06287,0.05698,4-5 hours,"LKR 7,000 - 9,000"
1,0.04,0.09344,0.08277,5-6 hours,"LKR 9,000 - 12,000"
0,0.03098,0.04942,0.04219,4-5 hours,"LKR 7,000 - 9,000"
2,0.01364,0.02365,0.0189,3-4 hours,"LKR 5,000 - 7,000"
0,0.08,0.19042,0.16507,6-7 hours,"LKR 12,000 - 15,000"
0,0.08,0.17999,0.09585,5-6 hours,"LKR 9,000 - 12,000"
1,0.04,0.11462,0.08955,4-5 hours,"LKR 7,000 - 9,000"
1,0.04,0.07652,0.04897,4-5 hours,"LKR 7,000 - 9,000"
2,0.1,0.29476,0.22282,5-6 hours,"LKR 9,000 - 12,000"
0,0.08,0.19154,0.19671,5-6 hours,"LKR 9,000 - 12,000"
0,0.08,0.20758,0.08364,5-6 hours,"LKR 9,000 - 12,000"
1,0.04,0.12822,0.04165,4-5 hours,"LKR 7,000 - 9,000"
0,0.05481,0.17092,0.06042,5-6 hours,"LKR 9,000 - 12,000"
0,0.08,0.25135,0.09956,5-6 hours,"LKR 9,000 - 12,000"
1,0.04,0.13257,0.07418,4-5 hours,"LKR 7,000 - 9,000"
1,0.04,0.129,0.07168,4-5 hours,"LKR 7,000 - 9,000"
0,0.073,0.15994,0.09733,5-6 hours,"LKR 9,000 - 12,000"
1,0.04,0.09478,0.08965,4-5 hours,"LKR 7,000 - 9,000"
0,0.08,0.22382,0.13101,5-6 hours,"LKR 9,000 - 12,000"
2,0.1,0.26871,0.23484,5-6 hours,"LKR 9,000 - 12,000"
0,0.08,0.25331,0.16408,6-7 hours,"LKR 12,000 - 15,000"
1,0.04,0.08573,0.05016,4-5 hours,"LKR 7,000 - 9,000"
0,0.0452,0.10546,0.09473,4-5 hours,"LKR 7,000 - 9,000"
0,0.08,0.1451,0.18238,5-6 hours,"LKR 9,000 - 12,000"
1,0.04,0.06743,0.0546,4-5 hours,"LKR 7,000 - 9,000"
2,0.1,0.31022,0.23719,5-6 hours,"LKR 9,000 - 12,000"
1,0.04,0.11129,0.06864,4-5 hours,"LKR 7,000 - 9,000"
1,0.04,0.10593,0.04724,4-5 hours,"LKR 7,000 - 9,000"
1,0.04,0.08617,0.06524,4-5 hours,"LKR 7,000 - 9,000"
2,0.1,0.23776,0.24995,5-6 hours,"LKR 9,000 - 12,000"
0,0.04322,0.13279,0.06093,4-5 hours,"LKR 7,000 - 9,000"
0,0.08,0.24019,0.08714,5-6 hours,"LKR 9,000 - 12,000"
0,0.08,0.26133,0.13458,5-6 hours,"LKR 9,000 - 12,000"
0,0.08,0.27808,0.1752,5-6 hours,"LKR 9,000 - 12,000"
1,0.04,0.11353,0.08476,4-5 hours,"LKR 7,000 - 9,000"
0,0.08,0.15457,0.13,5-6 hours,"LKR 9,000 - 12,000"
2,0.1,0.32148,0.14561,5-6 hours,"LKR 9,000 - 12,000"
2,0.1,0.27022,0.20584,5-6 hours,"LKR 9,000 - 12,000"
0,0.08,0.12445,0.12071,5-6 hours,"LKR 9,000 - 12,000"
1,0.04,0.08172,0.06551,4-5 hours,"LKR 7,000 - 9,000"
1,0.04,0.07466,0.0751,4-5 hours,"LKR 7,000 - 9,000"
1,0.04,0.13374,0.05284,4-5 hours,"LKR 7,000 - 9,000"
2,0.0853,0.15804,0.15489,5-6 hours,"LKR 9,000 - 12,000"
1,0.04,0.07668,0.06313,4-5 hours,"LKR 7,000 - 9,000"
0,0.08,0.22466,0.1639,5-6 hours,"LKR 9,000 - 12,000"
0,0.08,0.17849,0.16034,5-6 hours,"LKR 9,000 - 12,000"
2,0.1,0.33331,0.15057,5-6 hours,"LKR 9,000 - 12,000"
2,0.03597,0.07147,0.0535,5-6 hours,"LKR 9,000 - 12,000"
2,0.1,0.2895,0.1584,5-6 hours,"LKR 9,000 - 12,000"
1,0.04,0.11402,0.04061,4-5 hours,"LKR 7,000 - 9,000"
0,0.08,0.15952,0.14963,5-6 hours,"LKR 9,000 - 12,000"
0,0.08,0.2073,0.10715,5-6 hours,"LKR 9,000 - 12,000"
0,0.08,0.16148,0.18101,5-6 hours,"LKR 9,000 - 12,000"
0,0.08,0.134,0.19867,5-6 hours,"LKR 9,000 - 12,000"
1,0.04,0.06886,0.09371,4-5 hours,"LKR 7,000 - 9,000"
1,0.04,0.07247,0.07264,4-5 hours,"LKR 7,000 - 9,000"
0,0.08,0.18192,0.16814,5-6 hours,"LKR 9,000 - 12,000"
1,0.04,0.12782,0.05958,4-5 hours,"LKR 7,000 - 9,000"
2,0.1,0.28642,0.19979,5-6 hours,"LKR 9,000 - 12,000"
1,0.04,0.06053,0.08846,4-5 hours,"LKR 7,000 - 9,000"
1,0.03209,0.07435,0.04087,4-5 hours,"LKR 7,000 - 9,000"
0,0.04135,0.12688,0.04937,4-5 hours,"LKR 7,000 - 9,000"
1,0.04,0.09885,0.04794,4-5 hours,"LKR 7,000 - 9,000"
1,0.04,0.0823,0.05659,4-5 hours,"LKR 7,000 - 9,000"
0,0.07567,0.25717,0.18758,5-6 hours,"LKR 9,000 - 12,000"
1,0.04,0.09296,0.09397,4-5 hours,"LKR 7,000 - 9,000"
0,0.07796,0.19706,0.14718,6-7 hours,"LKR 12,000 - 15,000"
0,0.08,0.20639,0.14886,5-6 hours,"LKR 9,000 - 12,000"
2,0.1,0.2019,0.22248,5-6 hours,"LKR 9,000 - 12,000"
0,0.08,0.1542,0.14232,5-6 hours,"LKR 9,000 - 12,000"
0,0.08,0.15846,0.15254,5-6 hours,"LKR 9,000 - 12,000"
1,0.04,0.09689,0.05982,4-5 hours,"LKR 7,000 - 9,000"
0,0.08,0.25844,0.0889,5-6 hours,"LKR 9,000 - 12,000"
0,0.08,0.14684,0.19871,5-6 hours,"LKR 9,000 - 12,000"
0,0.08,0.1928,0.09998,5-6 hours,"LKR 9,000 - 12,000"
0,0.02794,0.06841,0.04014,4-5 hours,"LKR 7,000 - 9,000"
1,0.04,0.11119,0.04567,4-5 hours,"LKR 7,000 - 9,000"
1,0.04,0.08827,0.06953,5-6 hours,"LKR 9,000 - 12,000"
2,0.1,0.29668,0.20845,5-6 hours,"LKR 9,000 - 12,000"
0,0.05598,0.16059,0.12575,5-6 hours,"LKR 9,000 - 12,000"
0,0.08,0.23119,0.17408,6-7 hours,"LKR 12,000 - 15,000"
1,0.04,0.11414,0.07103,4-5 hours,"LKR 7,000 - 9,000"
1,0.04,0.13904,0.07743,4-5 hours,"LKR 7,000 - 9,000"
0,0.08,0.20021,0.10239,5-6 hours,"LKR 9,000 - 12,000"
1,0.04,0.06171,0.07661,4-5 hours,"LKR 7,000 - 9,000"
2,0.1,0.15325,0.14904,5-6 hours,"LKR 9,000 - 12,000"
1,0.04,0.07986,0.05151,4-5 hours,"LKR 7,000 - 9,000"
2,0.1,0.15118,0.18983,5-6 hours,"LKR 9,000 - 12,000"
0,0.08,0.15558,0.1199,5-6 hours,"LKR 9,000 - 12,000"
0,0.08,0.27859,0.12271,5-6 hours,"LKR 9,000 - 12,000"
2,0.1,0.21787,0.13413,5-6 hours,"LKR 9,000 - 12,000"
0,0.08,0.20896,0.19915,5-6 hours,"LKR 9,000 - 12,000"
0,0.08,0.18792,0.1177,5-6 hours,"LKR 9,000 - 12,000"
0,0.08,0.2758,0.1632,5-6 hours,"LKR 9,000 - 12,000"
0,0.08,0.25216,0.12362,5-6 hours,"LKR 9,000 - 12,000"
0,0.08,0.1823,0.16597,5-6 hours,"LKR 9,000 - 12,000"
0,0.08,0.13652,0.13522,5-6 hours,"LKR 9,000 - 12,000"
1,0.04,0.13592,0.06302,4-5 hours,"LKR 7,000 - 9,000"
2,0.1,0.2673,0.12947,5-6 hours,"LKR 9,000 - 12,000"
2,0.1,0.23359,0.16086,6-7 hours,"LKR 12,000 - 15,000"
0,0.08,0.25228,0.09295,5-6 hours,"LKR 9,000 - 12,000"
1,0.03769,0.09157,0.07431,4-5 hours,"LKR 7,000 - 9,000"
0,0.08,0.14903,0.13607,5-6 hours,"LKR 9,000 - 12,000"
0,0.0753,0.17202,0.15898,5-6 hours,"LKR 9,000 - 12,000"
1,0.04,0.06907,0.09507,4-5 hours,"LKR 7,000 - 9,000"
0,0.08,0.2721,0.12452,5-6 hours,"LKR 9,000 - 12,000"
0,0.08,0.22709,0.17328,5-6 hours,"LKR 9,000 - 12,000"
0,0.08,0.20434,0.11922,5-6 hours,"LKR 9,000 - 12,000"
0,0.08,0.19965,0.13801,5-6 hours,"LKR 9,000 - 12,000"
0,0.08,0.25716,0.1504,5-6 hours,"LKR 9,000 - 12,000"
1,0.04,0.10592,0.06199,4-5 hours,"LKR 7,000 - 9,000"
0,0.08,0.20745,0.19782,5-6 hours,"LKR 9,000 - 12,000"
0,0.08,0.21963,0.13814,5-6 hours,"LKR 9,000 - 12,000"
1,0.04,0.06325,0.05395,4-5 hours,"LKR 7,000 - 9,000"
1,0.04,0.11154,0.05844,4-5 hours,"LKR 7,000 - 9,000"
1,0.04,0.06622,0.08198,4-5 hours,"LKR 7,000 - 9,000"
1,0.04,0.07931,0.08573,4-5 hours,"LKR 7,000 - 9,000"
0,0.08,0.1578,0.08918,5-6 hours,"LKR 9,000 - 12,000"
1,0.04,0.12455,0.06541,4-5 hours,"LKR 7,000 - 9,000"
0,0.08,0.21668,0.13199,5-6 hours,"LKR 9,000 - 12,000"
0,0.08,0.25256,0.08969,5-6 hours,"LKR 9,000 - 12,000"
2,0.1,0.31803,0.17961,5-6 hours,"LKR 9,000 - 12,000"
0,0.05581,0.18619,0.12158,5-6 hours,"LKR 9,000 - 12,000"
1,0.04,0.12798,0.08792,4-5 hours,"LKR 7,000 - 9,000"
0,0.08,0.24213,0.11631,5-6 hours,"LKR 9,000 - 12,000"
1,0.04,0.09325,0.0786,4-5 hours,"LKR 7,000 - 9,000"
0,0.06667,0.14178,0.08792,5-6 hours,"LKR 9,000 - 12,000"
0,0.08,0.27426,0.1795,5-6 hours,"LKR 9,000 - 12,000"
0,0.08,0.24435,0.17069,5-6 hours,"LKR 9,000 - 12,000"
0,0.08,0.23289,0.19665,6-7 hours,"LKR 12,000 - 15,000"
0,0.08,0.19581,0.13814,5-6 hours,"LKR 9,000 - 12,000"
0,0.08,0.14301,0.10557,5-6 hours,"LKR 9,000 - 12,000"
0,0.08,0.17885,0.14069,5-6 hours,"LKR 9,000 - 12,000"
2,0.1,0.18258,0.11756,5-6 hours,"LKR 9,000 - 12,000"
0,0.08,0.15908,0.13929,5-6 hours,"LKR 9,000 - 12,000"
0,0.08,0.1733,0.10167,5-6 hours,"LKR 9,000 - 12,000"
0,0.08,0.16107,0.18052,5-6 hours,"LKR 9,000 - 12,000"
0,0.08,0.21914,0.14017,5-6 hours,"LKR 9,000 - 12,000"
0,0.08,0.17711,0.16342,5-6 hours,"LKR 9,000 - 12,000"
1,0.04,0.06362,0.06806,4-5 hours,"LKR 7,000 - 9,000"
0,0.08,0.21027,0.18708,5-6 hours,"LKR 9,000 - 12,000"
2,0.1,0.20598,0.19597,5-6 hours,"LKR 9,000 - 12,000"
0,0.08,0.17776,0.15957,5-6 hours,"LKR 9,000 - 12,000"
2,0.1,0.18316,0.1755,5-6 hours,"LKR 9,000 - 12,000"
0,0.08,0.16511,0.1567,5-6 hours,"LKR 9,000 - 12,000"
1,0.04,0.07881,0.07968,4-5 hours,"LKR 7,000 - 9,000"
0,0.08,0.22422,0.13289,5-6 hours,"LKR 9,000 - 12,000"
0,0.08,0.20763,0.17285,5-6 hours,"LKR 9,000 - 12,000"
2,0.1,0.29448,0.19003,5-6 hours,"LKR 9,000 - 12,000"
1,0.04,0.13013,0.09045,4-5 hours,"LKR 7,000 - 9,000"
0,0.08,0.19034,0.16993,5-6 hours,"LKR 9,000 - 12,000"
0,0.08,0.15268,0.16328,6-7 hours,"LKR 12,000 - 15,000"
1,0.04,0.13722,0.08998,4-5 hours,"LKR 7,000 - 9,000"
0,0.02793,0.06334,0.04727,4-5 hours,"LKR 7,000 - 9,000"
0,0.08,0.2075,0.17586,5-6 hours,"LKR 9,000 - 12,000"
1,0.04,0.07221,0.06518,4-5 hours,"LKR 7,000 - 9,000"
0,0.08,0.20312,0.09941,5-6 hours,"LKR 9,000 - 12,000"
0,0.08,0.20948,0.11685,6-7 hours,"LKR 12,000 - 15,000"
2,0.1,0.2669,0.10807,5-6 hours,"LKR 9,000 - 12,000"
0,0.08,0.23203,0.18989,5-6 hours,"LKR 9,000 - 12,000"
1,0.04,0.06229,0.04469,5-6 hours,"LKR 9,000 - 12,000"
1,0.04,0.07676,0.04048,4-5 hours,"LKR 7,000 - 9,000"
1,0.04,0.13696,0.04621,4-5 hours,"LKR 7,000 - 9,000"
1,0.03672,0.12307,0.04779,5-6 hours,"LKR 9,000 - 12,000"
0,0.08,0.2257,0.12379,6-7 hours,"LKR 12,000 - 15,000"
2,0.1,0.25673,0.13124,5-6 hours,"LKR 9,000 - 12,000"
1,0.04,0.08211,0.09235,4-5 hours,"LKR 7,000 - 9,000"
0,0.08,0.22457,0.14474,5-6 hours,"LKR 9,000 - 12,000"
1,0.04,0.11231,0.0656,4-5 hours,"LKR 7,000 - 9,000"
0,0.08,0.12633,0.10129,5-6 hours,"LKR 9,000 - 12,000"
1,0.04,0.0624,0.05863,4-5 hours,"LKR 7,000 - 9,000"
0,0.08,0.19805,0.12195,5-6 hours,"LKR 9,000 - 12,000"
1,0.04,0.06017,0.07681,4-5 hours,"LKR 7,000 - 9,000"
0,0.08,0.20684,0.18215,5-6 hours,"LKR 9,000 - 12,000"
0,0.08,0.19434,0.18165,5-6 hours,"LKR 9,000 - 12,000"
0,0.05511,0.17382,0.12654,5-6 hours,"LKR 9,000 - 12,000"
2,0.1,0.16472,0.15252,5-6 hours,"LKR 9,000 - 12,000"
0,0.08,0.16139,0.09491,5-6 hours,"LKR 9,000 - 12,000"
1,0.04,0.07745,0.05285,5-6 hours,"LKR 9,000 - 12,000"
2,0.1,0.19167,0.15819,5-6 hours,"LKR 9,000 - 12,000"
2,0.1,0.346,0.12302,5-6 hours,"LKR 9,000 - 12,000"
1,0.04,0.10217,0.04115,4-5 hours,"LKR 7,000 - 9,000"
0,0.08,0.2143,0.11369,5-6 hours,"LKR 9,000 - 12,000"
0,0.07927,0.19252,0.14526,5-6 hours,"LKR 9,000 - 12,000"
0,0.08,0.15025,0.08718,5-6 hours,"LKR 9,000 - 12,000"
1,0.04,0.07155,0.07801,4-5 hours,"LKR 7,000 - 9,000"
0,0.08,0.15394,0.11528,5-6 hours,"LKR 9,000 - 12,000"
1,0.04,0.10328,0.05755,4-5 hours,"LKR 7,000 - 9,000"
0,0.08,0.27904,0.13002,6-7 hours,"LKR 12,000 - 15,000"
0,0.08,0.19599,0.10507,6-7 hours,"LKR 12,000 - 15,000"
0,0.08,0.24658,0.08315,5-6 hours,"LKR 9,000 - 12,000"
1,0.04,0.09166,0.06876,4-5 hours,"LKR 7,000 - 9,000"
1,0.04,0.13117,0.07698,4-5 hours,"LKR 7,000 - 9,000"
0,0.03431,0.05414,0.08316,4-5 hours,"LKR 7,000 - 9,000"
0,0.06879,0.11706,0.09343,6-7 hours,"LKR 12,000 - 15,000"
0,0.08,0.18867,0.08139,5-6 hours,"LKR 9,000 - 12,000"
0,0.07649,0.20908,0.10712,5-6 hours,"LKR 9,000 - 12,000"
2,0.1,0.26143,0.10968,5-6 hours,"LKR 9,000 - 12,000"
1,0.03668,0.06401,0.05751,4-5 hours,"LKR 7,000 - 9,000"
0,0.0165,0.04571,0.03762,3-4 hours,"LKR 5,000 - 7,000"
1,0.04,0.06226,0.06219,4-5 hours,"LKR 7,000 - 9,000"
0,0.08,0.27849,0.15274,5-6 hours,"LKR 9,000 - 12,000"
0,0.08,0.17723,0.12658,5-6 hours,"LKR 9,000 - 12,000"
1,0.04,0.11906,0.06008,4-5 hours,"LKR 7,000 - 9,000"
0,0.08,0.2411,0.10486,5-6 hours,"LKR 9,000 - 12,000"
1,0.04,0.10567,0.04357,4-5 hours,"LKR 7,000 - 9,000"
0,0.08,0.16164,0.15545,6-7 hours,"LKR 12,000 - 15,000"
0,0.08,0.25771,0.15978,5-6 hours,"LKR 9,000 - 12,000"
2,0.1,0.29311,0.18073,5-6 hours,"LKR 9,000 - 12,000"
0,0.08,0.1929,0.13131,6-7 hours,"LKR 12,000 - 15,000"
0,0.08,0.27663,0.1438,5-6 hours,"LKR 9,000 - 12,000"
0,0.08,0.23901,0.14732,5-6 hours,"LKR 9,000 - 12,000"
0,0.08,0.20658,0.14456,5-6 hours,"LKR 9,000 - 12,000"
0,0.06864,0.23701,0.09076,5-6 hours,"LKR 9,000 - 12,000"
0,0.08,0.17096,0.12598,5-6 hours,"LKR 9,000 - 12,000"
0,0.08,0.27015,0.08488,6-7 hours,"LKR 12,000 - 15,000"
0,0.03446,0.09316,0.0431,4-5 hours,"LKR 7,000 - 9,000"
1,0.04,0.07352,0.04249,4-5 hours,"LKR 7,000 - 9,000"
0,0.08,0.24685,0.08025,5-6 hours,"LKR 9,000 - 12,000"
0,0.08,0.23523,0.10958,5-6 hours,"LKR 9,000 - 12,000"
1,0.04,0.12876,0.07627,4-5 hours,"LKR 7,000 - 9,000"
1,0.04,0.09349,0.05721,4-5 hours,"LKR 7,000 - 9,000"
1,0.04,0.11968,0.0691,4-5 hours,"LKR 7,000 - 9,000"
0,0.08,0.27265,0.14902,5-6 hours,"LKR 9,000 - 12,000"
1,0.04,0.11273,0.09136,4-5 hours,"LKR 7,000 - 9,000"
0,0.08,0.25014,0.15992,5-6 hours,"LKR 9,000 - 12,000"
0,0.0492,0.10451,0.10105,4-5 hours,"LKR 7,000 - 9,000"
0,0.08,0.17629,0.10575,5-6 hours,"LKR 9,000 - 12,000"
0,0.08,0.27655,0.13455,5-6 hours,"LKR 9,000 - 12,000"
1,0.04,0.08127,0.08715,4-5 hours,"LKR 7,000 - 9,000"
2,0.1,0.16963,0.15773,5-6 hours,"LKR 9,000 - 12,000"
1,0.04,0.1071,0.0439,4-5 hours,"LKR 7,000 - 9,000"
2,0.1,0.32494,0.14505,5-6 hours,"LKR 9,000 - 12,000"
0,0.08,0.17579,0.09552,5-6 hours,"LKR 9,000 - 12,000"
1,0.04,0.06595,0.0914,4-5 hours,"LKR 7,000 - 9,000"
0,0.08,0.20165,0.15576,5-6 hours,"LKR 9,000 - 12,000"
0,0.08,0.20645,0.12872,5-6 hours,"LKR 9,000 - 12,000"
0,0.08,0.24802,0.11368,5-6 hours,"LKR 9,000 - 12,000"
2,0.1,0.34334,0.1424,5-6 hours,"LKR 9,000 - 12,000"
0,0.05848,0.18713,0.08034,5-6 hours,"LKR 9,000 - 12,000"
0,0.08,0.22236,0.13133,6-7 hours,"LKR 12,000 - 15,000"
1,0.04,0.1162,0.08936,4-5 hours,"LKR 7,000 - 9,000"
0,0.08,0.17754,0.17358,5-6 hours,"LKR 9,000 - 12,000"
0,0.08,0.20113,0.1812,5-6 hours,"LKR 9,000 - 12,000"
0,0.08,0.13232,0.17044,5-6 hours,"LKR 9,000 - 12,000"
1,0.04,0.11771,0.05563,4-5 hours,"LKR 7,000 - 9,000"
1,0.04,0.10985,0.06411,4-5 hours,"LKR 7,000 - 9,000"
0,0.08,0.14351,0.16841,5-6 hours,"LKR 9,000 - 12,000"
1,0.04,0.07098,0.07607,4-5 hours,"LKR 7,000 - 9,000"
0,0.08,0.24913,0.17424,6-7 hours,"LKR 12,000 - 15,000"
0,0.08,0.14148,0.16092,5-6 hours,"LKR 9,000 - 12,000"
0,0.08,0.2506,0.1623,5-6 hours,"LKR 9,000 - 12,000"
2,0.1,0.19275,0.23934,6-7 hours,"LKR 12,000 - 15,000"
2,0.1,0.19551,0.13965,6-7 hours,"LKR 12,000 - 15,000"
2,0.1,0.28299,0.1843,5-6 hours,"LKR 9,000 - 12,000"
1,0.04,0.13664,0.05985,4-5 hours,"LKR 7,000 - 9,000"
1,0.04,0.10058,0.0431,4-5 hours,"LKR 7,000 - 9,000"
1,0.04,0.08422,0.08524,4-5 hours,"LKR 7,000 - 9,000"
2,0.1,0.29769,0.21136,5-6 hours,"LKR 9,000 - 12,000"
0,0.08,0.13675,0.19398,5-6 hours,"LKR 9,000 - 12,000"
0,0.08,0.2291,0.10212,5-6 hours,"LKR 9,000 - 12,000"
0,0.08,0.15874,0.08215,5-6 hours,"LKR 9,000 - 12,000"
1,0.04,0.13512,0.05577,4-5 hours,"LKR 7,000 - 9,000"
0,0.08,0.24273,0.16172,5-6 hours,"LKR 9,000 - 12,000"
1,0.04,0.06459,0.04529,4-5 hours,"LKR 7,000 - 9,000"
0,0.08,0.13082,0.11913,6-7 hours,"LKR 12,000 - 15,000"
1,0.03977,0.07816,0.09854,4-5 hours,"LKR 7,000 - 9,000"
0,0.04216,0.07434,0.07023,4-5 hours,"LKR 7,000 - 9,000"
1,0.04,0.13998,0.06435,4-5 hours,"LKR 7,000 - 9,000"
0,0.08,0.17451,0.18875,5-6 hours,"LKR 9,000 - 12,000"
0,0.08,0.16493,0.15193,5-6 hours,"LKR 9,000 - 12,000"
1,0.04,0.09344,0.05054,4-5 hours,"LKR 7,000 - 9,000"
0,0.08,0.2128,0.15781,5-6 hours,"LKR 9,000 - 12,000"
1,0.04,0.08589,0.08743,4-5 hours,"LKR 7,000 - 9,000"
1,0.04,0.13529,0.06355,4-5 hours,"LKR 7,000 - 9,000"
2,0.1,0.22984,0.22533,5-6 hours,"LKR 9,000 - 12,000"
1,0.04,0.12476,0.08413,4-5 hours,"LKR 7,000 - 9,000"
0,0.08,0.13304,0.08115,5-6 hours,"LKR 9,000 - 12,000"
1,0.04,0.07732,0.06546,4-5 hours,"LKR 7,000 - 9,000"
0,0.08,0.22062,0.10678,5-6 hours,"LKR 9,000 - 12,000"
2,0.1,0.16811,0.16987,5-6 hours,"LKR 9,000 - 12,000"
0,0.08,0.27236,0.16974,6-7 hours,"LKR 12,000 - 15,000"
0,0.08,0.15504,0.15054,5-6 hours,"LKR 9,000 - 12,000"
1,0.04,0.13165,0.09699,4-5 hours,"LKR 7,000 - 9,000"
0,0.08,0.18977,0.13152,5-6 hours,"LKR 9,000 - 12,000"
1,0.03361,0.06219,0.06546,5-6 hours,"LKR 9,000 - 12,000"
2,0.1,0.1566,0.16973,6-7 hours,"LKR 12,000 - 15,000"
1,0.04,0.12132,0.07492,4-5 hours,"LKR 7,000 - 9,000"
0,0.08,0.23648,0.17799,6-7 hours,"LKR 12,000 - 15,000"
1,0.04,0.06485,0.08905,5-6 hours,"LKR 9,000 - 12,000"
0,0.08,0.14283,0.12426,5-6 hours,"LKR 9,000 - 12,000"
0,0.08,0.17322,0.1765,5-6 hours,"LKR 9,000 - 12,000"
1,0.04,0.10772,0.09415,4-5 hours,"LKR 7,000 - 9,000"
1,0.03807,0.12702,0.07916,5-6 hours,"LKR 9,000 - 12,000"
2,0.0625,0.10002,0.13319,5-6 hours,"LKR 9,000 - 12,000"
0,0.08,0.15026,0.16149,6-7 hours,"LKR 12,000 - 15,000"
1,0.04,0.07386,0.06094,4-5 hours,"LKR 7,000 - 9,000"
1,0.04,0.07462,0.04746,5-6 hours,"LKR 9,000 - 12,000"
2,0.1,0.33079,0.23855,5-6 hours,"LKR 9,000 - 12,000"
2,0.1,0.21007,0.21307,6-7 hours,"LKR 12,000 - 15,000"
1,0.04,0.07548,0.08851,4-5 hours,"LKR 7,000 - 9,000"
0,0.08,0.20502,0.19433,5-6 hours,"LKR 9,000 - 12,000"
1,0.04,0.13531,0.06975,4-5 hours,"LKR 7,000 - 9,000"
0,0.08,0.19401,0.0915,5-6 hours,"LKR 9,000 - 12,000"
0,0.08,0.17689,0.17261,5-6 hours,"LKR 9,000 - 12,000"
0,0.08,0.25006,0.14258,5-6 hours,"LKR 9,000 - 12,000"
2,0.1,0.27431,0.23051,6-7 hours,"LKR 12,000 - 15,000"
1,0.04,0.08304,0.06431,4-5 hours,"LKR 7,000 - 9,000"
1,0.04,0.10582,0.08584,5-6 hours,"LKR 9,000 - 12,000"
0,0.08,0.12743,0.1665,5-6 hours,"LKR 9,000 - 12,000"
1,0.04,0.08185,0.04118,5-6 hours,"LKR 9,000 - 12,000"
2,0.1,0.32635,0.23423,5-6 hours,"LKR 9,000 - 12,000"
0,0.08,0.21006,0.18357,5-6 hours,"LKR 9,000 - 12,000"
1,0.04,0.0957,0.07935,4-5 hours,"LKR 7,000 - 9,000"
0,0.08,0.20084,0.10883,5-6 hours,"LKR 9,000 - 12,000"
0,0.08,0.25382,0.11077,6-7 hours,"LKR 12,000 - 15,000"
0,0.03147,0.06283,0.04605,4-5 hours,"LKR 7,000 - 9,000"
0,0.08,0.26662,0.18761,5-6 hours,"LKR 9,000 - 12,000"
0,0.08,0.14838,0.10644,5-6 hours,"LKR 9,000 - 12,000"
1,0.03305,0.05417,0.06373,5-6 hours,"LKR 9,000 - 12,000"
1,0.04,0.11685,0.09621,4-5 hours,"LKR 7,000 - 9,000"
0,0.02527,0.04579,0.03652,4-5 hours,"LKR 7,000 - 9,000"
0,0.08,0.13275,0.16502,5-6 hours,"LKR 9,000 - 12,000"
1,0.04,0.10085,0.05756,4-5 hours,"LKR 7,000 - 9,000"
1,0.04,0.12229,0.0806,4-5 hours,"LKR 7,000 - 9,000"
2,0.1,0.15338,0.12397,5-6 hours,"LKR 9,000 - 12,000"
0,0.06857,0.21822,0.11182,5-6 hours,"LKR 9,000 - 12,000"
1,0.04,0.09436,0.04764,4-5 hours,"LKR 7,000 - 9,000"
0,0.08,0.15347,0.19089,5-6 hours,"LKR 9,000 - 12,000"
2,0.1,0.31717,0.18847,5-6 hours,"LKR 9,000 - 12,000"
2,0.1,0.20788,0.13114,5-6 hours,"LKR 9,000 - 12,000"
2,0.0739,0.2278,0.15368,5-6 hours,"LKR 9,000 - 12,000"
0,0.06154,0.21083,0.13497,5-6 hours,"LKR 9,000 - 12,000"
0,0.08,0.26572,0.1869,5-6 hours,"LKR 9,000 - 12,000"
1,0.04,0.06083,0.05957,4-5 hours,"LKR 7,000 - 9,000"
2,0.1,0.27834,0.22246,5-6 hours,"LKR 9,000 - 12,000"
2,0.1,0.33734,0.21027,5-6 hours,"LKR 9,000 - 12,000"
0,0.03369,0.06576,0.03875,4-5 hours,"LKR 7,000 - 9,000"
2,0.1,0.24464,0.2187,5-6 hours,"LKR 9,000 - 12,000"
1,0.03402,0.10887,0.07634,4-5 hours,"LKR 7,000 - 9,000"
1,0.04,0.12181,0.06046,4-5 hours,"LKR 7,000 - 9,000"
0,0.08,0.12323,0.19489,5-6 hours,"LKR 9,000 - 12,000"
0,0.08,0.16414,0.13348,5-6 hours,"LKR 9,000 - 12,000"
0,0.03995,0.07138,0.04007,5-6 hours,"LKR 9,000 - 12,000"
0,0.02311,0.04899,0.03615,4-5 hours,"LKR 7,000 - 9,000"
0,0.08,0.27404,0.08246,5-6 hours,"LKR 9,000 - 12,000"
0,0.08,0.25263,0.12539,5-6 hours,"LKR 9,000 - 12,000"
2,0.1,0.25792,0.21362,6-7 hours,"LKR 12,000 - 15,000"
0,0.08,0.18705,0.09244,5-6 hours,"LKR 9,000 - 12,000"
1,0.04,0.10732,0.08461,4-5 hours,"LKR 7,000 - 9,000"
1,0.04,0.06753,0.04072,4-5 hours,"LKR 7,000 - 9,000"
1,0.04,0.12492,0.08726,4-5 hours,"LKR 7,000 - 9,000"
0,0.08,0.21293,0.17923,5-6 hours,"LKR 9,000 - 12,000"
0,0.08,0.25352,0.15979,5-6 hours,"LKR 9,000 - 12,000"
0,0.08,0.277,0.15922,5-6 hours,"LKR 9,000 - 12,000"
0,0.08,0.26141,0.10258,5-6 hours,"LKR 9,000 - 12,000"
1,0.03268,0.09478,0.06385,4-5 hours,"LKR 7,000 - 9,000"
1,0.04,0.07814,0.06584,5-6 hours,"LKR 9,000 - 12,000"
0,0.08,0.17053,0.10487,5-6 hours,"LKR 9,000 - 12,000"
0,0.08,0.14228,0.10116,5-6 hours,"LKR 9,000 - 12,000"
0,0.08,0.15942,0.1528,5-6 hours,"LKR 9,000 - 12,000"
1,0.04,0.13678,0.06508,4-5 hours,"LKR 7,000 - 9,000"
2,0.1,0.18175,0.17852,5-6 hours,"LKR 9,000 - 12,000"
0,0.08,0.24275,0.10396,5-6 hours,"LKR 9,000 - 12,000"
2,0.1,0.34686,0.10894,5-6 hours,"LKR 9,000 - 12,000"
0,0.08,0.27212,0.17138,5-6 hours,"LKR 9,000 - 12,000"
0,0.08,0.22593,0.0914,6-7 hours,"LKR 12,000 - 15,000"
1,0.04,0.1237,0.07984,4-5 hours,"LKR 7,000 - 9,000"
0,0.08,0.20367,0.10724,5-6 hours,"LKR 9,000 - 12,000"
2,0.1,0.25146,0.23698,5-6 hours,"LKR 9,000 - 12,000"
2,0.03495,0.06825,0.06073,5-6 hours,"LKR 9,000 - 12,000"
1,0.04,0.07135,0.08247,4-5 hours,"LKR 7,000 - 9,000"
0,0.0324,0.08871,0.04405,4-5 hours,"LKR 7,000 - 9,000"
2,0.1,0.29672,0.23381,5-6 hours,"LKR 9,000 - 12,000"
1,0.04,0.0743,0.06826,4-5 hours,"LKR 7,000 - 9,000"
0,0.08,0.14344,0.11139,5-6 hours,"LKR 9,000 - 12,000"
0,0.08,0.15442,0.15996,5-6 hours,"LKR 9,000 - 12,000"
1,0.04,0.10065,0.07368,4-5 hours,"LKR 7,000 - 9,000"
1,0.04,0.08172,0.06453,4-5 hours,"LKR 7,000 - 9,000"
0,0.08,0.16312,0.12847,5-6 hours,"LKR 9,000 - 12,000"
0,0.02116,0.05745,0.03822,4-5 hours,"LKR 7,000 - 9,000"
0,0.00766,0.01674,0.01,2-3 hours,"LKR 3,000 - 5,000"
0,0.06348,0.15978,0.08746,5-6 hours,"LKR 9,000 - 12,000"
1,0.04,0.06764,0.07262,4-5 hours,"LKR 7,000 - 9,000"
2,0.1,0.23232,0.17144,5-6 hours,"LKR 9,000 - 12,000"
2,0.0998,0.26632,0.2354,5-6 hours,"LKR 9,000 - 12,000"
1,0.04,0.07193,0.07974,4-5 hours,"LKR 7,000 - 9,000"
1,0.04,0.08562,0.0995,4-5 hours,"LKR 7,000 - 9,000"
1,0.04,0.13982,0.06759,4-5 hours,"LKR 7,000 - 9,000"
1,0.04,0.08682,0.06917,5-6 hours,"LKR 9,000 - 12,000"
2,0.1,0.28152,0.22323,5-6 hours,"LKR 9,000 - 12,000"
1,0.04,0.10003,0.06369,4-5 hours,"LKR 7,000 - 9,000"
0,0.08,0.22775,0.17951,5-6 hours,"LKR 9,000 - 12,000"
1,0.04,0.07162,0.05171,4-5 hours,"LKR 7,000 - 9,000"
0,0.08,0.17787,0.17417,5-6 hours,"LKR 9,000 - 12,000"
1,0.04,0.07358,0.06005,4-5 hours,"LKR 7,000 - 9,000"
2,0.1,0.25209,0.23987,5-6 hours,"LKR 9,000 - 12,000"
0,0.08,0.2194,0.10972,5-6 hours,"LKR 9,000 - 12,000"
0,0.08,0.14108,0.13248,5-6 hours,"LKR 9,000 - 12,000"
2,0.06623,0.21431,0.15515,6-7 hours,"LKR 12,000 - 15,000"
1,0.03744,0.08631,0.07305,4-5 hours,"LKR 7,000 - 9,000"
0,0.08,0.23036,0.10772,5-6 hours,"LKR 9,000 - 12,000"
1,0.04,0.1022,0.07321,4-5 hours,"LKR 7,000 - 9,000"
0,0.08,0.16837,0.16163,5-6 hours,"LKR 9,000 - 12,000"
1,0.04,0.13558,0.09935,4-5 hours,"LKR 7,000 - 9,000"
1,0.04,0.07271,0.07437,4-5 hours,"LKR 7,000 - 9,000"
0,0.08,0.14161,0.1457,5-6 hours,"LKR 9,000 - 12,000"
1,0.04,0.08282,0.08765,4-5 hours,"LKR 7,000 - 9,000"
0,0.01582,0.03464,0.03486,3-4 hours,"LKR 5,000 - 7,000"
2,0.03244,0.06304,0.07438,5-6 hours,"LKR 9,000 - 12,000"
1,0.03666,0.09232,0.05176,4-5 hours,"LKR 7,000 - 9,000"
1,0.04,0.115,0.0423,4-5 hours,"LKR 7,000 - 9,000"
2,0.1,0.25909,0.20214,6-7 hours,"LKR 12,000 - 15,000"
1,0.04,0.1341,0.09898,4-5 hours,"LKR 7,000 - 9,000"
0,0.08,0.19573,0.08219,6-7 hours,"LKR 12,000 - 15,000"
0,0.08,0.26147,0.11328,5-6 hours,"LKR 9,000 - 12,000"
1,0.04,0.08297,0.09896,4-5 hours,"LKR 7,000 - 9,000"
0,0.0133,0.04037,0.02779,3-4 hours,"LKR 5,000 - 7,000"
1,0.02642,0.0838,0.06512,3-4 hours,"LKR 5,000 - 7,000"
0,0.08,0.24798,0.18212,5-6 hours,"LKR 9,000 - 12,000"
2,0.1,0.2023,0.16241,5-6 hours,"LKR 9,000 - 12,000"
1,0.04,0.06494,0.06309,4-5 hours,"LKR 7,000 - 9,000"
0,0.08,0.26474,0.10693,5-6 hours,"LKR 9,000 - 12,000"
0,0.08,0.23047,0.1523,5-6 hours,"LKR 9,000 - 12,000"
2,0.1,0.16855,0.193,5-6 hours,"LKR 9,000 - 12,000"
1,0.04,0.06894,0.04915,4-5 hours,"LKR 7,000 - 9,000"
0,0.08,0.2578,0.10047,5-6 hours,"LKR 9,000 - 12,000"
0,0.0081,0.0211,0.01968,3-4 hours,"LKR 5,000 - 7,000"
0,0.08,0.20384,0.10473,5-6 hours,"LKR 9,000 - 12,000"
2,0.1,0.29097,0.21117,5-6 hours,"LKR 9,000 - 12,000"
1,0.04,0.13737,0.08489,5-6 hours,"LKR 9,000 - 12,000"
0,0.0534,0.09225,0.12407,5-6 hours,"LKR 9,000 - 12,000"
1,0.04,0.10883,0.06958,4-5 hours,"LKR 7,000 - 9,000"
2,0.1,0.1652,0.11014,5-6 hours,"LKR 9,000 - 12,000"
0,0.08,0.17892,0.08835,5-6 hours,"LKR 9,000 - 12,000"
0,0.08,0.2459,0.11694,5-6 hours,"LKR 9,000 - 12,000"
0,0.08,0.13336,0.16383,5-6 hours,"LKR 9,000 - 12,000"
0,0.08,0.23232,0.19459,5-6 hours,"LKR 9,000 - 12,000"
1,0.04,0.1193,0.05372,4-5 hours,"LKR 7,000 - 9,000"
1,0.04,0.13864,0.08001,4-5 hours,"LKR 7,000 - 9,000"
0,0.08,0.13192,0.14084,5-6 hours,"LKR 9,000 - 12,000"
0,0.08,0.24561,0.09558,5-6 hours,"LKR 9,000 - 12,000"
2,0.1,0.23999,0.12053,5-6 hours,"LKR 9,000 - 12,000"
2,0.1,0.18378,0.2474,5-6 hours,"LKR 9,000 - 12,000"
0,0.08,0.13627,0.15387,5-6 hours,"LKR 9,000 - 12,000"
0,0.08,0.26381,0.14054,5-6 hours,"LKR 9,000 - 12,000"
1,0.03362,0.08396,0.04481,4-5 hours,"LKR 7,000 - 9,000"
0,0.08,0.12808,0.08437,5-6 hours,"LKR 9,000 - 12,000"
0,0.08,0.14168,0.14956,5-6 hours,"LKR 9,000 - 12,000"
1,0.01922,0.04684,0.02486,4-5 hours,"LKR 7,000 - 9,000"
2,0.1,0.18551,0.18026,5-6 hours,"LKR 9,000 - 12,000"
0,0.07166,0.22436,0.13139,5-6 hours,"LKR 9,000 - 12,000"
2,0.1,0.24967,0.22334,5-6 hours,"LKR 9,000 - 12,000"
0,0.04602,0.12664,0.11153,4-5 hours,"LKR 7,000 - 9,000"
1,0.02857,0.09992,0.04001,3-4 hours,"LKR 5,000 - 7,000"
1,0.04,0.09722,0.05519,4-5 hours,"LKR 7,000 - 9,000"
2,0.1,0.32246,0.15361,5-6 hours,"LKR 9,000 - 12,000"
1,0.04,0.12515,0.04679,4-5 hours,"LKR 7,000 - 9,000"
1,0.04,0.11228,0.08958,4-5 hours,"LKR 7,000 - 9,000"
1,0.04,0.07571,0.09715,4-5 hours,"LKR 7,000 - 9,000"
0,0.08,0.18496,0.10359,5-6 hours,"LKR 9,000 - 12,000"
2,0.1,0.32292,0.12682,5-6 hours,"LKR 9,000 - 12,000"
0,0.08,0.22441,0.08634,5-6 hours,"LKR 9,000 - 12,000"
0,0.08,0.27268,0.11595,5-6 hours,"LKR 9,000 - 12,000"
1,0.04,0.10241,0.08829,4-5 hours,"LKR 7,000 - 9,000"
1,0.04,0.11225,0.08805,4-5 hours,"LKR 7,000 - 9,000"
1,0.04,0.08426,0.0456,4-5 hours,"LKR 7,000 - 9,000"
1,0.03193,0.07386,0.04993,4-5 hours,"LKR 7,000 - 9,000"
0,0.08,0.19533,0.10471,5-6 hours,"LKR 9,000 - 12,000"
0,0.08,0.26708,0.12488,5-6 hours,"LKR 9,000 - 12,000"
0,0.08,0.26354,0.11799,5-6 hours,"LKR 9,000 - 12,000"
2,0.1,0.27951,0.20041,5-6 hours,"LKR 9,000 - 12,000"
0,0.04506,0.06913,0.04915,4-5 hours,"LKR 7,000 - 9,000"
0,0.08,0.25944,0.12676,5-6 hours,"LKR 9,000 - 12,000"
2,0.1,0.34444,0.24476,5-6 hours,"LKR 9,000 - 12,000"
2,0.1,0.30587,0.1566,6-7 hours,"LKR 12,000 - 15,000"
0,0.08,0.16273,0.12716,5-6 hours,"LKR 9,000 - 12,000"
1,0.04,0.06587,0.08978,4-5 hours,"LKR 7,000 - 9,000"
0,0.08,0.12549,0.13534,5-6 hours,"LKR 9,000 - 12,000"
0,0.08,0.18722,0.11657,6-7 hours,"LKR 12,000 - 15,000"
0,0.08,0.16622,0.18602,5-6 hours,"LKR 9,000 - 12,000"
0,0.08,0.17965,0.19418,5-6 hours,"LKR 9,000 - 12,000"
1,0.04,0.09047,0.05142,4-5 hours,"LKR 7,000 - 9,000"
2,0.1,0.31968,0.24544,5-6 hours,"LKR 9,000 - 12,000"
0,0.08,0.17285,0.18467,5-6 hours,"LKR 9,000 - 12,000"
2,0.1,0.27205,0.10395,5-6 hours,"LKR 9,000 - 12,000"
1,0.04,0.13573,0.0805,5-6 hours,"LKR 9,000 - 12,000"
0,0.04322,0.12171,0.05469,4-5 hours,"LKR 7,000 - 9,000"
2,0.1,0.20887,0.1266,5-6 hours,"LKR 9,000 - 12,000"
2,0.1,0.2474,0.16581,5-6 hours,"LKR 9,000 - 12,000"
0,0.08,0.17083,0.1494,5-6 hours,"LKR 9,000 - 12,000"
1,0.04,0.11006,0.09821,4-5 hours,"LKR 7,000 - 9,000"
0,0.08,0.24438,0.14014,5-6 hours,"LKR 9,000 - 12,000"
0,0.08,0.22433,0.15864,5-6 hours,"LKR 9,000 - 12,000"
1,0.04,0.09162,0.08006,4-5 hours,"LKR 7,000 - 9,000"
0,0.08,0.13244,0.15948,5-6 hours,"LKR 9,000 - 12,000"
2,0.1,0.2328,0.23791,5-6 hours,"LKR 9,000 - 12,000"
2,0.1,0.20644,0.18122,5-6 hours,"LKR 9,000 - 12,000"
0,0.08,0.25194,0.11806,6-7 hours,"LKR 12,000 - 15,000"
2,0.1,0.15555,0.17887,6-7 hours,"LKR 12,000 - 15,000"
2,0.1,0.22434,0.17213,5-6 hours,"LKR 9,000 - 12,000"
1,0.04,0.07787,0.09404,4-5 hours,"LKR 7,000 - 9,000"
0,0.08,0.27072,0.13535,5-6 hours,"LKR 9,000 - 12,000"
0,0.08,0.19146,0.1017,5-6 hours,"LKR 9,000 - 12,000"
0,0.08,0.13261,0.14562,5-6 hours,"LKR 9,000 - 12,000"
2,0.1,0.34532,0.22299,5-6 hours,"LKR 9,000 - 12,000"
2,0.1,0.20592,0.1885,5-6 hours,"LKR 9,000 - 12,000"
0,0.08,0.20676,0.0948,5-6 hours,"LKR 9,000 - 12,000"
1,0.0231,0.06493,0.02657,3-4 hours,"LKR 5,000 - 7,000"
1,0.04,0.13041,0.09343,4-5 hours,"LKR 7,000 - 9,000"
2,0.1,0.16887,0.19031,5-6 hours,"LKR 9,000 - 12,000"
1,0.04,0.12571,0.07117,4-5 hours,"LKR 7,000 - 9,000"
1,0.04,0.10465,0.09036,4-5 hours,"LKR 7,000 - 9,000"
0,0.08,0.26607,0.08686,5-6 hours,"LKR 9,000 - 12,000"
0,0.08,0.19245,0.19981,6-7 hours,"LKR 12,000 - 15,000"
0,0.08,0.27519,0.15523,5-6 hours,"LKR 9,000 - 12,000"
1,0.04,0.07087,0.04402,4-5 hours,"LKR 7,000 - 9,000"
1,0.04,0.13273,0.09044,4-5 hours,"LKR 7,000 - 9,000"
1,0.04,0.07676,0.04229,4-5 hours,"LKR 7,000 - 9,000"
2,0.1,0.25381,0.22281,6-7 hours,"LKR 12,000 - 15,000"
0,0.08,0.27252,0.11448,5-6 hours,"LKR 9,000 - 12,000"
0,0.08,0.18079,0.12942,5-6 hours,"LKR 9,000 - 12,000"
1,0.04,0.1333,0.09525,4-5 hours,"LKR 7,000 - 9,000"
1,0.03714,0.06756,0.06929,4-5 hours,"LKR 7,000 - 9,000"
1,0.04,0.07404,0.09515,4-5 hours,"LKR 7,000 - 9,000"
0,0.08,0.195,0.18336,5-6 hours,"LKR 9,000 - 12,000"
0,0.08,0.16155,0.09112,5-6 hours,"LKR 9,000 - 12,000"
0,0.08,0.16466,0.16985,5-6 hours,"LKR 9,000 - 12,000"
0,0.08,0.27347,0.13691,5-6 hours,"LKR 9,000 - 12,000"
0,0.08,0.21072,0.12997,5-6 hours,"LKR 9,000 - 12,000"
2,0.06089,0.19072,0.06608,5-6 hours,"LKR 9,000 - 12,000"
0,0.08,0.20262,0.11544,5-6 hours,"LKR 9,000 - 12,000"
1,0.04,0.09132,0.06779,4-5 hours,"LKR 7,000 - 9,000"
0,0.02847,0.0767,0.04587,4-5 hours,"LKR 7,000 - 9,000"
1,0.04,0.1277,0.0942,4-5 hours,"LKR 7,000 - 9,000"
0,0.08,0.19289,0.1501,5-6 hours,"LKR 9,000 - 12,000"
0,0.08,0.23168,0.08174,5-6 hours,"LKR 9,000 - 12,000"
1,0.04,0.08131,0.06337,4-5 hours,"LKR 7,000 - 9,000"
1,0.04,0.11857,0.07962,4-5 hours,"LKR 7,000 - 9,000"
0,0.08,0.17053,0.08362,5-6 hours,"LKR 9,000 - 12,000"
1,0.04,0.11108,0.06975,4-5 hours,"LKR 7,000 - 9,000"
0,0.08,0.21794,0.15257,5-6 hours,"LKR 9,000 - 12,000"
1,0.04,0.06458,0.07949,4-5 hours,"LKR 7,000 - 9,000"
0,0.08,0.22933,0.08091,5-6 hours,"LKR 9,000 - 12,000"
0,0.08,0.20287,0.17656,5-6 hours,"LKR 9,000 - 12,000"
0,0.08,0.15574,0.11373,6-7 hours,"LKR 12,000 - 15,000"
2,0.1,0.34637,0.15777,5-6 hours,"LKR 9,000 - 12,000"
0,0.08,0.16094,0.16681,5-6 hours,"LKR 9,000 - 12,000"
2,0.1,0.16561,0.22694,5-6 hours,"LKR 9,000 - 12,000"
2,0.1,0.34162,0.22757,5-6 hours,"LKR 9,000 - 12,000"
0,0.0619,0.152,0.06946,5-6 hours,"LKR 9,000 - 12,000"
1,0.04,0.07336,0.0459,4-5 hours,"LKR 7,000 - 9,000"
1,0.04,0.09633,0.04477,4-5 hours,"LKR 7,000 - 9,000"
0,0.08,0.2623,0.1544,5-6 hours,"LKR 9,000 - 12,000"
2,0.1,0.2533,0.17629,5-6 hours,"LKR 9,000 - 12,000"
1,0.04,0.08677,0.09895,5-6 hours,"LKR 9,000 - 12,000"
1,0.04,0.06758,0.08934,4-5 hours,"LKR 7,000 - 9,000"
0,0.08,0.13808,0.15752,5-6 hours,"LKR 9,000 - 12,000"
1,0.04,0.10353,0.06501,4-5 hours,"LKR 7,000 - 9,000"
2,0.1,0.23184,0.19828,5-6 hours,"LKR 9,000 - 12,000"
0,0.08,0.16595,0.15645,5-6 hours,"LKR 9,000 - 12,000"
1,0.04,0.1378,0.09724,4-5 hours,"LKR 7,000 - 9,000"
0,0.08,0.15784,0.1119,5-6 hours,"LKR 9,000 - 12,000"
0,0.08,0.16124,0.10736,6-7 hours,"LKR 12,000 - 15,000"
1,0.04,0.06366,0.04634,4-5 hours,"LKR 7,000 - 9,000"
0,0.08,0.16571,0.09484,5-6 hours,"LKR 9,000 - 12,000"
1,0.04,0.09299,0.08257,4-5 hours,"LKR 7,000 - 9,000"
0,0.08,0.1582,0.17331,5-6 hours,"LKR 9,000 - 12,000"
1,0.04,0.0644,0.07995,4-5 hours,"LKR 7,000 - 9,000"
0,0.08,0.16981,0.09064,5-6 hours,"LKR 9,000 - 12,000"
1,0.04,0.08926,0.08284,4-5 hours,"LKR 7,000 - 9,000"
1,0.04,0.06957,0.08677,4-5 hours,"LKR 7,000 - 9,000"
0,0.08,0.18124,0.15688,6-7 hours,"LKR 12,000 - 15,000"
0,0.08,0.26851,0.16189,6-7 hours,"LKR 12,000 - 15,000"
0,0.08,0.20724,0.08212,5-6 hours,"LKR 9,000 - 12,000"
0,0.08,0.27804,0.15344,5-6 hours,"LKR 9,000 - 12,000"
0,0.05554,0.165,0.13645,5-6 hours,"LKR 9,000 - 12,000"
0,0.08,0.25707,0.17218,5-6 hours,"LKR 9,000 - 12,000"
0,0.08,0.17323,0.11443,5-6 hours,"LKR 9,000 - 12,000"
2,0.1,0.3422,0.13228,5-6 hours,"LKR 9,000 - 12,000"
2,0.1,0.31332,0.18587,5-6 hours,"LKR 9,000 - 12,000"
0,0.08,0.2052,0.19725,5-6 hours,"LKR 9,000 - 12,000"
1,0.04,0.11346,0.04949,4-5 hours,"LKR 7,000 - 9,000"
2,0.1,0.33289,0.10649,5-6 hours,"LKR 9,000 - 12,000"
0,0.08,0.21206,0.10048,6-7 hours,"LKR 12,000 - 15,000"
1,0.03255,0.07873,0.03296,4-5 hours,"LKR 7,000 - 9,000"
1,0.04,0.11316,0.05471,4-5 hours,"LKR 7,000 - 9,000"
0,0.08,0.23461,0.13105,5-6 hours,"LKR 9,000 - 12,000"
0,0.08,0.21487,0.1606,5-6 hours,"LKR 9,000 - 12,000"
2,0.1,0.26679,0.13244,5-6 hours,"LKR 9,000 - 12,000"
1,0.04,0.11801,0.08961,4-5 hours,"LKR 7,000 - 9,000"
0,0.08,0.1875,0.19111,5-6 hours,"LKR 9,000 - 12,000"
1,0.03221,0.07162,0.04917,4-5 hours,"LKR 7,000 - 9,000"
0,0.08,0.27216,0.17618,5-6 hours,"LKR 9,000 - 12,000"
0,0.08,0.21135,0.12929,6-7 hours,"LKR 12,000 - 15,000"
1,0.04,0.0654,0.07835,4-5 hours,"LKR 7,000 - 9,000"
0,0.08,0.15784,0.16136,5-6 hours,"LKR 9,000 - 12,000"
1,0.04,0.12648,0.05426,4-5 hours,"LKR 7,000 - 9,000"
0,0.08,0.15914,0.19322,5-6 hours,"LKR 9,000 - 12,000"
1,0.04,0.13393,0.07746,4-5 hours,"LKR 7,000 - 9,000"
1,0.04,0.09272,0.0491,4-5 hours,"LKR 7,000 - 9,000"
2,0.1,0.17122,0.23508,5-6 hours,"LKR 9,000 - 12,000"
1,0.04,0.09713,0.07848,4-5 hours,"LKR 7,000 - 9,000"
1,0.04,0.11151,0.09451,5-6 hours,"LKR 9,000 - 12,000"
0,0.08,0.21325,0.13541,5-6 hours,"LKR 9,000 - 12,000"
0,0.08,0.1325,0.10376,5-6 hours,"LKR 9,000 - 12,000"
1,0.04,0.1089,0.09193,4-5 hours,"LKR 7,000 - 9,000"
0,0.08,0.19773,0.10494,5-6 hours,"LKR 9,000 - 12,000"
1,0.04,0.11736,0.06226,4-5 hours,"LKR 7,000 - 9,000"
1,0.04,0.0615,0.08023,4-5 hours,"LKR 7,000 - 9,000"
0,0.08,0.2048,0.16484,5-6 hours,"LKR 9,000 - 12,000"
0,0.08,0.24877,0.19231,5-6 hours,"LKR 9,000 - 12,000"
0,0.04961,0.12455,0.05961,4-5 hours,"LKR 7,000 - 9,000"
0,0.08,0.14994,0.15851,5-6 hours,"LKR 9,000 - 12,000"
0,0.08,0.22853,0.10566,5-6 hours,"LKR 9,000 - 12,000"
2,0.1,0.21867,0.14778,5-6 hours,"LKR 9,000 - 12,000"
1,0.04,0.13824,0.05917,4-5 hours,"LKR 7,000 - 9,000"
1,0.04,0.1123,0.06302,4-5 hours,"LKR 7,000 - 9,000"
1,0.04,0.07457,0.05476,5-6 hours,"LKR 9,000 - 12,000"
1,0.04,0.07214,0.0675,4-5 hours,"LKR 7,000 - 9,000"
0,0.08,0.23462,0.17895,5-6 hours,"LKR 9,000 - 12,000"
2,0.1,0.30629,0.22344,6-7 hours,"LKR 12,000 - 15,000"
1,0.04,0.09536,0.08909,4-5 hours,"LKR 7,000 - 9,000"
0,0.08,0.12299,0.16687,5-6 hours,"LKR 9,000 - 12,000"
1,0.04,0.10629,0.09605,4-5 hours,"LKR 7,000 - 9,000"
1,0.04,0.10099,0.07467,4-5 hours,"LKR 7,000 - 9,000"
2,0.1,0.32648,0.14755,5-6 hours,"LKR 9,000 - 12,000"
1,0.04,0.10194,0.08736,4-5 hours,"LKR 7,000 - 9,000"
0,0.08,0.22791,0.10491,5-6 hours,"LKR 9,000 - 12,000"
0,0.08,0.171,0.15735,5-6 hours,"LKR 9,000 - 12,000"
0,0.05247,0.1426,0.08514,5-6 hours,"LKR 9,000 - 12,000"
0,0.08,0.22162,0.10561,5-6 hours,"LKR 9,000 - 12,000"
1,0.04,0.07086,0.08324,4-5 hours,"LKR 7,000 - 9,000"
1,0.04,0.09129,0.04185,4-5 hours,"LKR 7,000 - 9,000"
0,0.08,0.23604,0.11633,5-6 hours,"LKR 9,000 - 12,000"
0,0.08,0.24414,0.16986,5-6 hours,"LKR 9,000 - 12,000"
0,0.03839,0.10849,0.063,4-5 hours,"LKR 7,000 - 9,000"
0,0.08,0.17848,0.1007,5-6 hours,"LKR 9,000 - 12,000"
0,0.08,0.14099,0.1577,5-6 hours,"LKR 9,000 - 12,000"
2,0.03641,0.11273,0.07392,5-6 hours,"LKR 9,000 - 12,000"
0,0.08,0.17089,0.1095,5-6 hours,"LKR 9,000 - 12,000"
0,0.08,0.12564,0.18081,6-7 hours,"LKR 12,000 - 15,000"
2,0.1,0.21102,0.14042,5-6 hours,"LKR 9,000 - 12,000"
1,0.04,0.06863,0.0735,5-6 hours,"LKR 9,000 - 12,000"
1,0.04,0.08212,0.07781,5-6 hours,"LKR 9,000 - 12,000"
0,0.08,0.23712,0.17279,5-6 hours,"LKR 9,000 - 12,000"
0,0.08,0.16132,0.19168,5-6 hours,"LKR 9,000 - 12,000"
0,0.08,0.26704,0.11914,5-6 hours,"LKR 9,000 - 12,000"
1,0.04,0.10267,0.08692,4-5 hours,"LKR 7,000 - 9,000"
0,0.08,0.24494,0.10377,5-6 hours,"LKR 9,000 - 12,000"
0,0.08,0.16539,0.19919,5-6 hours,"LKR 9,000 - 12,000"
1,0.04,0.08649,0.08512,4-5 hours,"LKR 7,000 - 9,000"
2,0.1,0.2581,0.23642,6-7 hours,"LKR 12,000 - 15,000"
0,0.08,0.13443,0.14548,5-6 hours,"LKR 9,000 - 12,000"
1,0.04,0.089,0.0803,4-5 hours,"LKR 7,000 - 9,000"
1,0.04,0.08797,0.08493,4-5 hours,"LKR 7,000 - 9,000"
0,0.08,0.20644,0.12181,5-6 hours,"LKR 9,000 - 12,000"
0,0.08,0.16653,0.09167,5-6 hours,"LKR 9,000 - 12,000"
0,0.08,0.14312,0.11081,5-6 hours,"LKR 9,000 - 12,000"
1,0.04,0.07556,0.09508,4-5 hours,"LKR 7,000 - 9,000"
1,0.04,0.07122,0.04327,4-5 hours,"LKR 7,000 - 9,000"
0,0.01572,0.05238,0.03336,3-4 hours,"LKR 5,000 - 7,000"
0,0.08,0.12411,0.11119,5-6 hours,"LKR 9,000 - 12,000"
1,0.04,0.07634,0.04908,4-5 hours,"LKR 7,000 - 9,000"
0,0.08,0.26758,0.14154,5-6 hours,"LKR 9,000 - 12,000"
0,0.08,0.15067,0.12666,5-6 hours,"LKR 9,000 - 12,000"
0,0.08,0.12645,0.09671,5-6 hours,"LKR 9,000 - 12,000"
2,0.1,0.28707,0.20317,5-6 hours,"LKR 9,000 - 12,000"
0,0.08,0.13018,0.10751,5-6 hours,"LKR 9,000 - 12,000"
0,0.04275,0.12249,0.06882,4-5 hours,"LKR 7,000 - 9,000"
0,0.08,0.2578,0.08763,5-6 hours,"LKR 9,000 - 12,000"
1,0.04,0.06227,0.04466,4-5 hours,"LKR 7,000 - 9,000"
1,0.04,0.07969,0.05549,4-5 hours,"LKR 7,000 - 9,000"
2,0.1,0.18624,0.11316,5-6 hours,"LKR 9,000 - 12,000"
1,0.04,0.11153,0.08331,4-5 hours,"LKR 7,000 - 9,000"
1,0.04,0.08234,0.04138,4-5 hours,"LKR 7,000 - 9,000"
0,0.08,0.21063,0.08947,5-6 hours,"LKR 9,000 - 12,000"
2,0.08472,0.18197,0.14875,5-6 hours,"LKR 9,000 - 12,000"
0,0.08,0.20465,0.11315,5-6 hours,"LKR 9,000 - 12,000"
1,0.04,0.12919,0.09757,4-5 hours,"LKR 7,000 - 9,000"
1,0.04,0.09392,0.08064,4-5 hours,"LKR 7,000 - 9,000"
0,0.08,0.20614,0.17199,5-6 hours,"LKR 9,000 - 12,000"
2,0.1,0.18962,0.11652,5-6 hours,"LKR 9,000 - 12,000"
0,0.08,0.18692,0.14555,5-6 hours,"LKR 9,000 - 12,000"
0,0.08,0.25536,0.19775,5-6 hours,"LKR 9,000 - 12,000"
0,0.08,0.26666,0.15906,6-7 hours,"LKR 12,000 - 15,000"
0,0.08,0.17037,0.12518,5-6 hours,"LKR 9,000 - 12,000"
0,0.08,0.13611,0.13291,6-7 hours,"LKR 12,000 - 15,000"
1,0.04,0.09276,0.07085,4-5 hours,"LKR 7,000 - 9,000"
1,0.04,0.10875,0.04711,4-5 hours,"LKR 7,000 - 9,000"
2,0.1,0.17108,0.16122,5-6 hours,"LKR 9,000 - 12,000"
1,0.04,0.11668,0.09946,4-5 hours,"LKR 7,000 - 9,000"
1,0.04,0.07739,0.06898,4-5 hours,"LKR 7,000 - 9,000"
1,0.04,0.10389,0.05475,4-5 hours,"LKR 7,000 - 9,000"
0,0.08,0.17235,0.14084,5-6 hours,"LKR 9,000 - 12,000"
2,0.1,0.26317,0.18538,5-6 hours,"LKR 9,000 - 12,000"
1,0.04,0.06961,0.08327,4-5 hours,"LKR 7,000 - 9,000"
1,0.04,0.10483,0.08428,5-6 hours,"LKR 9,000 - 12,000"
1,0.02506,0.04674,0.02911,3-4 hours,"LKR 5,000 - 7,000"
0,0.08,0.27232,0.1974,5-6 hours,"LKR 9,000 - 12,000"
1,0.04,0.12805,0.05392,4-5 hours,"LKR 7,000 - 9,000"
1,0.01122,0.02836,0.01551,2-3 hours,"LKR 3,000 - 5,000"
0,0.0596,0.09426,0.06347,5-6 hours,"LKR 9,000 - 12,000"
0,0.08,0.17442,0.16016,5-6 hours,"LKR 9,000 - 12,000"
2,0.1,0.18839,0.20539,5-6 hours,"LKR 9,000 - 12,000"
1,0.04,0.09431,0.0491,4-5 hours,"LKR 7,000 - 9,000"
1,0.04,0.0894,0.09667,4-5 hours,"LKR 7,000 - 9,000"
1,0.04,0.0944,0.05942,4-5 hours,"LKR 7,000 - 9,000"
2,0.1,0.24877,0.22978,5-6 hours,"LKR 9,000 - 12,000"
1,0.04,0.07195,0.08633,4-5 hours,"LKR 7,000 - 9,000"
1,0.04,0.12448,0.09938,4-5 hours,"LKR 7,000 - 9,000"
1,0.04,0.12167,0.04557,4-5 hours,"LKR 7,000 - 9,000"
0,0.08,0.25318,0.19207,5-6 hours,"LKR 9,000 - 12,000"
1,0.04,0.12257,0.05362,4-5 hours,"LKR 7,000 - 9,000"
0,0.0213,0.03465,0.05212,5-6 hours,"LKR 9,000 - 12,000"
0,0.08,0.20887,0.15243,5-6 hours,"LKR 9,000 - 12,000"
0,0.08,0.23751,0.1221,5-6 hours,"LKR 9,000 - 12,000"
0,0.08,0.17237,0.13073,5-6 hours,"LKR 9,000 - 12,000"
0,0.08,0.18771,0.16408,6-7 hours,"LKR 12,000 - 15,000"
0,0.08,0.21708,0.14052,5-6 hours,"LKR 9,000 - 12,000"
0,0.06139,0.11246,0.11806,5-6 hours,"LKR 9,000 - 12,000"
0,0.08,0.13144,0.14265,6-7 hours,"LKR 12,000 - 15,000"
1,0.04,0.07455,0.08412,4-5 hours,"LKR 7,000 - 9,000"
1,0.04,0.11384,0.06494,4-5 hours,"LKR 7,000 - 9,000"
1,0.04,0.08842,0.07241,4-5 hours,"LKR 7,000 - 9,000"
1,0.04,0.11044,0.06449,4-5 hours,"LKR 7,000 - 9,000"
0,0.08,0.18533,0.0842,6-7 hours,"LKR 12,000 - 15,000"
0,0.08,0.23338,0.18264,5-6 hours,"LKR 9,000 - 12,000"
0,0.08,0.22851,0.19818,5-6 hours,"LKR 9,000 - 12,000"
2,0.1,0.21354,0.20069,5-6 hours,"LKR 9,000 - 12,000"
1,0.04,0.06185,0.0875,4-5 hours,"LKR 7,000 - 9,000"
0,0.08,0.16382,0.16329,5-6 hours,"LKR 9,000 - 12,000"
0,0.02577,0.04951,0.02816,4-5 hours,"LKR 7,000 - 9,000"
1,0.04,0.07557,0.0729,4-5 hours,"LKR 7,000 - 9,000"
1,0.03509,0.10208,0.03863,5-6 hours,"LKR 9,000 - 12,000"
1,0.04,0.08437,0.08066,4-5 hours,"LKR 7,000 - 9,000"
1,0.04,0.07284,0.08184,4-5 hours,"LKR 7,000 - 9,000"
0,0.08,0.22484,0.16126,5-6 hours,"LKR 9,000 - 12,000"
1,0.04,0.13885,0.04331,4-5 hours,"LKR 7,000 - 9,000"
0,0.009,0.02111,0.02053,3-4 hours,"LKR 5,000 - 7,000"
0,0.08,0.14983,0.12032,5-6 hours,"LKR 9,000 - 12,000"
0,0.08,0.23629,0.10609,5-6 hours,"LKR 9,000 - 12,000"
0,0.08,0.14418,0.08511,5-6 hours,"LKR 9,000 - 12,000"
1,0.04,0.1002,0.08095,4-5 hours,"LKR 7,000 - 9,000"
2,0.1,0.29177,0.23941,5-6 hours,"LKR 9,000 - 12,000"
1,0.04,0.10267,0.07221,4-5 hours,"LKR 7,000 - 9,000"
1,0.04,0.11736,0.05119,5-6 hours,"LKR 9,000 - 12,000"
1,0.04,0.13002,0.08613,4-5 hours,"LKR 7,000 - 9,000"
0,0.08,0.14916,0.18548,5-6 hours,"LKR 9,000 - 12,000"
2,0.1,0.2069,0.15694,6-7 hours,"LKR 12,000 - 15,000"
1,0.04,0.12676,0.06913,4-5 hours,"LKR 7,000 - 9,000"
2,0.1,0.26885,0.24893,5-6 hours,"LKR 9,000 - 12,000"
2,0.1,0.19229,0.21471,5-6 hours,"LKR 9,000 - 12,000"
0,0.08,0.12463,0.16737,5-6 hours,"LKR 9,000 - 12,000"
0,0.08,0.18459,0.09875,5-6 hours,"LKR 9,000 - 12,000"
1,0.04,0.08571,0.08045,4-5 hours,"LKR 7,000 - 9,000"
0,0.0635,0.21889,0.11134,5-6 hours,"LKR 9,000 - 12,000"
0,0.08,0.1977,0.1512,5-6 hours,"LKR 9,000 - 12,000"
1,0.04,0.10389,0.08903,4-5 hours,"LKR 7,000 - 9,000"
0,0.08,0.15296,0.18765,5-6 hours,"LKR 9,000 - 12,000"
1,0.04,0.138,0.04791,4-5 hours,"LKR 7,000 - 9,000"
0,0.08,0.18657,0.12112,5-6 hours,"LKR 9,000 - 12,000"
0,0.08,0.18719,0.15487,5-6 hours,"LKR 9,000 - 12,000"
0,0.08,0.25073,0.09936,5-6 hours,"LKR 9,000 - 12,000"
0,0.08,0.26767,0.18468,5-6 hours,"LKR 9,000 - 12,000"
1,0.04,0.11851,0.06764,4-5 hours,"LKR 7,000 - 9,000"
0,0.08,0.23095,0.10738,6-7 hours,"LKR 12,000 - 15,000"
1,0.04,0.09907,0.09573,4-5 hours,"LKR 7,000 - 9,000"
2,0.1,0.16849,0.14203,5-6 hours,"LKR 9,000 - 12,000"
2,0.1,0.20931,0.18958,5-6 hours,"LKR 9,000 - 12,000"
0,0.08,0.16383,0.08324,5-6 hours,"LKR 9,000 - 12,000"
0,0.08,0.24834,0.1471,5-6 hours,"LKR 9,000 - 12,000"
1,0.04,0.12615,0.06626,4-5 hours,"LKR 7,000 - 9,000"
0,0.08,0.20794,0.10873,5-6 hours,"LKR 9,000 - 12,000"
0,0.08,0.18168,0.11432,5-6 hours,"LKR 9,000 - 12,000"
0,0.08,0.18424,0.17882,5-6 hours,"LKR 9,000 - 12,000"
0,0.08,0.18578,0.1652,5-6 hours,"LKR 9,000 - 12,000"
0,0.05021,0.12653,0.0679,5-6 hours,"LKR 9,000 - 12,000"
0,0.08,0.17664,0.08202,5-6 hours,"LKR 9,000 - 12,000"
0,0.08,0.2408,0.15026,5-6 hours,"LKR 9,000 - 12,000"
0,0.08,0.25209,0.11851,5-6 hours,"LKR 9,000 - 12,000"
1,0.04,0.09965,0.06716,4-5 hours,"LKR 7,000 - 9,000"
0,0.08,0.14967,0.16106,6-7 hours,"LKR 12,000 - 15,000"
0,0.08,0.22771,0.13846,5-6 hours,"LKR 9,000 - 12,000"
0,0.08,0.23377,0.16553,5-6 hours,"LKR 9,000 - 12,000"
0,0.08,0.18583,0.13584,5-6 hours,"LKR 9,000 - 12,000"
1,0.04,0.06021,0.0778,4-5 hours,"LKR 7,000 - 9,000"
1,0.04,0.10171,0.05402,4-5 hours,"LKR 7,000 - 9,000"
0,0.07265,0.17294,0.10998,5-6 hours,"LKR 9,000 - 12,000"
0,0.08,0.16154,0.09416,5-6 hours,"LKR 9,000 - 12,000"
2,0.1,0.15424,0.18657,5-6 hours,"LKR 9,000 - 12,000"
0,0.08,0.26201,0.11462,5-6 hours,"LKR 9,000 - 12,000"
0,0.06955,0.20007,0.16085,5-6 hours,"LKR 9,000 - 12,000"
0,0.08,0.18479,0.17257,5-6 hours,"LKR 9,000 - 12,000"
0,0.08,0.17265,0.12404,5-6 hours,"LKR 9,000 - 12,000"
0,0.08,0.16934,0.16382,5-6 hours,"LKR 9,000 - 12,000"
0,0.08,0.12963,0.19069,5-6 hours,"LKR 9,000 - 12,000"
1,0.04,0.09808,0.0846,5-6 hours,"LKR 9,000 - 12,000"
1,0.04,0.13098,0.06449,4-5 hours,"LKR 7,000 - 9,000"
1,0.04,0.06216,0.08078,4-5 hours,"LKR 7,000 - 9,000"
1,0.04,0.11905,0.09366,4-5 hours,"LKR 7,000 - 9,000"
1,0.04,0.07873,0.07145,4-5 hours,"LKR 7,000 - 9,000"
0,0.08,0.1439,0.10666,5-6 hours,"LKR 9,000 - 12,000"
1,0.04,0.07243,0.0689,4-5 hours,"LKR 7,000 - 9,000"
0,0.07288,0.20491,0.08566,5-6 hours,"LKR 9,000 - 12,000"
0,0.08,0.2571,0.18695,5-6 hours,"LKR 9,000 - 12,000"
0,0.08,0.25573,0.19527,5-6 hours,"LKR 9,000 - 12,000"
0,0.08,0.26222,0.12217,5-6 hours,"LKR 9,000 - 12,000"
1,0.04,0.07389,0.06878,5-6 hours,"LKR 9,000 - 12,000"
2,0.1,0.26796,0.15825,5-6 hours,"LKR 9,000 - 12,000"
0,0.08,0.17266,0.12442,5-6 hours,"LKR 9,000 - 12,000"
2,0.08064,0.19768,0.12126,5-6 hours,"LKR 9,000 - 12,000"
1,0.04,0.12356,0.09122,4-5 hours,"LKR 7,000 - 9,000"
2,0.1,0.3313,0.11086,5-6 hours,"LKR 9,000 - 12,000"
1,0.04,0.07587,0.05192,4-5 hours,"LKR 7,000 - 9,000"
1,0.04,0.13044,0.09746,4-5 hours,"LKR 7,000 - 9,000"
2,0.1,0.17729,0.14407,5-6 hours,"LKR 9,000 - 12,000"
1,0.04,0.11498,0.06627,4-5 hours,"LKR 7,000 - 9,000"
0,0.08,0.17236,0.137,5-6 hours,"LKR 9,000 - 12,000"
2,0.1,0.2335,0.12798,6-7 hours,"LKR 12,000 - 15,000"
1,0.04,0.08046,0.07735,5-6 hours,"LKR 9,000 - 12,000"
1,0.04,0.13551,0.05296,4-5 hours,"LKR 7,000 - 9,000"
0,0.08,0.20887,0.1802,5-6 hours,"LKR 9,000 - 12,000"
1,0.04,0.08937,0.0558,4-5 hours,"LKR 7,000 - 9,000"
0,0.08,0.14327,0.08717,5-6 hours,"LKR 9,000 - 12,000"
0,0.08,0.18,0.13174,6-7 hours,"LKR 12,000 - 15,000"
0,0.08,0.13566,0.10823,5-6 hours,"LKR 9,000 - 12,000"
0,0.08,0.25492,0.10321,5-6 hours,"LKR 9,000 - 12,000"
1,0.03292,0.05348,0.06653,4-5 hours,"LKR 7,000 - 9,000"
0,0.08,0.25473,0.12531,6-7 hours,"LKR 12,000 - 15,000"
0,0.08,0.20388,0.0998,5-6 hours,"LKR 9,000 - 12,000"
0,0.08,0.2324,0.09044,5-6 hours,"LKR 9,000 - 12,000"
0,0.08,0.12109,0.09601,5-6 hours,"LKR 9,000 - 12,000"
0,0.08,0.21099,0.1433,5-6 hours,"LKR 9,000 - 12,000"
0,0.08,0.13082,0.17375,5-6 hours,"LKR 9,000 - 12,000"
1,0.04,0.11283,0.04616,5-6 hours,"LKR 9,000 - 12,000"
0,0.03582,0.06925,0.05774,4-5 hours,"LKR 7,000 - 9,000"
0,0.07036,0.23231,0.10643,6-7 hours,"LKR 12,000 - 15,000"
1,0.04,0.06294,0.06937,4-5 hours,"LKR 7,000 - 9,000"
1,0.04,0.09997,0.09468,4-5 hours,"LKR 7,000 - 9,000"
0,0.05469,0.13151,0.08567,5-6 hours,"LKR 9,000 - 12,000"
2,0.1,0.32456,0.13996,5-6 hours,"LKR 9,000 - 12,000"
0,0.08,0.26407,0.1562,5-6 hours,"LKR 9,000 - 12,000"
2,0.1,0.17536,0.15503,5-6 hours,"LKR 9,000 - 12,000"
2,0.1,0.29374,0.12929,5-6 hours,"LKR 9,000 - 12,000"
1,0.04,0.07619,0.07272,4-5 hours,"LKR 7,000 - 9,000"
1,0.04,0.10392,0.07065,4-5 hours,"LKR 7,000 - 9,000"
2,0.08066,0.16988,0.1086,5-6 hours,"LKR 9,000 - 12,000"
1,0.01854,0.03804,0.02465,3-4 hours,"LKR 5,000 - 7,000"
2,0.1,0.33941,0.1902,5-6 hours,"LKR 9,000 - 12,000"
0,0.08,0.22824,0.0807,5-6 hours,"LKR 9,000 - 12,000"
0,0.08,0.22559,0.19032,5-6 hours,"LKR 9,000 - 12,000"
0,0.08,0.21974,0.13622,5-6 hours,"LKR 9,000 - 12,000"
1,0.03469,0.08603,0.08606,4-5 hours,"LKR 7,000 - 9,000"
1,0.04,0.07894,0.0696,4-5 hours,"LKR 7,000 - 9,000"
1,0.04,0.11857,0.05802,4-5 hours,"LKR 7,000 - 9,000"
2,0.1,0.32275,0.20353,5-6 hours,"LKR 9,000 - 12,000"
0,0.08,0.13374,0.11692,5-6 hours,"LKR 9,000 - 12,000"
1,0.04,0.08038,0.08686,4-5 hours,"LKR 7,000 - 9,000"
0,0.08,0.27229,0.13348,5-6 hours,"LKR 9,000 - 12,000"
0,0.08,0.17814,0.198,5-6 hours,"LKR 9,000 - 12,000"
0,0.08,0.14699,0.14956,5-6 hours,"LKR 9,000 - 12,000"
0,0.08,0.16034,0.13213,5-6 hours,"LKR 9,000 - 12,000"
1,0.04,0.10898,0.04538,4-5 hours,"LKR 7,000 - 9,000"
0,0.08,0.21442,0.10366,5-6 hours,"LKR 9,000 - 12,000"
0,0.08,0.21006,0.16058,5-6 hours,"LKR 9,000 - 12,000"
1,0.04,0.06397,0.0579,4-5 hours,"LKR 7,000 - 9,000"
2,0.1,0.31129,0.10825,5-6 hours,"LKR 9,000 - 12,000"
0,0.07482,0.17812,0.1734,5-6 hours,"LKR 9,000 - 12,000"
0,0.08,0.19456,0.09706,5-6 hours,"LKR 9,000 - 12,000"
0,0.08,0.16661,0.17347,5-6 hours,"LKR 9,000 - 12,000"
0,0.08,0.21767,0.1286,5-6 hours,"LKR 9,000 - 12,000"
0,0.08,0.13046,0.1166,5-6 hours,"LKR 9,000 - 12,000"
0,0.08,0.13989,0.1581,5-6 hours,"LKR 9,000 - 12,000"
0,0.05556,0.16649,0.09542,5-6 hours,"LKR 9,000 - 12,000"
1,0.04,0.12935,0.04741,4-5 hours,"LKR 7,000 - 9,000"
0,0.08,0.25615,0.09184,5-6 hours,"LKR 9,000 - 12,000"
0,0.08,0.21834,0.10764,5-6 hours,"LKR 9,000 - 12,000"
0,0.08,0.16458,0.17616,5-6 hours,"LKR 9,000 - 12,000"
1,0.04,0.07349,0.0812,4-5 hours,"LKR 7,000 - 9,000"
0,0.08,0.26372,0.16955,5-6 hours,"LKR 9,000 - 12,000"
0,0.08,0.15647,0.18234,5-6 hours,"LKR 9,000 - 12,000"
1,0.04,0.1285,0.07044,4-5 hours,"LKR 7,000 - 9,000"
2,0.1,0.15317,0.13189,5-6 hours,"LKR 9,000 - 12,000"
0,0.06231,0.12357,0.14305,5-6 hours,"LKR 9,000 - 12,000"
0,0.08,0.14316,0.17639,5-6 hours,"LKR 9,000 - 12,000"
1,0.04,0.07936,0.04947,4-5 hours,"LKR 7,000 - 9,000"
1,0.04,0.07843,0.07527,5-6 hours,"LKR 9,000 - 12,000"
0,0.08,0.14042,0.18465,6-7 hours,"LKR 12,000 - 15,000"
0,0.08,0.25463,0.13837,5-6 hours,"LKR 9,000 - 12,000"
1,0.04,0.10971,0.08547,4-5 hours,"LKR 7,000 - 9,000"
0,0.08,0.24093,0.09971,6-7 hours,"LKR 12,000 - 15,000"
1,0.04,0.08673,0.06257,4-5 hours,"LKR 7,000 - 9,000"
1,0.04,0.06535,0.04969,5-6 hours,"LKR 9,000 - 12,000"
1,0.04,0.13626,0.08161,4-5 hours,"LKR 7,000 - 9,000"
0,0.08,0.20069,0.11089,5-6 hours,"LKR 9,000 - 12,000"
1,0.04,0.13314,0.04065,4-5 hours,"LKR 7,000 - 9,000"
1,0.04,0.0638,0.07672,5-6 hours,"LKR 9,000 - 12,000"
1,0.04,0.07576,0.06283,4-5 hours,"LKR 7,000 - 9,000"
1,0.04,0.07439,0.04183,4-5 hours,"LKR 7,000 - 9,000"
0,0.08,0.12237,0.08352,5-6 hours,"LKR 9,000 - 12,000"
0,0.08,0.13987,0.0962,5-6 hours,"LKR 9,000 - 12,000"
2,0.1,0.18909,0.19529,6-7 hours,"LKR 12,000 - 15,000"
2,0.1,0.20144,0.17079,6-7 hours,"LKR 12,000 - 15,000"
0,0.08,0.25605,0.09606,5-6 hours,"LKR 9,000 - 12,000"
2,0.1,0.23801,0.22561,5-6 hours,"LKR 9,000 - 12,000"
0,0.07171,0.19671,0.11328,5-6 hours,"LKR 9,000 - 12,000"
2,0.1,0.32083,0.22935,5-6 hours,"LKR 9,000 - 12,000"
0,0.08,0.27087,0.18982,5-6 hours,"LKR 9,000 - 12,000"
0,0.08,0.18674,0.18999,6-7 hours,"LKR 12,000 - 15,000"
1,0.04,0.09889,0.0964,4-5 hours,"LKR 7,000 - 9,000"
0,0.08,0.16256,0.1721,6-7 hours,"LKR 12,000 - 15,000"
1,0.0095,0.02651,0.01659,2-3 hours,"LKR 3,000 - 5,000"
1,0.04,0.09403,0.09763,5-6 hours,"LKR 9,000 - 12,000"
1,0.04,0.11845,0.0987,4-5 hours,"LKR 7,000 - 9,000"
0,0.08,0.21399,0.15348,5-6 hours,"LKR 9,000 - 12,000"
0,0.08,0.17556,0.13879,5-6 hours,"LKR 9,000 - 12,000"
1,0.04,0.11768,0.0653,4-5 hours,"LKR 7,000 - 9,000"
0,0.08,0.1623,0.19152,5-6 hours,"LKR 9,000 - 12,000"
0,0.08,0.16392,0.18448,5-6 hours,"LKR 9,000 - 12,000"
0,0.08,0.26914,0.13053,5-6 hours,"LKR 9,000 - 12,000"
0,0.05517,0.11251,0.06684,5-6 hours,"LKR 9,000 - 12,000"
1,0.04,0.1254,0.0728,4-5 hours,"LKR 7,000 - 9,000"
0,0.08,0.13723,0.14779,5-6 hours,"LKR 9,000 - 12,000"
1,0.0248,0.05554,0.05452,4-5 hours,"LKR 7,000 - 9,000"
0,0.08,0.14782,0.1111,5-6 hours,"LKR 9,000 - 12,000"
0,0.08,0.19147,0.19132,5-6 hours,"LKR 9,000 - 12,000"
0,0.08,0.24697,0.13958,6-7 hours,"LKR 12,000 - 15,000"
1,0.04,0.1381,0.04459,4-5 hours,"LKR 7,000 - 9,000"
0,0.08,0.12448,0.08785,5-6 hours,"LKR 9,000 - 12,000"
0,0.08,0.18148,0.15558,5-6 hours,"LKR 9,000 - 12,000"
0,0.08,0.19351,0.16747,5-6 hours,"LKR 9,000 - 12,000"
0,0.08,0.21587,0.12338,5-6 hours,"LKR 9,000 - 12,000"
1,0.04,0.08444,0.05034,4-5 hours,"LKR 7,000 - 9,000"
1,0.04,0.06807,0.0956,4-5 hours,"LKR 7,000 - 9,000"
0,0.08,0.26656,0.14103,6-7 hours,"LKR 12,000 - 15,000"
0,0.08,0.1572,0.15196,5-6 hours,"LKR 9,000 - 12,000"
0,0.08,0.19856,0.16461,5-6 hours,"LKR 9,000 - 12,000"
1,0.04,0.10931,0.04393,4-5 hours,"LKR 7,000 - 9,000"
0,0.02705,0.08949,0.04248,4-5 hours,"LKR 7,000 - 9,000"
0,0.08,0.20697,0.08945,5-6 hours,"LKR 9,000 - 12,000"
0,0.08,0.2124,0.17202,5-6 hours,"LKR 9,000 - 12,000"
0,0.08,0.14783,0.17699,5-6 hours,"LKR 9,000 - 12,000"
0,0.08,0.13027,0.15165,5-6 hours,"LKR 9,000 - 12,000"
0,0.08,0.12271,0.15452,5-6 hours,"LKR 9,000 - 12,000"
1,0.04,0.09218,0.05726,4-5 hours,"LKR 7,000 - 9,000"
2,0.1,0.29297,0.11942,5-6 hours,"LKR 9,000 - 12,000"
1,0.03539,0.07352,0.05277,4-5 hours,"LKR 7,000 - 9,000"
0,0.08,0.15971,0.14959,5-6 hours,"LKR 9,000 - 12,000"
1,0.04,0.1277,0.07286,4-5 hours,"LKR 7,000 - 9,000"
2,0.1,0.25035,0.13073,5-6 hours,"LKR 9,000 - 12,000"
1,0.04,0.10547,0.08666,4-5 hours,"LKR 7,000 - 9,000"
1,0.04,0.11593,0.04752,4-5 hours,"LKR 7,000 - 9,000"
1,0.04,0.06662,0.09491,4-5 hours,"LKR 7,000 - 9,000"
1,0.04,0.06295,0.05752,5-6 hours,"LKR 9,000 - 12,000"
2,0.1,0.22974,0.14736,5-6 hours,"LKR 9,000 - 12,000"
0,0.08,0.16519,0.15206,5-6 hours,"LKR 9,000 - 12,000"
0,0.08,0.2105,0.10619,5-6 hours,"LKR 9,000 - 12,000"
0,0.08,0.251,0.11196,5-6 hours,"LKR 9,000 - 12,000"
0,0.08,0.21083,0.08948,5-6 hours,"LKR 9,000 - 12,000"
0,0.08,0.21449,0.17716,6-7 hours,"LKR 12,000 - 15,000"
2,0.1,0.26587,0.15373,6-7 hours,"LKR 12,000 - 15,000"
1,0.04,0.13931,0.05561,4-5 hours,"LKR 7,000 - 9,000"
0,0.08,0.2607,0.19892,5-6 hours,"LKR 9,000 - 12,000"
2,0.1,0.30575,0.19475,5-6 hours,"LKR 9,000 - 12,000"
1,0.04,0.07202,0.0944,4-5 hours,"LKR 7,000 - 9,000"
0,0.08,0.20072,0.11875,5-6 hours,"LKR 9,000 - 12,000"
1,0.04,0.10346,0.07751,4-5 hours,"LKR 7,000 - 9,000"
0,0.08,0.20227,0.10619,5-6 hours,"LKR 9,000 - 12,000"
0,0.08,0.16032,0.1036,5-6 hours,"LKR 9,000 - 12,000"
1,0.04,0.10547,0.04616,4-5 hours,"LKR 7,000 - 9,000"
0,0.08,0.12391,0.15572,5-6 hours,"LKR 9,000 - 12,000"
0,0.08,0.15669,0.17979,5-6 hours,"LKR 9,000 - 12,000"
0,0.08,0.23076,0.10865,5-6 hours,"LKR 9,000 - 12,000"
0,0.06046,0.10494,0.11116,5-6 hours,"LKR 9,000 - 12,000"
1,0.04,0.1171,0.04191,4-5 hours,"LKR 7,000 - 9,000"
2,0.1,0.18736,0.16698,6-7 hours,"LKR 12,000 - 15,000"
0,0.08,0.2398,0.121,5-6 hours,"LKR 9,000 - 12,000"
0,0.08,0.26492,0.18831,5-6 hours,"LKR 9,000 - 12,000"
1,0.04,0.13333,0.09701,5-6 hours,"LKR 9,000 - 12,000"
0,0.08,0.19082,0.12308,5-6 hours,"LKR 9,000 - 12,000"
1,0.04,0.1372,0.07736,4-5 hours,"LKR 7,000 - 9,000"
0,0.08,0.25891,0.13023,5-6 hours,"LKR 9,000 - 12,000"
1,0.04,0.06015,0.09598,4-5 hours,"LKR 7,000 - 9,000"
1,0.04,0.13295,0.07079,4-5 hours,"LKR 7,000 - 9,000"
0,0.08,0.19283,0.16954,5-6 hours,"LKR 9,000 - 12,000"
1,0.04,0.11821,0.06547,4-5 hours,"LKR 7,000 - 9,000"
2,0.01466,0.03733,0.03577,3-4 hours,"LKR 5,000 - 7,000"
0,0.08,0.21277,0.15229,5-6 hours,"LKR 9,000 - 12,000"
0,0.04954,0.15188,0.10223,4-5 hours,"LKR 7,000 - 9,000"
0,0.03508,0.07781,0.08569,4-5 hours,"LKR 7,000 - 9,000"
2,0.1,0.2289,0.20957,5-6 hours,"LKR 9,000 - 12,000"
1,0.04,0.12425,0.05601,4-5 hours,"LKR 7,000 - 9,000"
1,0.01429,0.02344,0.02994,2-3 hours,"LKR 3,000 - 5,000"
1,0.04,0.13898,0.08477,4-5 hours,"LKR 7,000 - 9,000"
2,0.1,0.33343,0.22605,5-6 hours,"LKR 9,000 - 12,000"
2,0.1,0.22121,0.12743,5-6 hours,"LKR 9,000 - 12,000"
1,0.04,0.09555,0.05015,4-5 hours,"LKR 7,000 - 9,000"
0,0.08,0.2001,0.14198,5-6 hours,"LKR 9,000 - 12,000"
1,0.04,0.12572,0.04232,4-5 hours,"LKR 7,000 - 9,000"
0,0.08,0.16793,0.15264,5-6 hours,"LKR 9,000 - 12,000"
1,0.04,0.10193,0.0817,4-5 hours,"LKR 7,000 - 9,000"
1,0.04,0.0825,0.06592,4-5 hours,"LKR 7,000 - 9,000"
0,0.08,0.20963,0.19455,5-6 hours,"LKR 9,000 - 12,000"
2,0.1,0.22686,0.15335,5-6 hours,"LKR 9,000 - 12,000"
2,0.06314,0.19812,0.14701,5-6 hours,"LKR 9,000 - 12,000"
0,0.04741,0.13503,0.05054,4-5 hours,"LKR 7,000 - 9,000"
2,0.1,0.22643,0.12046,5-6 hours,"LKR 9,000 - 12,000"
0,0.0629,0.18086,0.12517,5-6 hours,"LKR 9,000 - 12,000"
0,0.08,0.2127,0.18947,5-6 hours,"LKR 9,000 - 12,000"
2,0.1,0.20268,0.20422,5-6 hours,"LKR 9,000 - 12,000"
1,0.04,0.10404,0.07343,4-5 hours,"LKR 7,000 - 9,000"
2,0.1,0.20748,0.11562,5-6 hours,"LKR 9,000 - 12,000"
2,0.1,0.28374,0.18847,5-6 hours,"LKR 9,000 - 12,000"
0,0.08,0.13944,0.1003,5-6 hours,"LKR 9,000 - 12,000"
2,0.1,0.19963,0.23952,5-6 hours,"LKR 9,000 - 12,000"
1,0.04,0.06952,0.07897,4-5 hours,"LKR 7,000 - 9,000"
1,0.04,0.09894,0.09007,4-5 hours,"LKR 7,000 - 9,000"
0,0.08,0.2784,0.15867,5-6 hours,"LKR 9,000 - 12,000"
0,0.08,0.16182,0.15615,5-6 hours,"LKR 9,000 - 12,000"
0,0.08,0.23474,0.11759,5-6 hours,"LKR 9,000 - 12,000"
1,0.04,0.11917,0.06893,4-5 hours,"LKR 7,000 - 9,000"
1,0.03056,0.08923,0.04232,4-5 hours,"LKR 7,000 - 9,000"
2,0.1,0.15718,0.16366,5-6 hours,"LKR 9,000 - 12,000"
2,0.1,0.18471,0.19796,5-6 hours,"LKR 9,000 - 12,000"
0,0.08,0.20051,0.11624,5-6 hours,"LKR 9,000 - 12,000"
0,0.08,0.15822,0.14129,5-6 hours,"LKR 9,000 - 12,000"
0,0.08,0.18309,0.16545,5-6 hours,"LKR 9,000 - 12,000"
0,0.08,0.17579,0.09582,5-6 hours,"LKR 9,000 - 12,000"
0,0.08,0.14338,0.19566,6-7 hours,"LKR 12,000 - 15,000"
1,0.03116,0.09346,0.05864,5-6 hours,"LKR 9,000 - 12,000"
0,0.08,0.24001,0.14878,5-6 hours,"LKR 9,000 - 12,000"
0,0.08,0.23335,0.16913,5-6 hours,"LKR 9,000 - 12,000"
0,0.08,0.13773,0.10195,6-7 hours,"LKR 12,000 - 15,000"
0,0.08,0.25097,0.11925,5-6 hours,"LKR 9,000 - 12,000"
1,0.0261,0.06977,0.06496,3-4 hours,"LKR 5,000 - 7,000"
2,0.1,0.16222,0.19407,5-6 hours,"LKR 9,000 - 12,000"
0,0.08,0.18746,0.14725,5-6 hours,"LKR 9,000 - 12,000"
0,0.08,0.15075,0.14932,6-7 hours,"LKR 12,000 - 15,000"
0,0.08,0.26927,0.10553,5-6 hours,"LKR 9,000 - 12,000"
0,0.08,0.13907,0.18267,6-7 hours,"LKR 12,000 - 15,000"
2,0.09274,0.1525,0.2079,5-6 hours,"LKR 9,000 - 12,000"
1,0.04,0.1226,0.04693,5-6 hours,"LKR 9,000 - 12,000"
0,0.08,0.22965,0.18263,5-6 hours,"LKR 9,000 - 12,000"
0,0.08,0.17031,0.10707,5-6 hours,"LKR 9,000 - 12,000"
2,0.1,0.1837,0.15723,5-6 hours,"LKR 9,000 - 12,000"
0,0.08,0.23729,0.13599,5-6 hours,"LKR 9,000 - 12,000"
1,0.01922,0.06542,0.02668,3-4 hours,"LKR 5,000 - 7,000"
2,0.1,0.18751,0.24699,5-6 hours,"LKR 9,000 - 12,000"
0,0.08,0.16892,0.15839,5-6 hours,"LKR 9,000 - 12,000"
1,0.04,0.08768,0.08422,4-5 hours,"LKR 7,000 - 9,000"
1,0.04,0.06755,0.083,4-5 hours,"LKR 7,000 - 9,000"
1,0.04,0.08093,0.05571,4-5 hours,"LKR 7,000 - 9,000"
1,0.04,0.07289,0.08691,4-5 hours,"LKR 7,000 - 9,000"
0,0.08,0.1699,0.18645,5-6 hours,"LKR 9,000 - 12,000"
2,0.1,0.15681,0.13082,6-7 hours,"LKR 12,000 - 15,000"
0,0.08,0.26381,0.16983,5-6 hours,"LKR 9,000 - 12,000"
0,0.02235,0.03514,0.03017,4-5 hours,"LKR 7,000 - 9,000"
1,0.02313,0.07878,0.05326,4-5 hours,"LKR 7,000 - 9,000"
0,0.0431,0.0882,0.04349,4-5 hours,"LKR 7,000 - 9,000"
0,0.0417,0.10011,0.05641,4-5 hours,"LKR 7,000 - 9,000"
1,0.04,0.08707,0.08469,4-5 hours,"LKR 7,000 - 9,000"
0,0.08,0.1596,0.14522,6-7 hours,"LKR 12,000 - 15,000"
0,0.08,0.23904,0.1298,5-6 hours,"LKR 9,000 - 12,000"
0,0.08,0.17611,0.16321,5-6 hours,"LKR 9,000 - 12,000"
1,0.04,0.10945,0.08733,4-5 hours,"LKR 7,000 - 9,000"
2,0.1,0.20327,0.11041,5-6 hours,"LKR 9,000 - 12,000"
2,0.1,0.21284,0.20902,5-6 hours,"LKR 9,000 - 12,000"
0,0.08,0.17698,0.11735,5-6 hours,"LKR 9,000 - 12,000"
0,0.08,0.13093,0.13221,5-6 hours,"LKR 9,000 - 12,000"
0,0.08,0.23242,0.1736,5-6 hours,"LKR 9,000 - 12,000"
0,0.08,0.14588,0.08918,5-6 hours,"LKR 9,000 - 12,000"
0,0.08,0.13696,0.10875,5-6 hours,"LKR 9,000 - 12,000"
1,0.04,0.06266,0.04503,4-5 hours,"LKR 7,000 - 9,000"
0,0.08,0.22247,0.17206,5-6 hours,"LKR 9,000 - 12,000"
1,0.04,0.07957,0.06395,4-5 hours,"LKR 7,000 - 9,000"
0,0.08,0.22652,0.0888,5-6 hours,"LKR 9,000 - 12,000"
2,0.1,0.1953,0.12446,5-6 hours,"LKR 9,000 - 12,000"
2,0.1,0.18232,0.22233,5-6 hours,"LKR 9,000 - 12,000"
0,0.0225,0.06375,0.05294,4-5 hours,"LKR 7,000 - 9,000"
0,0.08,0.19559,0.12647,5-6 hours,"LKR 9,000 - 12,000"
0,0.08,0.17004,0.09357,5-6 hours,"LKR 9,000 - 12,000"
2,0.1,0.17637,0.17492,5-6 hours,"LKR 9,000 - 12,000"
1,0.04,0.13135,0.07823,4-5 hours,"LKR 7,000 - 9,000"
1,0.04,0.11079,0.08138,4-5 hours,"LKR 7,000 - 9,000"
1,0.04,0.12612,0.09836,4-5 hours,"LKR 7,000 - 9,000"
0,0.02829,0.09503,0.05451,4-5 hours,"LKR 7,000 - 9,000"
1,0.04,0.13753,0.07194,4-5 hours,"LKR 7,000 - 9,000"
0,0.08,0.19901,0.1589,6-7 hours,"LKR 12,000 - 15,000"
0,0.08,0.1978,0.14798,5-6 hours,"LKR 9,000 - 12,000"
1,0.04,0.06842,0.0426,4-5 hours,"LKR 7,000 - 9,000"
0,0.08,0.27615,0.15432,5-6 hours,"LKR 9,000 - 12,000"
0,0.08,0.24004,0.14794,5-6 hours,"LKR 9,000 - 12,000"
0,0.08,0.21222,0.16079,5-6 hours,"LKR 9,000 - 12,000"
0,0.08,0.2776,0.15036,6-7 hours,"LKR 12,000 - 15,000"
0,0.08,0.2109,0.14185,5-6 hours,"LKR 9,000 - 12,000"
2,0.07236,0.15163,0.16784,5-6 hours,"LKR 9,000 - 12,000"
0,0.08,0.23926,0.17023,6-7 hours,"LKR 12,000 - 15,000"
1,0.04,0.08751,0.0538,4-5 hours,"LKR 7,000 - 9,000"
0,0.08,0.19147,0.17562,5-6 hours,"LKR 9,000 - 12,000"
0,0.08,0.13692,0.19852,6-7 hours,"LKR 12,000 - 15,000"
0,0.08,0.22817,0.15664,5-6 hours,"LKR 9,000 - 12,000"
0,0.08,0.13747,0.16755,5-6 hours,"LKR 9,000 - 12,000"
0,0.08,0.2153,0.18653,5-6 hours,"LKR 9,000 - 12,000"
2,0.1,0.32258,0.12631,5-6 hours,"LKR 9,000 - 12,000"
0,0.08,0.24126,0.13838,5-6 hours,"LKR 9,000 - 12,000"
0,0.08,0.15515,0.17766,5-6 hours,"LKR 9,000 - 12,000"
1,0.04,0.07497,0.04603,4-5 hours,"LKR 7,000 - 9,000"
0,0.08,0.16174,0.17716,5-6 hours,"LKR 9,000 - 12,000"
0,0.08,0.13098,0.11128,5-6 hours,"LKR 9,000 - 12,000"
0,0.08,0.20655,0.12721,5-6 hours,"LKR 9,000 - 12,000"
1,0.04,0.10237,0.07791,4-5 hours,"LKR 7,000 - 9,000"
0,0.08,0.24079,0.09746,5-6 hours,"LKR 9,000 - 12,000"
0,0.08,0.2747,0.18502,5-6 hours,"LKR 9,000 - 12,000"
0,0.08,0.22177,0.16799,6-7 hours,"LKR 12,000 - 15,000"
0,0.08,0.17618,0.0821,5-6 hours,"LKR 9,000 - 12,000"
2,0.1,0.29482,0.17518,5-6 hours,"LKR 9,000 - 12,000"
2,0.1,0.23602,0.10778,5-6 hours,"LKR 9,000 - 12,000"
2,0.1,0.27971,0.10696,5-6 hours,"LKR 9,000 - 12,000"
0,0.08,0.24768,0.12966,5-6 hours,"LKR 9,000 - 12,000"
0,0.08,0.241,0.16184,5-6 hours,"LKR 9,000 - 12,000"
2,0.1,0.28675,0.12484,5-6 hours,"LKR 9,000 - 12,000"
0,0.03864,0.12574,0.04822,4-5 hours,"LKR 7,000 - 9,000"
0,0.08,0.20139,0.1175,5-6 hours,"LKR 9,000 - 12,000"
1,0.04,0.08232,0.09495,4-5 hours,"LKR 7,000 - 9,000"
2,0.0963,0.25875,0.22903,5-6 hours,"LKR 9,000 - 12,000"
1,0.04,0.13354,0.04406,4-5 hours,"LKR 7,000 - 9,000"
0,0.08,0.22567,0.09403,5-6 hours,"LKR 9,000 - 12,000"
1,0.04,0.13492,0.04155,4-5 hours,"LKR 7,000 - 9,000"
1,0.04,0.1137,0.09804,4-5 hours,"LKR 7,000 - 9,000"
1,0.04,0.0742,0.07783,4-5 hours,"LKR 7,000 - 9,000"
1,0.04,0.11212,0.05957,4-5 hours,"LKR 7,000 - 9,000"
0,0.08,0.23782,0.16477,5-6 hours,"LKR 9,000 - 12,000"
1,0.04,0.11979,0.04795,4-5 hours,"LKR 7,000 - 9,000"
1,0.04,0.11781,0.09004,4-5 hours,"LKR 7,000 - 9,000"
1,0.04,0.11887,0.07303,4-5 hours,"LKR 7,000 - 9,000"
0,0.08,0.12036,0.19964,5-6 hours,"LKR 9,000 - 12,000"
1,0.04,0.12883,0.07347,4-5 hours,"LKR 7,000 - 9,000"
0,0.08,0.19631,0.11736,6-7 hours,"LKR 12,000 - 15,000"
1,0.04,0.13421,0.04008,4-5 hours,"LKR 7,000 - 9,000"
0,0.08,0.23062,0.19752,5-6 hours,"LKR 9,000 - 12,000"
1,0.04,0.06041,0.05821,4-5 hours,"LKR 7,000 - 9,000"
1,0.04,0.09136,0.05301,4-5 hours,"LKR 7,000 - 9,000"
1,0.04,0.09268,0.09585,5-6 hours,"LKR 9,000 - 12,000"
1,0.04,0.13655,0.08771,4-5 hours,"LKR 7,000 - 9,000"
0,0.08,0.18569,0.09785,5-6 hours,"LKR 9,000 - 12,000"
1,0.04,0.07477,0.08841,5-6 hours,"LKR 9,000 - 12,000"
2,0.07497,0.15461,0.08487,5-6 hours,"LKR 9,000 - 12,000"
1,0.04,0.07061,0.05183,4-5 hours,"LKR 7,000 - 9,000"
1,0.03557,0.09377,0.03954,4-5 hours,"LKR 7,000 - 9,000"
1,0.04,0.08765,0.0606,4-5 hours,"LKR 7,000 - 9,000"
2,0.1,0.18073,0.19592,6-7 hours,"LKR 12,000 - 15,000"
0,0.08,0.25053,0.19852,5-6 hours,"LKR 9,000 - 12,000"
1,0.04,0.11261,0.08505,4-5 hours,"LKR 7,000 - 9,000"
1,0.04,0.06246,0.09955,4-5 hours,"LKR 7,000 - 9,000"
1,0.04,0.08218,0.06217,4-5 hours,"LKR 7,000 - 9,000"
1,0.04,0.07987,0.05566,4-5 hours,"LKR 7,000 - 9,000"
0,0.08,0.27391,0.16955,5-6 hours,"LKR 9,000 - 12,000"
0,0.0505,0.0997,0.07501,5-6 hours,"LKR 9,000 - 12,000"
1,0.04,0.06511,0.05055,4-5 hours,"LKR 7,000 - 9,000"
0,0.08,0.21656,0.16249,5-6 hours,"LKR 9,000 - 12,000"
1,0.04,0.06189,0.09888,4-5 hours,"LKR 7,000 - 9,000"
0,0.08,0.24213,0.08806,5-6 hours,"LKR 9,000 - 12,000"
0,0.08,0.1688,0.1567,5-6 hours,"LKR 9,000 - 12,000"
2,0.1,0.29374,0.17504,5-6 hours,"LKR 9,000 - 12,000"
2,0.1,0.23498,0.22575,5-6 hours,"LKR 9,000 - 12,000"
0,0.08,0.2425,0.18704,5-6 hours,"LKR 9,000 - 12,000"
1,0.04,0.10116,0.081,5-6 hours,"LKR 9,000 - 12,000"
2,0.03728,0.08093,0.08677,5-6 hours,"LKR 9,000 - 12,000"
0,0.08,0.21737,0.11171,5-6 hours,"LKR 9,000 - 12,000"
1,0.04,0.09598,0.09923,5-6 hours,"LKR 9,000 - 12,000"
0,0.08,0.2611,0.10531,5-6 hours,"LKR 9,000 - 12,000"
2,0.1,0.19626,0.19989,5-6 hours,"LKR 9,000 - 12,000"
1,0.04,0.10175,0.05041,4-5 hours,"LKR 7,000 - 9,000"
0,0.08,0.14741,0.17527,5-6 hours,"LKR 9,000 - 12,000"
0,0.08,0.27862,0.15118,5-6 hours,"LKR 9,000 - 12,000"
0,0.08,0.27118,0.14614,5-6 hours,"LKR 9,000 - 12,000"
0,0.08,0.2687,0.10644,5-6 hours,"LKR 9,000 - 12,000"
1,0.04,0.11611,0.05261,4-5 hours,"LKR 7,000 - 9,000"
1,0.02754,0.04889,0.06797,4-5 hours,"LKR 7,000 - 9,000"
1,0.04,0.11208,0.082,4-5 hours,"LKR 7,000 - 9,000"
1,0.04,0.11499,0.05172,4-5 hours,"LKR 7,000 - 9,000"
0,0.07734,0.1483,0.18722,6-7 hours,"LKR 12,000 - 15,000"
2,0.1,0.27874,0.11911,5-6 hours,"LKR 9,000 - 12,000"
0,0.08,0.20948,0.18558,5-6 hours,"LKR 9,000 - 12,000"
1,0.04,0.08047,0.08162,4-5 hours,"LKR 7,000 - 9,000"
0,0.08,0.19438,0.12113,5-6 hours,"LKR 9,000 - 12,000"
0,0.08,0.22655,0.13022,5-6 hours,"LKR 9,000 - 12,000"
0,0.08,0.18523,0.1177,5-6 hours,"LKR 9,000 - 12,000"
2,0.1,0.16682,0.20561,5-6 hours,"LKR 9,000 - 12,000"
0,0.08,0.18114,0.14964,5-6 hours,"LKR 9,000 - 12,000"
1,0.04,0.07053,0.05727,4-5 hours,"LKR 7,000 - 9,000"
0,0.05323,0.1626,0.1112,5-6 hours,"LKR 9,000 - 12,000"
0,0.08,0.14021,0.13103,6-7 hours,"LKR 12,000 - 15,000"
0,0.08,0.21813,0.15898,6-7 hours,"LKR 12,000 - 15,000"
1,0.04,0.13309,0.05115,4-5 hours,"LKR 7,000 - 9,000"
2,0.1,0.31499,0.19516,6-7 hours,"LKR 12,000 - 15,000"
0,0.08,0.25418,0.11377,5-6 hours,"LKR 9,000 - 12,000"
1,0.03497,0.1184,0.05238,4-5 hours,"LKR 7,000 - 9,000"
0,0.08,0.25269,0.18885,5-6 hours,"LKR 9,000 - 12,000"
0,0.08,0.17955,0.09043,6-7 hours,"LKR 12,000 - 15,000"
0,0.08,0.19394,0.10856,6-7 hours,"LKR 12,000 - 15,000"
0,0.08,0.27185,0.1547,6-7 hours,"LKR 12,000 - 15,000"
0,0.08,0.26865,0.14864,5-6 hours,"LKR 9,000 - 12,000"
0,0.08,0.27856,0.10494,5-6 hours,"LKR 9,000 - 12,000"
0,0.08,0.18371,0.16853,6-7 hours,"LKR 12,000 - 15,000"
1,0.04,0.13486,0.09331,4-5 hours,"LKR 7,000 - 9,000"
0,0.08,0.21025,0.11838,5-6 hours,"LKR 9,000 - 12,000"
1,0.04,0.08663,0.07525,4-5 hours,"LKR 7,000 - 9,000"
1,0.04,0.0739,0.04277,4-5 hours,"LKR 7,000 - 9,000"
1,0.04,0.11024,0.04628,4-5 hours,"LKR 7,000 - 9,000"
2,0.1,0.25175,0.24399,5-6 hours,"LKR 9,000 - 12,000"
0,0.08,0.23241,0.15633,5-6 hours,"LKR 9,000 - 12,000"
0,0.08,0.13704,0.19094,6-7 hours,"LKR 12,000 - 15,000"
0,0.08,0.14095,0.17608,5-6 hours,"LKR 9,000 - 12,000"
0,0.02838,0.05789,0.05663,4-5 hours,"LKR 7,000 - 9,000"
0,0.08,0.2531,0.1858,5-6 hours,"LKR 9,000 - 12,000"
0,0.08,0.18359,0.10095,6-7 hours,"LKR 12,000 - 15,000"
1,0.04,0.10067,0.06758,4-5 hours,"LKR 7,000 - 9,000"
0,0.08,0.13973,0.10688,5-6 hours,"LKR 9,000 - 12,000"
2,0.1,0.19655,0.1775,5-6 hours,"LKR 9,000 - 12,000"
2,0.1,0.23335,0.10629,5-6 hours,"LKR 9,000 - 12,000"
0,0.08,0.1948,0.08943,5-6 hours,"LKR 9,000 - 12,000"
0,0.04867,0.12255,0.0649,4-5 hours,"LKR 7,000 - 9,000"
0,0.08,0.12829,0.13818,5-6 hours,"LKR 9,000 - 12,000"
0,0.08,0.27021,0.15282,5-6 hours,"LKR 9,000 - 12,000"
2,0.1,0.23902,0.12185,5-6 hours,"LKR 9,000 - 12,000"
2,0.1,0.18392,0.13368,6-7 hours,"LKR 12,000 - 15,000"
1,0.04,0.08336,0.06705,4-5 hours,"LKR 7,000 - 9,000"
0,0.08,0.17401,0.17813,5-6 hours,"LKR 9,000 - 12,000"
0,0.08,0.14333,0.09888,5-6 hours,"LKR 9,000 - 12,000"
1,0.04,0.12373,0.0402,4-5 hours,"LKR 7,000 - 9,000"
2,0.1,0.30498,0.11688,5-6 hours,"LKR 9,000 - 12,000"
2,0.1,0.29562,0.10126,5-6 hours,"LKR 9,000 - 12,000"
1,0.04,0.09151,0.09105,4-5 hours,"LKR 7,000 - 9,000"
0,0.08,0.15566,0.14373,5-6 hours,"LKR 9,000 - 12,000"
0,0.08,0.21122,0.1506,5-6 hours,"LKR 9,000 - 12,000"
1,0.03759,0.06835,0.07839,4-5 hours,"LKR 7,000 - 9,000"
0,0.03974,0.07133,0.06568,4-5 hours,"LKR 7,000 - 9,000"
0,0.08,0.20692,0.1339,5-6 hours,"LKR 9,000 - 12,000"
0,0.08,0.2564,0.14744,5-6 hours,"LKR 9,000 - 12,000"
1,0.04,0.0883,0.07565,4-5 hours,"LKR 7,000 - 9,000"
1,0.04,0.06232,0.0744,4-5 hours,"LKR 7,000 - 9,000"
2,0.1,0.22002,0.11332,5-6 hours,"LKR 9,000 - 12,000"
0,0.04251,0.13893,0.07424,4-5 hours,"LKR 7,000 - 9,000"
2,0.1,0.31989,0.14219,5-6 hours,"LKR 9,000 - 12,000"
2,0.05323,0.15165,0.12617,5-6 hours,"LKR 9,000 - 12,000"
0,0.08,0.23613,0.08469,5-6 hours,"LKR 9,000 - 12,000"
2,0.1,0.32683,0.24828,6-7 hours,"LKR 12,000 - 15,000"
1,0.04,0.10316,0.07249,4-5 hours,"LKR 7,000 - 9,000"
0,0.08,0.19974,0.13741,5-6 hours,"LKR 9,000 - 12,000"
1,0.04,0.12947,0.04337,4-5 hours,"LKR 7,000 - 9,000"
0,0.08,0.183,0.17284,5-6 hours,"LKR 9,000 - 12,000"
1,0.04,0.0885,0.09496,4-5 hours,"LKR 7,000 - 9,000"
2,0.1,0.34059,0.23149,5-6 hours,"LKR 9,000 - 12,000"
0,0.08,0.16678,0.19768,5-6 hours,"LKR 9,000 - 12,000"
0,0.08,0.21058,0.08872,5-6 hours,"LKR 9,000 - 12,000"
0,0.08,0.16358,0.13231,5-6 hours,"LKR 9,000 - 12,000"
0,0.07202,0.14175,0.16957,6-7 hours,"LKR 12,000 - 15,000"
1,0.04,0.11785,0.08962,4-5 hours,"LKR 7,000 - 9,000"
0,0.08,0.12143,0.1146,6-7 hours,"LKR 12,000 - 15,000"
0,0.08,0.1855,0.18041,6-7 hours,"LKR 12,000 - 15,000"
1,0.04,0.08119,0.07859,4-5 hours,"LKR 7,000 - 9,000"
0,0.08,0.18897,0.19572,5-6 hours,"LKR 9,000 - 12,000"
0,0.08,0.25,0.1221,5-6 hours,"LKR 9,000 - 12,000"
1,0.04,0.12264,0.07014,4-5 hours,"LKR 7,000 - 9,000"
0,0.08,0.15078,0.19904,5-6 hours,"LKR 9,000 - 12,000"
2,0.1,0.27878,0.16331,5-6 hours,"LKR 9,000 - 12,000"
0,0.03683,0.08449,0.05208,4-5 hours,"LKR 7,000 - 9,000"
2,0.1,0.34234,0.19088,5-6 hours,"LKR 9,000 - 12,000"
1,0.04,0.07587,0.05901,4-5 hours,"LKR 7,000 - 9,000"
1,0.04,0.12714,0.09598,4-5 hours,"LKR 7,000 - 9,000"
2,0.1,0.31491,0.20906,5-6 hours,"LKR 9,000 - 12,000"
1,0.04,0.11278,0.0687,4-5 hours,"LKR 7,000 - 9,000"
1,0.04,0.08769,0.09356,4-5 hours,"LKR 7,000 - 9,000"
0,0.05934,0.19073,0.11072,6-7 hours,"LKR 12,000 - 15,000"
0,0.08,0.17601,0.1203,5-6 hours,"LKR 9,000 - 12,000"
0,0.03103,0.05805,0.03335,4-5 hours,"LKR 7,000 - 9,000"
0,0.08,0.2658,0.13871,5-6 hours,"LKR 9,000 - 12,000"
0,0.08,0.191,0.10142,5-6 hours,"LKR 9,000 - 12,000"
1,0.04,0.10961,0.04147,5-6 hours,"LKR 9,000 - 12,000"
1,0.04,0.13331,0.05218,4-5 hours,"LKR 7,000 - 9,000"
1,0.04,0.1223,0.0532,4-5 hours,"LKR 7,000 - 9,000"
2,0.1,0.20397,0.10697,5-6 hours,"LKR 9,000 - 12,000"
0,0.08,0.27755,0.16148,5-6 hours,"LKR 9,000 - 12,000"
0,0.08,0.196,0.0917,5-6 hours,"LKR 9,000 - 12,000"
0,0.08,0.1617,0.08714,5-6 hours,"LKR 9,000 - 12,000"
0,0.08,0.12485,0.17308,5-6 hours,"LKR 9,000 - 12,000"
0,0.08,0.16091,0.17967,5-6 hours,"LKR 9,000 - 12,000"
0,0.08,0.15793,0.09406,5-6 hours,"LKR 9,000 - 12,000"
1,0.04,0.07783,0.07419,4-5 hours,"LKR 7,000 - 9,000"
2,0.1,0.25531,0.14404,5-6 hours,"LKR 9,000 - 12,000"
1,0.04,0.08995,0.09223,4-5 hours,"LKR 7,000 - 9,000"
0,0.08,0.15646,0.10831,5-6 hours,"LKR 9,000 - 12,000"
0,0.08,0.22616,0.12947,5-6 hours,"LKR 9,000 - 12,000"
0,0.08,0.18714,0.14657,5-6 hours,"LKR 9,000 - 12,000"
0,0.08,0.19491,0.18259,5-6 hours,"LKR 9,000 - 12,000"
0,0.08,0.26674,0.1076,5-6 hours,"LKR 9,000 - 12,000"
0,0.08,0.13916,0.13254,5-6 hours,"LKR 9,000 - 12,000"
1,0.04,0.13042,0.04283,5-6 hours,"LKR 9,000 - 12,000"
1,0.04,0.11047,0.06695,4-5 hours,"LKR 7,000 - 9,000"
0,0.08,0.16683,0.08678,5-6 hours,"LKR 9,000 - 12,000"
0,0.08,0.19164,0.15004,5-6 hours,"LKR 9,000 - 12,000"
1,0.04,0.11258,0.06645,4-5 hours,"LKR 7,000 - 9,000"
1,0.04,0.1144,0.06705,4-5 hours,"LKR 7,000 - 9,000"
1,0.04,0.09352,0.08766,4-5 hours,"LKR 7,000 - 9,000"
0,0.05594,0.14738,0.06842,5-6 hours,"LKR 9,000 - 12,000"
2,0.1,0.24923,0.21527,5-6 hours,"LKR 9,000 - 12,000"
0,0.08,0.24527,0.15145,5-6 hours,"LKR 9,000 - 12,000"
1,0.04,0.11215,0.07035,4-5 hours,"LKR 7,000 - 9,000"
2,0.06434,0.18842,0.10135,5-6 hours,"LKR 9,000 - 12,000"
0,0.08,0.14676,0.16217,5-6 hours,"LKR 9,000 - 12,000"
0,0.08,0.19735,0.11879,5-6 hours,"LKR 9,000 - 12,000"
1,0.04,0.07673,0.04842,4-5 hours,"LKR 7,000 - 9,000"
0,0.0277,0.07648,0.06304,4-5 hours,"LKR 7,000 - 9,000"
1,0.04,0.13481,0.09126,4-5 hours,"LKR 7,000 - 9,000"
0,0.02329,0.03847,0.02743,4-5 hours,"LKR 7,000 - 9,000"
0,0.08,0.1235,0.14413,5-6 hours,"LKR 9,000 - 12,000"
2,0.1,0.21823,0.12217,5-6 hours,"LKR 9,000 - 12,000"
0,0.04053,0.11537,0.07125,4-5 hours,"LKR 7,000 - 9,000"
2,0.1,0.18439,0.15035,5-6 hours,"LKR 9,000 - 12,000"
0,0.08,0.17449,0.10075,5-6 hours,"LKR 9,000 - 12,000"
0,0.08,0.22236,0.10275,5-6 hours,"LKR 9,000 - 12,000"
0,0.08,0.15858,0.11348,5-6 hours,"LKR 9,000 - 12,000"
1,0.04,0.07124,0.0434,4-5 hours,"LKR 7,000 - 9,000"
0,0.08,0.13821,0.18519,5-6 hours,"LKR 9,000 - 12,000"
0,0.08,0.2001,0.11492,5-6 hours,"LKR 9,000 - 12,000"
1,0.04,0.12808,0.06186,4-5 hours,"LKR 7,000 - 9,000"
1,0.04,0.13989,0.07069,4-5 hours,"LKR 7,000 - 9,000"
0,0.08,0.16928,0.19165,5-6 hours,"LKR 9,000 - 12,000"
0,0.08,0.15243,0.18961,5-6 hours,"LKR 9,000 - 12,000"
0,0.08,0.13516,0.08049,5-6 hours,"LKR 9,000 - 12,000"
0,0.08,0.21787,0.19163,5-6 hours,"LKR 9,000 - 12,000"
1,0.04,0.13939,0.05747,4-5 hours,"LKR 7,000 - 9,000"
0,0.08,0.22014,0.08973,5-6 hours,"LKR 9,000 - 12,000"
1,0.04,0.13395,0.07998,4-5 hours,"LKR 7,000 - 9,000"
0,0.08,0.20308,0.16741,6-7 hours,"LKR 12,000 - 15,000"
2,0.1,0.17757,0.17613,6-7 hours,"LKR 12,000 - 15,000"
1,0.04,0.0806,0.04371,4-5 hours,"LKR 7,000 - 9,000"
0,0.08,0.19086,0.14363,5-6 hours,"LKR 9,000 - 12,000"
2,0.1,0.3258,0.14168,5-6 hours,"LKR 9,000 - 12,000"
0,0.08,0.27203,0.0913,5-6 hours,"LKR 9,000 - 12,000"
0,0.08,0.20129,0.17476,5-6 hours,"LKR 9,000 - 12,000"
0,0.08,0.24575,0.09088,5-6 hours,"LKR 9,000 - 12,000"
0,0.08,0.16999,0.11418,6-7 hours,"LKR 12,000 - 15,000"
0,0.08,0.15682,0.17645,5-6 hours,"LKR 9,000 - 12,000"
1,0.04,0.0674,0.07583,4-5 hours,"LKR 7,000 - 9,000"
1,0.04,0.10938,0.05602,4-5 hours,"LKR 7,000 - 9,000"
0,0.01484,0.04357,0.0153,3-4 hours,"LKR 5,000 - 7,000"
1,0.04,0.10761,0.055,4-5 hours,"LKR 7,000 - 9,000"
1,0.04,0.13784,0.0691,4-5 hours,"LKR 7,000 - 9,000"
1,0.04,0.06013,0.09026,4-5 hours,"LKR 7,000 - 9,000"
0,0.08,0.17351,0.14192,5-6 hours,"LKR 9,000 - 12,000"
0,0.08,0.25243,0.1079,5-6 hours,"LKR 9,000 - 12,000"
0,0.08,0.24831,0.16296,5-6 hours,"LKR 9,000 - 12,000"
1,0.04,0.07686,0.07377,4-5 hours,"LKR 7,000 - 9,000"
0,0.08,0.15519,0.0811,5-6 hours,"LKR 9,000 - 12,000"
0,0.08,0.14948,0.15175,5-6 hours,"LKR 9,000 - 12,000"
0,0.08,0.22667,0.13862,5-6 hours,"LKR 9,000 - 12,000"
0,0.08,0.23937,0.14777,5-6 hours,"LKR 9,000 - 12,000"
0,0.08,0.12412,0.13482,5-6 hours,"LKR 9,000 - 12,000"
2,0.1,0.20337,0.1841,5-6 hours,"LKR 9,000 - 12,000"
0,0.08,0.26743,0.09945,5-6 hours,"LKR 9,000 - 12,000"
1,0.04,0.06219,0.09859,4-5 hours,"LKR 7,000 - 9,000"
0,0.08,0.24715,0.15795,5-6 hours,"LKR 9,000 - 12,000"
1,0.04,0.08594,0.0846,4-5 hours,"LKR 7,000 - 9,000"
2,0.04595,0.10082,0.07402,5-6 hours,"LKR 9,000 - 12,000"
2,0.1,0.24962,0.19006,5-6 hours,"LKR 9,000 - 12,000"
1,0.04,0.1369,0.09684,4-5 hours,"LKR 7,000 - 9,000"
1,0.04,0.11033,0.05158,4-5 hours,"LKR 7,000 - 9,000"
1,0.04,0.06609,0.08915,4-5 hours,"LKR 7,000 - 9,000"
0,0.08,0.19614,0.1818,5-6 hours,"LKR 9,000 - 12,000"
1,0.04,0.08748,0.09962,4-5 hours,"LKR 7,000 - 9,000"
0,0.01083,0.03448,0.02478,3-4 hours,"LKR 5,000 - 7,000"
0,0.08,0.18429,0.15396,5-6 hours,"LKR 9,000 - 12,000"
0,0.0429,0.13579,0.07416,4-5 hours,"LKR 7,000 - 9,000"
1,0.04,0.08031,0.0964,4-5 hours,"LKR 7,000 - 9,000"
0,0.08,0.21829,0.15246,5-6 hours,"LKR 9,000 - 12,000"
2,0.1,0.15453,0.23053,5-6 hours,"LKR 9,000 - 12,000"
0,0.08,0.12425,0.12293,5-6 hours,"LKR 9,000 - 12,000"
0,0.08,0.12748,0.16938,5-6 hours,"LKR 9,000 - 12,000"
0,0.03346,0.07158,0.03366,4-5 hours,"LKR 7,000 - 9,000"
1,0.04,0.12098,0.06692,4-5 hours,"LKR 7,000 - 9,000"
1,0.04,0.06669,0.09578,4-5 hours,"LKR 7,000 - 9,000"
1,0.04,0.09939,0.09002,4-5 hours,"LKR 7,000 - 9,000"
0,0.08,0.24476,0.177,6-7 hours,"LKR 12,000 - 15,000"
1,0.04,0.07068,0.06741,5-6 hours,"LKR 9,000 - 12,000"
0,0.08,0.14526,0.1971,5-6 hours,"LKR 9,000 - 12,000"
1,0.04,0.09639,0.09188,4-5 hours,"LKR 7,000 - 9,000"
0,0.08,0.19589,0.18229,5-6 hours,"LKR 9,000 - 12,000"
1,0.04,0.12018,0.0515,4-5 hours,"LKR 7,000 - 9,000"
2,0.1,0.34079,0.10372,5-6 hours,"LKR 9,000 - 12,000"
1,0.04,0.13863,0.04705,4-5 hours,"LKR 7,000 - 9,000"
0,0.08,0.13423,0.08421,5-6 hours,"LKR 9,000 - 12,000"
0,0.08,0.13898,0.16222,5-6 hours,"LKR 9,000 - 12,000"
1,0.04,0.08988,0.06301,4-5 hours,"LKR 7,000 - 9,000"
1,0.04,0.07922,0.09373,4-5 hours,"LKR 7,000 - 9,000"
0,0.03805,0.12713,0.08555,4-5 hours,"LKR 7,000 - 9,000"
0,0.08,0.15716,0.08717,5-6 hours,"LKR 9,000 - 12,000"
2,0.1,0.31895,0.13492,5-6 hours,"LKR 9,000 - 12,000"
1,0.04,0.13149,0.06265,4-5 hours,"LKR 7,000 - 9,000"
1,0.04,0.13526,0.09751,4-5 hours,"LKR 7,000 - 9,000"
1,0.04,0.11902,0.0547,4-5 hours,"LKR 7,000 - 9,000"
1,0.04,0.12784,0.09577,4-5 hours,"LKR 7,000 - 9,000"
2,0.1,0.22705,0.23913,5-6 hours,"LKR 9,000 - 12,000"
0,0.06385,0.12086,0.13415,6-7 hours,"LKR 12,000 - 15,000"
0,0.08,0.21509,0.15149,5-6 hours,"LKR 9,000 - 12,000"
2,0.1,0.18688,0.17248,5-6 hours,"LKR 9,000 - 12,000"
1,0.04,0.13474,0.06332,4-5 hours,"LKR 7,000 - 9,000"
2,0.1,0.16683,0.12348,5-6 hours,"LKR 9,000 - 12,000"
0,0.08,0.13007,0.16416,5-6 hours,"LKR 9,000 - 12,000"
1,0.02325,0.057,0.03526,3-4 hours,"LKR 5,000 - 7,000"
1,0.04,0.06973,0.08715,4-5 hours,"LKR 7,000 - 9,000"
1,0.04,0.09925,0.09698,4-5 hours,"LKR 7,000 - 9,000"
1,0.04,0.07499,0.0714,4-5 hours,"LKR 7,000 - 9,000"
0,0.05808,0.19942,0.13578,5-6 hours,"LKR 9,000 - 12,000"
0,0.08,0.24018,0.15188,5-6 hours,"LKR 9,000 - 12,000"
0,0.08,0.12635,0.13084,5-6 hours,"LKR 9,000 - 12,000"
1,0.0126,0.03228,0.02502,2-3 hours,"LKR 3,000 - 5,000"
0,0.08,0.14922,0.08092,5-6 hours,"LKR 9,000 - 12,000"
0,0.08,0.23273,0.09503,5-6 hours,"LKR 9,000 - 12,000"
0,0.07744,0.12397,0.09525,5-6 hours,"LKR 9,000 - 12,000"
0,0.08,0.16732,0.15509,5-6 hours,"LKR 9,000 - 12,000"
1,0.04,0.08709,0.04067,4-5 hours,"LKR 7,000 - 9,000"
0,0.08,0.22352,0.16268,5-6 hours,"LKR 9,000 - 12,000"
2,0.1,0.16923,0.14052,5-6 hours,"LKR 9,000 - 12,000"
2,0.1,0.27801,0.13027,6-7 hours,"LKR 12,000 - 15,000"
2,0.1,0.33138,0.14307,6-7 hours,"LKR 12,000 - 15,000"
2,0.1,0.19822,0.17543,5-6 hours,"LKR 9,000 - 12,000"
2,0.1,0.27002,0.19775,6-7 hours,"LKR 12,000 - 15,000"
0,0.08,0.15781,0.16797,5-6 hours,"LKR 9,000 - 12,000"
2,0.1,0.23237,0.21906,5-6 hours,"LKR 9,000 - 12,000"
0,0.08,0.14405,0.17659,5-6 hours,"LKR 9,000 - 12,000"
0,0.06552,0.21193,0.07593,5-6 hours,"LKR 9,000 - 12,000"
0,0.08,0.23171,0.09288,5-6 hours,"LKR 9,000 - 12,000"
1,0.04,0.06922,0.09253,5-6 hours,"LKR 9,000 - 12,000"
1,0.04,0.09644,0.06296,4-5 hours,"LKR 7,000 - 9,000"
2,0.09118,0.27499,0.18251,5-6 hours,"LKR 9,000 - 12,000"
1,0.04,0.06285,0.09461,4-5 hours,"LKR 7,000 - 9,000"
0,0.08,0.12127,0.11102,5-6 hours,"LKR 9,000 - 12,000"
1,0.04,0.13667,0.09601,5-6 hours,"LKR 9,000 - 12,000"
1,0.04,0.13126,0.09387,4-5 hours,"LKR 7,000 - 9,000"
2,0.1,0.30479,0.24779,5-6 hours,"LKR 9,000 - 12,000"
1,0.04,0.10757,0.09103,4-5 hours,"LKR 7,000 - 9,000"
0,0.08,0.20626,0.17214,5-6 hours,"LKR 9,000 - 12,000"
1,0.04,0.06551,0.05965,4-5 hours,"LKR 7,000 - 9,000"
0,0.08,0.12636,0.14831,5-6 hours,"LKR 9,000 - 12,000"
1,0.04,0.10487,0.07355,4-5 hours,"LKR 7,000 - 9,000"
2,0.1,0.24748,0.14484,6-7 hours,"LKR 12,000 - 15,000"
0,0.08,0.19291,0.14115,5-6 hours,"LKR 9,000 - 12,000"
2,0.1,0.23557,0.16498,5-6 hours,"LKR 9,000 - 12,000"
0,0.06485,0.12999,0.14553,5-6 hours,"LKR 9,000 - 12,000"
0,0.08,0.27086,0.13584,5-6 hours,"LKR 9,000 - 12,000"
1,0.04,0.13594,0.05566,4-5 hours,"LKR 7,000 - 9,000"
1,0.04,0.06465,0.06629,4-5 hours,"LKR 7,000 - 9,000"
1,0.04,0.1223,0.04033,4-5 hours,"LKR 7,000 - 9,000"
1,0.04,0.13758,0.09287,4-5 hours,"LKR 7,000 - 9,000"
2,0.1,0.34304,0.15004,5-6 hours,"LKR 9,000 - 12,000"
1,0.04,0.06254,0.06776,4-5 hours,"LKR 7,000 - 9,000"
0,0.05131,0.14934,0.08047,6-7 hours,"LKR 12,000 - 15,000"
2,0.1,0.29617,0.21434,5-6 hours,"LKR 9,000 - 12,000"
0,0.08,0.13797,0.1067,5-6 hours,"LKR 9,000 - 12,000"
0,0.08,0.14626,0.09533,5-6 hours,"LKR 9,000 - 12,000"
2,0.1,0.32863,0.13226,5-6 hours,"LKR 9,000 - 12,000"
0,0.08,0.12813,0.09926,5-6 hours,"LKR 9,000 - 12,000"
2,0.06364,0.18141,0.15206,5-6 hours,"LKR 9,000 - 12,000"
2,0.1,0.33276,0.17024,5-6 hours,"LKR 9,000 - 12,000"
1,0.04,0.1332,0.04579,4-5 hours,"LKR 7,000 - 9,000"
1,0.04,0.08047,0.05823,4-5 hours,"LKR 7,000 - 9,000"
0,0.07137,0.23097,0.09232,5-6 hours,"LKR 9,000 - 12,000"
0,0.08,0.24495,0.09743,5-6 hours,"LKR 9,000 - 12,000"
0,0.08,0.21429,0.14275,6-7 hours,"LKR 12,000 - 15,000"
0,0.08,0.1581,0.14538,5-6 hours,"LKR 9,000 - 12,000"
1,0.04,0.11944,0.08239,4-5 hours,"LKR 7,000 - 9,000"
0,0.08,0.12754,0.12488,6-7 hours,"LKR 12,000 - 15,000"
0,0.04007,0.12857,0.07278,5-6 hours,"LKR 9,000 - 12,000"
0,0.03796,0.11248,0.07301,4-5 hours,"LKR 7,000 - 9,000"
0,0.08,0.22888,0.12668,5-6 hours,"LKR 9,000 - 12,000"
1,0.04,0.06988,0.09052,4-5 hours,"LKR 7,000 - 9,000"
0,0.08,0.21824,0.18519,5-6 hours,"LKR 9,000 - 12,000"
2,0.1,0.21148,0.23307,5-6 hours,"LKR 9,000 - 12,000"
1,0.04,0.06709,0.05867,4-5 hours,"LKR 7,000 - 9,000"
0,0.08,0.23013,0.11863,5-6 hours,"LKR 9,000 - 12,000"
0,0.08,0.27117,0.14498,5-6 hours,"LKR 9,000 - 12,000"
0,0.08,0.18827,0.11281,6-7 hours,"LKR 12,000 - 15,000"
2,0.1,0.33637,0.15791,5-6 hours,"LKR 9,000 - 12,000"
0,0.08,0.16693,0.14333,6-7 hours,"LKR 12,000 - 15,000"
2,0.1,0.19441,0.24935,5-6 hours,"LKR 9,000 - 12,000"
0,0.08,0.23759,0.16151,5-6 hours,"LKR 9,000 - 12,000"
2,0.1,0.1709,0.14569,5-6 hours,"LKR 9,000 - 12,000"
2,0.1,0.1507,0.17523,5-6 hours,"LKR 9,000 - 12,000"
0,0.08,0.23525,0.13072,5-6 hours,"LKR 9,000 - 12,000"
1,0.04,0.10903,0.05712,4-5 hours,"LKR 7,000 - 9,000"
0,0.08,0.16322,0.15932,5-6 hours,"LKR 9,000 - 12,000"
1,0.04,0.12162,0.09968,4-5 hours,"LKR 7,000 - 9,000"
0,0.08,0.21082,0.17375,5-6 hours,"LKR 9,000 - 12,000"
0,0.08,0.23344,0.12836,5-6 hours,"LKR 9,000 - 12,000"
0,0.08,0.14028,0.15342,5-6 hours,"LKR 9,000 - 12,000"
0,0.08,0.2554,0.18108,5-6 hours,"LKR 9,000 - 12,000"
0,0.08,0.13893,0.08471,5-6 hours,"LKR 9,000 - 12,000"
0,0.08,0.23834,0.10726,5-6 hours,"LKR 9,000 - 12,000"
1,0.04,0.11518,0.0925,4-5 hours,"LKR 7,000 - 9,000"
2,0.1,0.32557,0.23872,5-6 hours,"LKR 9,000 - 12,000"
1,0.04,0.13214,0.08786,5-6 hours,"LKR 9,000 - 12,000"
0,0.08,0.25354,0.19697,5-6 hours,"LKR 9,000 - 12,000"
0,0.08,0.25024,0.19012,5-6 hours,"LKR 9,000 - 12,000"
0,0.08,0.18699,0.17079,5-6 hours,"LKR 9,000 - 12,000"
0,0.08,0.22669,0.08282,5-6 hours,"LKR 9,000 - 12,000"
2,0.1,0.23033,0.12899,5-6 hours,"LKR 9,000 - 12,000"
0,0.08,0.17196,0.18003,5-6 hours,"LKR 9,000 - 12,000"
0,0.07176,0.17673,0.1159,5-6 hours,"LKR 9,000 - 12,000"
0,0.08,0.23277,0.13255,5-6 hours,"LKR 9,000 - 12,000"
2,0.1,0.26898,0.16283,6-7 hours,"LKR 12,000 - 15,000"
1,0.04,0.11173,0.09698,4-5 hours,"LKR 7,000 - 9,000"
0,0.05859,0.10529,0.06642,5-6 hours,"LKR 9,000 - 12,000"
0,0.08,0.24957,0.08724,5-6 hours,"LKR 9,000 - 12,000"
0,0.08,0.2027,0.1227,5-6 hours,"LKR 9,000 - 12,000"
0,0.08,0.14415,0.08514,5-6 hours,"LKR 9,000 - 12,000"
0,0.08,0.19669,0.08744,6-7 hours,"LKR 12,000 - 15,000"
0,0.02495,0.04192,0.06045,4-5 hours,"LKR 7,000 - 9,000"
1,0.04,0.07954,0.08055,5-6 hours,"LKR 9,000 - 12,000"
0,0.08,0.14065,0.19147,5-6 hours,"LKR 9,000 - 12,000"
1,0.04,0.09122,0.09115,4-5 hours,"LKR 7,000 - 9,000"
2,0.1,0.1935,0.14296,5-6 hours,"LKR 9,000 - 12,000"
2,0.04788,0.12548,0.07948,5-6 hours,"LKR 9,000 - 12,000"
2,0.1,0.23189,0.11301,5-6 hours,"LKR 9,000 - 12,000"
0,0.08,0.21618,0.19958,6-7 hours,"LKR 12,000 - 15,000"
1,0.04,0.0741,0.0605,4-5 hours,"LKR 7,000 - 9,000"
2,0.1,0.33657,0.23897,5-6 hours,"LKR 9,000 - 12,000"
1,0.04,0.06831,0.07359,4-5 hours,"LKR 7,000 - 9,000"
0,0.08,0.13208,0.14432,5-6 hours,"LKR 9,000 - 12,000"
1,0.04,0.08596,0.07791,5-6 hours,"LKR 9,000 - 12,000"
1,0.04,0.06655,0.04538,4-5 hours,"LKR 7,000 - 9,000"
0,0.08,0.14993,0.10556,5-6 hours,"LKR 9,000 - 12,000"
0,0.00867,0.02736,0.02151,3-4 hours,"LKR 5,000 - 7,000"
2,0.1,0.27301,0.2243,5-6 hours,"LKR 9,000 - 12,000"
0,0.08,0.18734,0.17602,5-6 hours,"LKR 9,000 - 12,000"
0,0.08,0.21511,0.09815,5-6 hours,"LKR 9,000 - 12,000"
0,0.08,0.2409,0.12476,5-6 hours,"LKR 9,000 - 12,000"
0,0.08,0.17695,0.09809,5-6 hours,"LKR 9,000 - 12,000"
0,0.08,0.261,0.13428,5-6 hours,"LKR 9,000 - 12,000"
1,0.04,0.06747,0.08714,4-5 hours,"LKR 7,000 - 9,000"
0,0.08,0.24182,0.08755,5-6 hours,"LKR 9,000 - 12,000"
1,0.04,0.13936,0.05957,4-5 hours,"LKR 7,000 - 9,000"
1,0.03806,0.10205,0.04003,4-5 hours,"LKR 7,000 - 9,000"
0,0.01761,0.05301,0.03486,3-4 hours,"LKR 5,000 - 7,000"
0,0.08,0.23965,0.12143,5-6 hours,"LKR 9,000 - 12,000"
1,0.04,0.08013,0.09654,4-5 hours,"LKR 7,000 - 9,000"
1,0.04,0.13331,0.06493,4-5 hours,"LKR 7,000 - 9,000"
1,0.04,0.0914,0.05323,4-5 hours,"LKR 7,000 - 9,000"
1,0.04,0.08163,0.05667,4-5 hours,"LKR 7,000 - 9,000"
1,0.04,0.06138,0.05177,5-6 hours,"LKR 9,000 - 12,000"
0,0.08,0.228,0.19237,5-6 hours,"LKR 9,000 - 12,000"
0,0.0435,0.14169,0.07783,4-5 hours,"LKR 7,000 - 9,000"
1,0.04,0.10443,0.05692,4-5 hours,"LKR 7,000 - 9,000"
0,0.08,0.22915,0.19715,5-6 hours,"LKR 9,000 - 12,000"
0,0.08,0.23362,0.10861,5-6 hours,"LKR 9,000 - 12,000"
1,0.04,0.1141,0.09977,4-5 hours,"LKR 7,000 - 9,000"
1,0.04,0.08452,0.08046,4-5 hours,"LKR 7,000 - 9,000"
0,0.08,0.26827,0.08452,5-6 hours,"LKR 9,000 - 12,000"
0,0.0433,0.06549,0.09884,4-5 hours,"LKR 7,000 - 9,000"
0,0.08,0.18489,0.13879,5-6 hours,"LKR 9,000 - 12,000"
1,0.04,0.06056,0.08606,4-5 hours,"LKR 7,000 - 9,000"
0,0.08,0.25504,0.18864,5-6 hours,"LKR 9,000 - 12,000"
1,0.04,0.09834,0.09977,4-5 hours,"LKR 7,000 - 9,000"
0,0.08,0.21909,0.19328,5-6 hours,"LKR 9,000 - 12,000"
0,0.08,0.13253,0.1922,5-6 hours,"LKR 9,000 - 12,000"
1,0.04,0.10576,0.09831,4-5 hours,"LKR 7,000 - 9,000"
0,0.08,0.25319,0.09275,5-6 hours,"LKR 9,000 - 12,000"
1,0.04,0.13332,0.09521,5-6 hours,"LKR 9,000 - 12,000"
2,0.1,0.22162,0.24349,5-6 hours,"LKR 9,000 - 12,000"
0,0.0339,0.06211,0.03668,4-5 hours,"LKR 7,000 - 9,000"
2,0.1,0.16401,0.19324,5-6 hours,"LKR 9,000 - 12,000"
0,0.06702,0.13843,0.11052,5-6 hours,"LKR 9,000 - 12,000"
2,0.1,0.31799,0.14673,5-6 hours,"LKR 9,000 - 12,000"
0,0.08,0.26392,0.09038,5-6 hours,"LKR 9,000 - 12,000"
0,0.02748,0.07279,0.04429,4-5 hours,"LKR 7,000 - 9,000"
0,0.08,0.24644,0.11281,5-6 hours,"LKR 9,000 - 12,000"
0,0.08,0.12159,0.15842,5-6 hours,"LKR 9,000 - 12,000"
0,0.08,0.21021,0.11682,5-6 hours,"LKR 9,000 - 12,000"
1,0.04,0.11582,0.06594,4-5 hours,"LKR 7,000 - 9,000"
1,0.04,0.06591,0.08309,4-5 hours,"LKR 7,000 - 9,000"
0,0.08,0.16098,0.14632,5-6 hours,"LKR 9,000 - 12,000"
0,0.08,0.27957,0.12825,5-6 hours,"LKR 9,000 - 12,000"
1,0.04,0.13049,0.04257,4-5 hours,"LKR 7,000 - 9,000"
0,0.08,0.14665,0.13641,5-6 hours,"LKR 9,000 - 12,000"
0,0.0726,0.14565,0.14923,5-6 hours,"LKR 9,000 - 12,000"
1,0.04,0.08699,0.09867,4-5 hours,"LKR 7,000 - 9,000"
2,0.1,0.20205,0.11308,5-6 hours,"LKR 9,000 - 12,000"
1,0.03642,0.10223,0.06903,4-5 hours,"LKR 7,000 - 9,000"
0,0.08,0.24171,0.10477,5-6 hours,"LKR 9,000 - 12,000"
0,0.08,0.27548,0.17264,5-6 hours,"LKR 9,000 - 12,000"
0,0.08,0.27109,0.12631,5-6 hours,"LKR 9,000 - 12,000"
1,0.04,0.09231,0.08004,4-5 hours,"LKR 7,000 - 9,000"
0,0.08,0.24464,0.09666,5-6 hours,"LKR 9,000 - 12,000"
0,0.03149,0.10058,0.07173,4-5 hours,"LKR 7,000 - 9,000"
2,0.04427,0.14866,0.09272,5-6 hours,"LKR 9,000 - 12,000"
0,0.08,0.13044,0.08474,5-6 hours,"LKR 9,000 - 12,000"
1,0.04,0.07292,0.09097,4-5 hours,"LKR 7,000 - 9,000"
1,0.04,0.08892,0.08043,4-5 hours,"LKR 7,000 - 9,000"
2,0.1,0.17282,0.24998,5-6 hours,"LKR 9,000 - 12,000"
2,0.1,0.26953,0.21838,6-7 hours,"LKR 12,000 - 15,000"
0,0.08,0.16436,0.19516,5-6 hours,"LKR 9,000 - 12,000"
0,0.08,0.24079,0.18017,5-6 hours,"LKR 9,000 - 12,000"
2,0.1,0.34916,0.1565,5-6 hours,"LKR 9,000 - 12,000"
0,0.08,0.16726,0.08553,5-6 hours,"LKR 9,000 - 12,000"
0,0.07166,0.21903,0.11882,5-6 hours,"LKR 9,000 - 12,000"
0,0.02643,0.04182,0.03311,4-5 hours,"LKR 7,000 - 9,000"
0,0.08,0.17839,0.17131,5-6 hours,"LKR 9,000 - 12,000"
0,0.08,0.1481,0.18256,5-6 hours,"LKR 9,000 - 12,000"
0,0.08,0.13466,0.10104,5-6 hours,"LKR 9,000 - 12,000"
1,0.04,0.06209,0.04326,4-5 hours,"LKR 7,000 - 9,000"
0,0.08,0.15436,0.14886,5-6 hours,"LKR 9,000 - 12,000"
1,0.04,0.06714,0.06674,4-5 hours,"LKR 7,000 - 9,000"
0,0.08,0.24591,0.18031,5-6 hours,"LKR 9,000 - 12,000"
1,0.04,0.13745,0.09431,4-5 hours,"LKR 7,000 - 9,000"
0,0.08,0.25334,0.14953,5-6 hours,"LKR 9,000 - 12,000"
2,0.1,0.15811,0.16917,5-6 hours,"LKR 9,000 - 12,000"
0,0.08,0.23112,0.09041,5-6 hours,"LKR 9,000 - 12,000"
1,0.04,0.06673,0.06191,4-5 hours,"LKR 7,000 - 9,000"
1,0.04,0.07867,0.06001,4-5 hours,"LKR 7,000 - 9,000"
0,0.08,0.22569,0.10815,5-6 hours,"LKR 9,000 - 12,000"
1,0.04,0.10177,0.05228,4-5 hours,"LKR 7,000 - 9,000"
1,0.04,0.12825,0.09076,4-5 hours,"LKR 7,000 - 9,000"
0,0.08,0.16463,0.11127,5-6 hours,"LKR 9,000 - 12,000"
1,0.04,0.06441,0.08783,4-5 hours,"LKR 7,000 - 9,000"
0,0.08,0.26253,0.12188,5-6 hours,"LKR 9,000 - 12,000"
1,0.04,0.11001,0.09161,4-5 hours,"LKR 7,000 - 9,000"
1,0.04,0.13328,0.08863,4-5 hours,"LKR 7,000 - 9,000"
1,0.04,0.07178,0.06821,4-5 hours,"LKR 7,000 - 9,000"
0,0.08,0.269,0.16485,5-6 hours,"LKR 9,000 - 12,000"
0,0.08,0.12457,0.11188,5-6 hours,"LKR 9,000 - 12,000"
1,0.04,0.11733,0.08372,4-5 hours,"LKR 7,000 - 9,000"
0,0.08,0.25,0.1277,5-6 hours,"LKR 9,000 - 12,000"
1,0.04,0.08769,0.05116,4-5 hours,"LKR 7,000 - 9,000"
2,0.1,0.20285,0.13865,5-6 hours,"LKR 9,000 - 12,000"
0,0.08,0.19555,0.09839,5-6 hours,"LKR 9,000 - 12,000"
1,0.04,0.11092,0.09276,4-5 hours,"LKR 7,000 - 9,000"
0,0.08,0.19705,0.16387,5-6 hours,"LKR 9,000 - 12,000"
1,0.04,0.08885,0.08826,4-5 hours,"LKR 7,000 - 9,000"
1,0.04,0.07047,0.08919,4-5 hours,"LKR 7,000 - 9,000"
1,0.02825,0.05652,0.0314,3-4 hours,"LKR 5,000 - 7,000"
2,0.1,0.19096,0.12498,5-6 hours,"LKR 9,000 - 12,000"
1,0.04,0.07679,0.04385,4-5 hours,"LKR 7,000 - 9,000"
2,0.1,0.1861,0.13649,5-6 hours,"LKR 9,000 - 12,000"
2,0.1,0.18922,0.17204,5-6 hours,"LKR 9,000 - 12,000"
2,0.1,0.19003,0.22543,5-6 hours,"LKR 9,000 - 12,000"
0,0.08,0.13073,0.14614,5-6 hours,"LKR 9,000 - 12,000"
0,0.08,0.23779,0.12291,6-7 hours,"LKR 12,000 - 15,000"
2,0.1,0.21505,0.24411,5-6 hours,"LKR 9,000 - 12,000"
0,0.08,0.13861,0.14611,5-6 hours,"LKR 9,000 - 12,000"
0,0.08,0.17427,0.13187,5-6 hours,"LKR 9,000 - 12,000"
0,0.08,0.2439,0.19168,6-7 hours,"LKR 12,000 - 15,000"
1,0.04,0.08106,0.06786,4-5 hours,"LKR 7,000 - 9,000"
2,0.1,0.1739,0.14757,5-6 hours,"LKR 9,000 - 12,000"
0,0.0436,0.09414,0.0841,4-5 hours,"LKR 7,000 - 9,000"
1,0.015,0.04849,0.03656,3-4 hours,"LKR 5,000 - 7,000"
0,0.06588,0.21604,0.14461,5-6 hours,"LKR 9,000 - 12,000"
0,0.08,0.2798,0.18791,5-6 hours,"LKR 9,000 - 12,000"
1,0.04,0.12144,0.09517,4-5 hours,"LKR 7,000 - 9,000"
1,0.04,0.12239,0.08879,4-5 hours,"LKR 7,000 - 9,000"
2,0.1,0.19253,0.2341,5-6 hours,"LKR 9,000 - 12,000"
1,0.04,0.09398,0.09143,4-5 hours,"LKR 7,000 - 9,000"
0,0.08,0.18564,0.08427,5-6 hours,"LKR 9,000 - 12,000"
1,0.04,0.13461,0.05708,4-5 hours,"LKR 7,000 - 9,000"
1,0.04,0.10787,0.04456,4-5 hours,"LKR 7,000 - 9,000"
1,0.04,0.13072,0.05041,4-5 hours,"LKR 7,000 - 9,000"
0,0.08,0.23734,0.11161,5-6 hours,"LKR 9,000 - 12,000"
1,0.04,0.08137,0.09212,4-5 hours,"LKR 7,000 - 9,000"
0,0.07451,0.1814,0.14147,5-6 hours,"LKR 9,000 - 12,000"
0,0.08,0.20917,0.15262,5-6 hours,"LKR 9,000 - 12,000"
1,0.04,0.10739,0.06321,4-5 hours,"LKR 7,000 - 9,000"
1,0.03442,0.11142,0.07318,4-5 hours,"LKR 7,000 - 9,000"
0,0.08,0.2427,0.17775,5-6 hours,"LKR 9,000 - 12,000"
1,0.04,0.07045,0.05092,4-5 hours,"LKR 7,000 - 9,000"
0,0.07934,0.1844,0.12748,5-6 hours,"LKR 9,000 - 12,000"
0,0.08,0.244,0.10628,5-6 hours,"LKR 9,000 - 12,000"
0,0.08,0.26008,0.17238,5-6 hours,"LKR 9,000 - 12,000"
1,0.04,0.08102,0.09889,4-5 hours,"LKR 7,000 - 9,000"
2,0.1,0.31662,0.14929,5-6 hours,"LKR 9,000 - 12,000"
2,0.1,0.16755,0.1573,5-6 hours,"LKR 9,000 - 12,000"
0,0.08,0.14076,0.1097,5-6 hours,"LKR 9,000 - 12,000"
2,0.1,0.34312,0.12864,6-7 hours,"LKR 12,000 - 15,000"
0,0.08,0.14173,0.09393,5-6 hours,"LKR 9,000 - 12,000"
0,0.08,0.18627,0.17099,5-6 hours,"LKR 9,000 - 12,000"
0,0.08,0.2001,0.19447,5-6 hours,"LKR 9,000 - 12,000"
0,0.08,0.18382,0.14608,5-6 hours,"LKR 9,000 - 12,000"
0,0.08,0.15805,0.16159,5-6 hours,"LKR 9,000 - 12,000"
1,0.04,0.09524,0.08935,4-5 hours,"LKR 7,000 - 9,000"
0,0.08,0.24566,0.16598,5-6 hours,"LKR 9,000 - 12,000"
0,0.08,0.20997,0.10368,5-6 hours,"LKR 9,000 - 12,000"
0,0.08,0.16203,0.16061,5-6 hours,"LKR 9,000 - 12,000"
2,0.1,0.15536,0.1544,5-6 hours,"LKR 9,000 - 12,000"
0,0.08,0.26645,0.11604,5-6 hours,"LKR 9,000 - 12,000"
1,0.04,0.09581,0.09995,4-5 hours,"LKR 7,000 - 9,000"
0,0.08,0.27287,0.09022,5-6 hours,"LKR 9,000 - 12,000"
1,0.04,0.07909,0.08079,4-5 hours,"LKR 7,000 - 9,000"
1,0.04,0.09622,0.04127,4-5 hours,"LKR 7,000 - 9,000"
0,0.08,0.2613,0.14719,5-6 hours,"LKR 9,000 - 12,000"
1,0.04,0.12879,0.05408,5-6 hours,"LKR 9,000 - 12,000"
1,0.04,0.12308,0.07879,5-6 hours,"LKR 9,000 - 12,000"
2,0.1,0.17898,0.13309,5-6 hours,"LKR 9,000 - 12,000"
1,0.04,0.13908,0.08134,5-6 hours,"LKR 9,000 - 12,000"
0,0.08,0.16658,0.10649,5-6 hours,"LKR 9,000 - 12,000"
1,0.04,0.08914,0.04941,4-5 hours,"LKR 7,000 - 9,000"
0,0.03014,0.0573,0.06727,4-5 hours,"LKR 7,000 - 9,000"
0,0.06698,0.12322,0.1388,5-6 hours,"LKR 9,000 - 12,000"
2,0.1,0.30172,0.19937,5-6 hours,"LKR 9,000 - 12,000"
1,0.04,0.13714,0.06411,4-5 hours,"LKR 7,000 - 9,000"
2,0.1,0.26928,0.17055,5-6 hours,"LKR 9,000 - 12,000"
1,0.04,0.08239,0.08765,4-5 hours,"LKR 7,000 - 9,000"
0,0.08,0.25014,0.15468,5-6 hours,"LKR 9,000 - 12,000"
0,0.08,0.21443,0.15372,5-6 hours,"LKR 9,000 - 12,000"
1,0.04,0.08549,0.06241,4-5 hours,"LKR 7,000 - 9,000"
1,0.04,0.10002,0.07879,4-5 hours,"LKR 7,000 - 9,000"
0,0.07321,0.19667,0.12831,5-6 hours,"LKR 9,000 - 12,000"
0,0.0183,0.0538,0.03596,3-4 hours,"LKR 5,000 - 7,000"
1,0.04,0.12696,0.09478,4-5 hours,"LKR 7,000 - 9,000"
1,0.04,0.09646,0.04418,4-5 hours,"LKR 7,000 - 9,000"
0,0.08,0.13459,0.18593,5-6 hours,"LKR 9,000 - 12,000"
1,0.03866,0.05843,0.04326,4-5 hours,"LKR 7,000 - 9,000"
0,0.08,0.23054,0.09692,5-6 hours,"LKR 9,000 - 12,000"
0,0.08,0.18903,0.15564,6-7 hours,"LKR 12,000 - 15,000"
0,0.03485,0.06088,0.03917,4-5 hours,"LKR 7,000 - 9,000"
2,0.04883,0.10039,0.06129,5-6 hours,"LKR 9,000 - 12,000"
0,0.08,0.2467,0.13204,5-6 hours,"LKR 9,000 - 12,000"
2,0.1,0.17536,0.21026,5-6 hours,"LKR 9,000 - 12,000"
0,0.08,0.26351,0.15084,6-7 hours,"LKR 12,000 - 15,000"
0,0.08,0.1969,0.19843,5-6 hours,"LKR 9,000 - 12,000"
0,0.08,0.18797,0.08619,5-6 hours,"LKR 9,000 - 12,000"
0,0.08,0.13644,0.19112,6-7 hours,"LKR 12,000 - 15,000"
1,0.04,0.13609,0.06568,4-5 hours,"LKR 7,000 - 9,000"
1,0.0285,0.08753,0.04877,3-4 hours,"LKR 5,000 - 7,000"
1,0.04,0.13862,0.05417,4-5 hours,"LKR 7,000 - 9,000"
0,0.08,0.27469,0.16379,5-6 hours,"LKR 9,000 - 12,000"
0,0.08,0.22802,0.15175,5-6 hours,"LKR 9,000 - 12,000"
1,0.04,0.13949,0.09227,4-5 hours,"LKR 7,000 - 9,000"
1,0.04,0.08523,0.04753,4-5 hours,"LKR 7,000 - 9,000"
2,0.1,0.24465,0.13976,5-6 hours,"LKR 9,000 - 12,000"
2,0.1,0.34777,0.23608,5-6 hours,"LKR 9,000 - 12,000"
1,0.04,0.0674,0.06382,4-5 hours,"LKR 7,000 - 9,000"
0,0.08,0.20195,0.11054,5-6 hours,"LKR 9,000 - 12,000"
0,0.08,0.19413,0.16666,5-6 hours,"LKR 9,000 - 12,000"
0,0.08,0.27542,0.11725,5-6 hours,"LKR 9,000 - 12,000"
1,0.04,0.12014,0.08351,4-5 hours,"LKR 7,000 - 9,000"
2,0.1,0.31539,0.21511,5-6 hours,"LKR 9,000 - 12,000"
1,0.04,0.08482,0.09133,4-5 hours,"LKR 7,000 - 9,000"
1,0.04,0.08812,0.09918,4-5 hours,"LKR 7,000 - 9,000"
0,0.08,0.1802,0.14744,5-6 hours,"LKR 9,000 - 12,000"
1,0.04,0.12705,0.05393,4-5 hours,"LKR 7,000 - 9,000"
1,0.04,0.06,0.0752,4-5 hours,"LKR 7,000 - 9,000"
0,0.08,0.17527,0.12226,5-6 hours,"LKR 9,000 - 12,000"
1,0.04,0.13487,0.07612,4-5 hours,"LKR 7,000 - 9,000"
1,0.04,0.11126,0.07693,4-5 hours,"LKR 7,000 - 9,000"
0,0.08,0.13022,0.11471,5-6 hours,"LKR 9,000 - 12,000"
0,0.07633,0.21755,0.11492,5-6 hours,"LKR 9,000 - 12,000"
0,0.08,0.19385,0.16315,5-6 hours,"LKR 9,000 - 12,000"
1,0.04,0.08005,0.05197,4-5 hours,"LKR 7,000 - 9,000"
0,0.08,0.15782,0.10062,6-7 hours,"LKR 12,000 - 15,000"
0,0.08,0.25862,0.08688,5-6 hours,"LKR 9,000 - 12,000"
1,0.04,0.10378,0.07654,4-5 hours,"LKR 7,000 - 9,000"
2,0.1,0.18794,0.11689,6-7 hours,"LKR 12,000 - 15,000"
2,0.1,0.16705,0.17333,5-6 hours,"LKR 9,000 - 12,000"
1,0.04,0.08438,0.06648,4-5 hours,"LKR 7,000 - 9,000"
0,0.08,0.17378,0.1971,5-6 hours,"LKR 9,000 - 12,000"
2,0.08274,0.20209,0.1129,5-6 hours,"LKR 9,000 - 12,000"
1,0.04,0.11639,0.08232,4-5 hours,"LKR 7,000 - 9,000"
0,0.08,0.14394,0.19977,5-6 hours,"LKR 9,000 - 12,000"
0,0.08,0.13134,0.15268,5-6 hours,"LKR 9,000 - 12,000"
0,0.08,0.27078,0.12137,5-6 hours,"LKR 9,000 - 12,000"
2,0.1,0.23655,0.1647,6-7 hours,"LKR 12,000 - 15,000"
0,0.08,0.17881,0.12917,5-6 hours,"LKR 9,000 - 12,000"
0,0.08,0.21845,0.09845,5-6 hours,"LKR 9,000 - 12,000"
1,0.04,0.069,0.07898,4-5 hours,"LKR 7,000 - 9,000"
1,0.04,0.07149,0.08339,4-5 hours,"LKR 7,000 - 9,000"
1,0.04,0.13349,0.08606,4-5 hours,"LKR 7,000 - 9,000"
0,0.08,0.16373,0.11518,5-6 hours,"LKR 9,000 - 12,000"
0,0.08,0.20211,0.1181,5-6 hours,"LKR 9,000 - 12,000"
1,0.04,0.07614,0.09971,4-5 hours,"LKR 7,000 - 9,000"
1,0.04,0.09374,0.04766,4-5 hours,"LKR 7,000 - 9,000"
1,0.03619,0.12097,0.07485,4-5 hours,"LKR 7,000 - 9,000"
0,0.08,0.19971,0.1863,5-6 hours,"LKR 9,000 - 12,000"
0,0.08,0.17869,0.13762,5-6 hours,"LKR 9,000 - 12,000"
0,0.05766,0.12675,0.12954,5-6 hours,"LKR 9,000 - 12,000"
0,0.08,0.12086,0.11797,5-6 hours,"LKR 9,000 - 12,000"
1,0.04,0.09752,0.08511,4-5 hours,"LKR 7,000 - 9,000"
0,0.08,0.16538,0.15286,5-6 hours,"LKR 9,000 - 12,000"
1,0.04,0.13635,0.05229,4-5 hours,"LKR 7,000 - 9,000"
0,0.06371,0.12231,0.13621,5-6 hours,"LKR 9,000 - 12,000"
0,0.07415,0.21984,0.16862,6-7 hours,"LKR 12,000 - 15,000"
0,0.08,0.2247,0.09588,5-6 hours,"LKR 9,000 - 12,000"
0,0.07158,0.12787,0.11744,5-6 hours,"LKR 9,000 - 12,000"
1,0.04,0.06189,0.09215,4-5 hours,"LKR 7,000 - 9,000"
0,0.08,0.21365,0.12564,5-6 hours,"LKR 9,000 - 12,000"
0,0.04993,0.09227,0.06877,4-5 hours,"LKR 7,000 - 9,000"
1,0.04,0.10623,0.07167,4-5 hours,"LKR 7,000 - 9,000"
1,0.04,0.09375,0.04214,5-6 hours,"LKR 9,000 - 12,000"
0,0.08,0.15043,0.14168,5-6 hours,"LKR 9,000 - 12,000"
1,0.04,0.12511,0.07275,4-5 hours,"LKR 7,000 - 9,000"
0,0.08,0.19934,0.09294,6-7 hours,"LKR 12,000 - 15,000"
2,0.1,0.26168,0.10243,5-6 hours,"LKR 9,000 - 12,000"
1,0.04,0.11578,0.05131,5-6 hours,"LKR 9,000 - 12,000"
0,0.08,0.15288,0.17005,5-6 hours,"LKR 9,000 - 12,000"
1,0.04,0.08136,0.0571,4-5 hours,"LKR 7,000 - 9,000"
1,0.04,0.11036,0.06112,4-5 hours,"LKR 7,000 - 9,000"
0,0.08,0.20939,0.08415,5-6 hours,"LKR 9,000 - 12,000"
2,0.1,0.26567,0.22525,5-6 hours,"LKR 9,000 - 12,000"
1,0.04,0.13613,0.07187,4-5 hours,"LKR 7,000 - 9,000"
1,0.04,0.09514,0.07623,4-5 hours,"LKR 7,000 - 9,000"
0,0.05566,0.17366,0.07014,5-6 hours,"LKR 9,000 - 12,000"
1,0.04,0.08653,0.05395,4-5 hours,"LKR 7,000 - 9,000"
0,0.08,0.18154,0.17295,5-6 hours,"LKR 9,000 - 12,000"
0,0.08,0.17361,0.17964,5-6 hours,"LKR 9,000 - 12,000"
0,0.08,0.23414,0.16543,5-6 hours,"LKR 9,000 - 12,000"
1,0.04,0.11287,0.09984,4-5 hours,"LKR 7,000 - 9,000"
0,0.08,0.14493,0.18565,5-6 hours,"LKR 9,000 - 12,000"
1,0.04,0.12991,0.0813,4-5 hours,"LKR 7,000 - 9,000"
0,0.08,0.18743,0.13284,5-6 hours,"LKR 9,000 - 12,000"
2,0.1,0.17907,0.17734,5-6 hours,"LKR 9,000 - 12,000"
1,0.04,0.09013,0.09916,5-6 hours,"LKR 9,000 - 12,000"
0,0.08,0.16957,0.12056,5-6 hours,"LKR 9,000 - 12,000"
2,0.1,0.32561,0.20594,6-7 hours,"LKR 12,000 - 15,000"
2,0.1,0.23175,0.13565,5-6 hours,"LKR 9,000 - 12,000"
1,0.04,0.07507,0.06079,4-5 hours,"LKR 7,000 - 9,000"
2,0.1,0.22075,0.12936,5-6 hours,"LKR 9,000 - 12,000"
0,0.08,0.13311,0.14899,5-6 hours,"LKR 9,000 - 12,000"
0,0.08,0.1743,0.11956,5-6 hours,"LKR 9,000 - 12,000"
0,0.08,0.21325,0.13125,5-6 hours,"LKR 9,000 - 12,000"
1,0.04,0.12303,0.07354,4-5 hours,"LKR 7,000 - 9,000"
0,0.08,0.25723,0.16594,5-6 hours,"LKR 9,000 - 12,000"
0,0.06337,0.18171,0.07599,5-6 hours,"LKR 9,000 - 12,000"
0,0.08,0.24997,0.1477,5-6 hours,"LKR 9,000 - 12,000"
0,0.08,0.20492,0.15743,5-6 hours,"LKR 9,000 - 12,000"
1,0.04,0.09664,0.07396,4-5 hours,"LKR 7,000 - 9,000"
1,0.04,0.10151,0.07489,5-6 hours,"LKR 9,000 - 12,000"
1,0.04,0.12356,0.05865,4-5 hours,"LKR 7,000 - 9,000"
2,0.1,0.27115,0.1616,5-6 hours,"LKR 9,000 - 12,000"
0,0.08,0.27069,0.14479,5-6 hours,"LKR 9,000 - 12,000"
1,0.04,0.11933,0.04787,4-5 hours,"LKR 7,000 - 9,000"
0,0.08,0.1712,0.13989,5-6 hours,"LKR 9,000 - 12,000"
0,0.08,0.25888,0.10927,5-6 hours,"LKR 9,000 - 12,000"
0,0.08,0.19465,0.08706,5-6 hours,"LKR 9,000 - 12,000"
1,0.04,0.10134,0.06765,5-6 hours,"LKR 9,000 - 12,000"
2,0.1,0.26464,0.22693,5-6 hours,"LKR 9,000 - 12,000"
0,0.08,0.15,0.16387,5-6 hours,"LKR 9,000 - 12,000"
2,0.1,0.27517,0.16193,5-6 hours,"LKR 9,000 - 12,000"
1,0.04,0.10563,0.04229,4-5 hours,"LKR 7,000 - 9,000"
0,0.08,0.1545,0.19833,5-6 hours,"LKR 9,000 - 12,000"
1,0.01704,0.03051,0.02944,3-4 hours,"LKR 5,000 - 7,000"
0,0.08,0.14454,0.09593,6-7 hours,"LKR 12,000 - 15,000"
0,0.08,0.2707,0.09868,5-6 hours,"LKR 9,000 - 12,000"
0,0.08,0.25679,0.17421,5-6 hours,"LKR 9,000 - 12,000"
0,0.08,0.25906,0.10395,5-6 hours,"LKR 9,000 - 12,000"
0,0.08,0.24222,0.09545,5-6 hours,"LKR 9,000 - 12,000"
0,0.08,0.19628,0.10016,5-6 hours,"LKR 9,000 - 12,000"
2,0.1,0.23736,0.1569,6-7 hours,"LKR 12,000 - 15,000"
1,0.04,0.1235,0.07318,4-5 hours,"LKR 7,000 - 9,000"
0,0.08,0.16816,0.18276,5-6 hours,"LKR 9,000 - 12,000"
1,0.04,0.12425,0.04797,4-5 hours,"LKR 7,000 - 9,000"
0,0.08,0.15973,0.13055,6-7 hours,"LKR 12,000 - 15,000"
1,0.04,0.12932,0.05117,4-5 hours,"LKR 7,000 - 9,000"
0,0.08,0.27118,0.19653,5-6 hours,"LKR 9,000 - 12,000"
1,0.04,0.11665,0.08773,4-5 hours,"LKR 7,000 - 9,000"
0,0.06397,0.13847,0.09956,6-7 hours,"LKR 12,000 - 15,000"
0,0.05855,0.18915,0.08082,5-6 hours,"LKR 9,000 - 12,000"
2,0.1,0.15688,0.11239,5-6 hours,"LKR 9,000 - 12,000"
2,0.1,0.19703,0.12413,5-6 hours,"LKR 9,000 - 12,000"
0,0.08,0.12454,0.13532,5-6 hours,"LKR 9,000 - 12,000"
0,0.06183,0.20023,0.11255,5-6 hours,"LKR 9,000 - 12,000"
1,0.04,0.13841,0.07194,4-5 hours,"LKR 7,000 - 9,000"
0,0.08,0.14767,0.13489,5-6 hours,"LKR 9,000 - 12,000"
1,0.04,0.06728,0.09894,4-5 hours,"LKR 7,000 - 9,000"
0,0.08,0.22815,0.18131,5-6 hours,"LKR 9,000 - 12,000"
0,0.02997,0.05737,0.06662,4-5 hours,"LKR 7,000 - 9,000"
2,0.1,0.34736,0.1503,5-6 hours,"LKR 9,000 - 12,000"
2,0.1,0.24848,0.24279,5-6 hours,"LKR 9,000 - 12,000"
0,0.08,0.17909,0.19457,5-6 hours,"LKR 9,000 - 12,000"
1,0.03613,0.07015,0.03645,4-5 hours,"LKR 7,000 - 9,000"
2,0.1,0.24946,0.11328,5-6 hours,"LKR 9,000 - 12,000"
0,0.08,0.22248,0.1108,5-6 hours,"LKR 9,000 - 12,000"
1,0.04,0.12406,0.04908,4-5 hours,"LKR 7,000 - 9,000"
2,0.1,0.15084,0.14904,5-6 hours,"LKR 9,000 - 12,000"
0,0.08,0.26502,0.18615,5-6 hours,"LKR 9,000 - 12,000"
0,0.08,0.17733,0.195,5-6 hours,"LKR 9,000 - 12,000"
0,0.08,0.27671,0.09586,5-6 hours,"LKR 9,000 - 12,000"
0,0.08,0.19143,0.1191,5-6 hours,"LKR 9,000 - 12,000"
1,0.04,0.13658,0.08374,4-5 hours,"LKR 7,000 - 9,000"
1,0.04,0.12548,0.05772,4-5 hours,"LKR 7,000 - 9,000"
1,0.04,0.06548,0.05931,4-5 hours,"LKR 7,000 - 9,000"
0,0.08,0.13932,0.14245,6-7 hours,"LKR 12,000 - 15,000"
0,0.06738,0.21705,0.14773,5-6 hours,"LKR 9,000 - 12,000"
1,0.04,0.09033,0.07275,5-6 hours,"LKR 9,000 - 12,000"
1,0.04,0.06353,0.06779,5-6 hours,"LKR 9,000 - 12,000"
1,0.04,0.08836,0.09589,4-5 hours,"LKR 7,000 - 9,000"
1,0.01004,0.01762,0.02465,2-3 hours,"LKR 3,000 - 5,000"
0,0.08,0.27768,0.13138,5-6 hours,"LKR 9,000 - 12,000"
0,0.08,0.25706,0.10313,5-6 hours,"LKR 9,000 - 12,000"
0,0.08,0.16965,0.19914,5-6 hours,"LKR 9,000 - 12,000"
0,0.08,0.18434,0.12251,5-6 hours,"LKR 9,000 - 12,000"
0,0.08,0.27973,0.19137,5-6 hours,"LKR 9,000 - 12,000"
1,0.04,0.06271,0.0575,5-6 hours,"LKR 9,000 - 12,000"
0,0.08,0.14494,0.11802,5-6 hours,"LKR 9,000 - 12,000"
0,0.08,0.19511,0.09386,5-6 hours,"LKR 9,000 - 12,000"
0,0.08,0.14362,0.16509,5-6 hours,"LKR 9,000 - 12,000"
1,0.04,0.07815,0.05445,4-5 hours,"LKR 7,000 - 9,000"
0,0.08,0.12908,0.18389,5-6 hours,"LKR 9,000 - 12,000"
0,0.08,0.19248,0.14369,6-7 hours,"LKR 12,000 - 15,000"
2,0.1,0.18268,0.21235,5-6 hours,"LKR 9,000 - 12,000"
0,0.08,0.22657,0.1438,5-6 hours,"LKR 9,000 - 12,000"
0,0.08,0.24246,0.0824,5-6 hours,"LKR 9,000 - 12,000"
1,0.04,0.11548,0.07066,4-5 hours,"LKR 7,000 - 9,000"
0,0.08,0.21324,0.1235,5-6 hours,"LKR 9,000 - 12,000"
0,0.02964,0.07903,0.0691,4-5 hours,"LKR 7,000 - 9,000"
2,0.1,0.23972,0.21662,5-6 hours,"LKR 9,000 - 12,000"
0,0.08,0.12258,0.16593,5-6 hours,"LKR 9,000 - 12,000"
0,0.08,0.20639,0.19554,5-6 hours,"LKR 9,000 - 12,000"
0,0.08,0.13383,0.11735,5-6 hours,"LKR 9,000 - 12,000"
0,0.08,0.16738,0.12327,5-6 hours,"LKR 9,000 - 12,000"
2,0.1,0.19323,0.14276,5-6 hours,"LKR 9,000 - 12,000"
1,0.03612,0.06602,0.05763,4-5 hours,"LKR 7,000 - 9,000"
0,0.07381,0.11072,0.08192,5-6 hours,"LKR 9,000 - 12,000"
1,0.04,0.12742,0.08979,4-5 hours,"LKR 7,000 - 9,000"
0,0.08,0.22332,0.11192,5-6 hours,"LKR 9,000 - 12,000"
2,0.0246,0.08339,0.03363,4-5 hours,"LKR 7,000 - 9,000"
2,0.1,0.30822,0.23781,5-6 hours,"LKR 9,000 - 12,000"
0,0.08,0.26634,0.10652,5-6 hours,"LKR 9,000 - 12,000"
1,0.04,0.09414,0.06874,4-5 hours,"LKR 7,000 - 9,000"
0,0.08,0.24993,0.19879,5-6 hours,"LKR 9,000 - 12,000"
1,0.04,0.08252,0.05532,4-5 hours,"LKR 7,000 - 9,000"
1,0.0318,0.10915,0.05438,4-5 hours,"LKR 7,000 - 9,000"
0,0.08,0.26153,0.15071,5-6 hours,"LKR 9,000 - 12,000"
0,0.08,0.22239,0.1805,5-6 hours,"LKR 9,000 - 12,000"
0,0.08,0.14398,0.12959,5-6 hours,"LKR 9,000 - 12,000"
0,0.08,0.24073,0.0822,5-6 hours,"LKR 9,000 - 12,000"
0,0.08,0.21937,0.08551,5-6 hours,"LKR 9,000 - 12,000"
0,0.08,0.15244,0.11916,5-6 hours,"LKR 9,000 - 12,000"
2,0.1,0.21435,0.22779,6-7 hours,"LKR 12,000 - 15,000"
1,0.04,0.10695,0.0988,4-5 hours,"LKR 7,000 - 9,000"
0,0.08,0.20448,0.14127,5-6 hours,"LKR 9,000 - 12,000"
0,0.08,0.16812,0.19403,5-6 hours,"LKR 9,000 - 12,000"
2,0.1,0.31045,0.22067,5-6 hours,"LKR 9,000 - 12,000"
1,0.04,0.07127,0.06624,4-5 hours,"LKR 7,000 - 9,000"
1,0.04,0.06296,0.05586,4-5 hours,"LKR 7,000 - 9,000"
0,0.08,0.25475,0.17657,5-6 hours,"LKR 9,000 - 12,000"
1,0.04,0.06131,0.0786,4-5 hours,"LKR 7,000 - 9,000"
1,0.04,0.12095,0.05086,4-5 hours,"LKR 7,000 - 9,000"
0,0.08,0.20987,0.08108,5-6 hours,"LKR 9,000 - 12,000"
1,0.04,0.0606,0.05568,4-5 hours,"LKR 7,000 - 9,000"
2,0.09964,0.23736,0.21599,5-6 hours,"LKR 9,000 - 12,000"
0,0.03409,0.05387,0.05947,4-5 hours,"LKR 7,000 - 9,000"
0,0.01274,0.02232,0.01616,3-4 hours,"LKR 5,000 - 7,000"
0,0.08,0.27057,0.08469,5-6 hours,"LKR 9,000 - 12,000"
0,0.07832,0.14324,0.16706,6-7 hours,"LKR 12,000 - 15,000"
0,0.08,0.13533,0.18175,5-6 hours,"LKR 9,000 - 12,000"
0,0.08,0.16378,0.15827,5-6 hours,"LKR 9,000 - 12,000"
1,0.04,0.0992,0.06712,4-5 hours,"LKR 7,000 - 9,000"
2,0.0438,0.1396,0.06416,5-6 hours,"LKR 9,000 - 12,000"
1,0.04,0.0723,0.08013,4-5 hours,"LKR 7,000 - 9,000"
0,0.08,0.18637,0.16313,5-6 hours,"LKR 9,000 - 12,000"
0,0.08,0.14565,0.15971,5-6 hours,"LKR 9,000 - 12,000"
0,0.02828,0.05085,0.05249,4-5 hours,"LKR 7,000 - 9,000"
0,0.08,0.22627,0.14506,5-6 hours,"LKR 9,000 - 12,000"
0,0.08,0.21744,0.16783,5-6 hours,"LKR 9,000 - 12,000"
0,0.08,0.13783,0.15225,5-6 hours,"LKR 9,000 - 12,000"
0,0.08,0.26129,0.08144,5-6 hours,"LKR 9,000 - 12,000"
1,0.0328,0.06056,0.05391,4-5 hours,"LKR 7,000 - 9,000"
0,0.0159,0.03493,0.02439,3-4 hours,"LKR 5,000 - 7,000"
1,0.04,0.07481,0.06798,4-5 hours,"LKR 7,000 - 9,000"
0,0.08,0.26455,0.18624,5-6 hours,"LKR 9,000 - 12,000"
0,0.08,0.13986,0.15419,5-6 hours,"LKR 9,000 - 12,000"
0,0.08,0.25965,0.08487,5-6 hours,"LKR 9,000 - 12,000"
0,0.08,0.13851,0.14317,6-7 hours,"LKR 12,000 - 15,000"
0,0.08,0.27184,0.17034,5-6 hours,"LKR 9,000 - 12,000"
0,0.08,0.16423,0.08204,5-6 hours,"LKR 9,000 - 12,000"
1,0.04,0.10771,0.07642,4-5 hours,"LKR 7,000 - 9,000"
2,0.1,0.23493,0.20024,5-6 hours,"LKR 9,000 - 12,000"
0,0.08,0.22414,0.15845,5-6 hours,"LKR 9,000 - 12,000"
0,0.03772,0.0729,0.08774,4-5 hours,"LKR 7,000 - 9,000"
0,0.08,0.19916,0.18984,5-6 hours,"LKR 9,000 - 12,000"
1,0.04,0.13691,0.07801,4-5 hours,"LKR 7,000 - 9,000"
1,0.04,0.12573,0.07938,4-5 hours,"LKR 7,000 - 9,000"
0,0.08,0.18842,0.12605,5-6 hours,"LKR 9,000 - 12,000"
0,0.08,0.25995,0.11509,5-6 hours,"LKR 9,000 - 12,000"
0,0.08,0.26661,0.12077,6-7 hours,"LKR 12,000 - 15,000"
0,0.02952,0.05575,0.03486,4-5 hours,"LKR 7,000 - 9,000"
1,0.04,0.11314,0.08736,4-5 hours,"LKR 7,000 - 9,000"
0,0.08,0.22325,0.14647,5-6 hours,"LKR 9,000 - 12,000"
0,0.08,0.27966,0.17302,5-6 hours,"LKR 9,000 - 12,000"
0,0.08,0.26335,0.19608,5-6 hours,"LKR 9,000 - 12,000"
0,0.08,0.21415,0.11774,5-6 hours,"LKR 9,000 - 12,000"
1,0.04,0.06735,0.07099,4-5 hours,"LKR 7,000 - 9,000"
1,0.04,0.09952,0.04979,4-5 hours,"LKR 7,000 - 9,000"
2,0.1,0.28649,0.23209,5-6 hours,"LKR 9,000 - 12,000"
0,0.08,0.26607,0.0857,5-6 hours,"LKR 9,000 - 12,000"
0,0.08,0.16955,0.17383,5-6 hours,"LKR 9,000 - 12,000"
1,0.04,0.11464,0.08567,4-5 hours,"LKR 7,000 - 9,000"
2,0.1,0.18682,0.13844,6-7 hours,"LKR 12,000 - 15,000"
0,0.08,0.24956,0.12281,5-6 hours,"LKR 9,000 - 12,000"
0,0.08,0.21613,0.1314,5-6 hours,"LKR 9,000 - 12,000"
0,0.08,0.19761,0.08867,5-6 hours,"LKR 9,000 - 12,000"
2,0.1,0.21613,0.18349,5-6 hours,"LKR 9,000 - 12,000"
0,0.08,0.17856,0.13507,5-6 hours,"LKR 9,000 - 12,000"
1,0.04,0.09599,0.08641,4-5 hours,"LKR 7,000 - 9,000"
0,0.08,0.1463,0.10738,5-6 hours,"LKR 9,000 - 12,000"
0,0.08,0.17376,0.14866,5-6 hours,"LKR 9,000 - 12,000"
0,0.03246,0.08954,0.03697,4-5 hours,"LKR 7,000 - 9,000"
1,0.04,0.06463,0.08473,4-5 hours,"LKR 7,000 - 9,000"
0,0.08,0.21134,0.1057,5-6 hours,"LKR 9,000 - 12,000"
2,0.1,0.24656,0.20032,5-6 hours,"LKR 9,000 - 12,000"
0,0.08,0.22944,0.17226,5-6 hours,"LKR 9,000 - 12,000"
2,0.06191,0.14509,0.06988,5-6 hours,"LKR 9,000 - 12,000"
1,0.04,0.1135,0.05955,5-6 hours,"LKR 9,000 - 12,000"
0,0.08,0.2666,0.13594,5-6 hours,"LKR 9,000 - 12,000"
1,0.04,0.07478,0.06453,4-5 hours,"LKR 7,000 - 9,000"
2,0.1,0.31347,0.1138,5-6 hours,"LKR 9,000 - 12,000"
1,0.00656,0.01145,0.01,2-3 hours,"LKR 3,000 - 5,000"
0,0.08,0.19314,0.1887,5-6 hours,"LKR 9,000 - 12,000"
0,0.08,0.19089,0.12225,5-6 hours,"LKR 9,000 - 12,000"
2,0.1,0.15634,0.12409,5-6 hours,"LKR 9,000 - 12,000"
0,0.08,0.23305,0.12424,5-6 hours,"LKR 9,000 - 12,000"
0,0.08,0.13179,0.19216,5-6 hours,"LKR 9,000 - 12,000"
0,0.08,0.21089,0.08867,5-6 hours,"LKR 9,000 - 12,000"
1,0.04,0.11548,0.08009,4-5 hours,"LKR 7,000 - 9,000"
2,0.1,0.20547,0.18274,5-6 hours,"LKR 9,000 - 12,000"
1,0.04,0.06015,0.05874,4-5 hours,"LKR 7,000 - 9,000"
1,0.04,0.07413,0.05425,4-5 hours,"LKR 7,000 - 9,000"
0,0.08,0.27213,0.12847,6-7 hours,"LKR 12,000 - 15,000"
0,0.08,0.15886,0.17207,5-6 hours,"LKR 9,000 - 12,000"
0,0.0651,0.2059,0.08073,5-6 hours,"LKR 9,000 - 12,000"
0,0.08,0.25652,0.11959,5-6 hours,"LKR 9,000 - 12,000"
2,0.1,0.3073,0.12296,5-6 hours,"LKR 9,000 - 12,000"
1,0.04,0.08478,0.05057,4-5 hours,"LKR 7,000 - 9,000"
2,0.1,0.27736,0.1224,5-6 hours,"LKR 9,000 - 12,000"
2,0.1,0.30413,0.1966,5-6 hours,"LKR 9,000 - 12,000"
1,0.02261,0.06109,0.04396,3-4 hours,"LKR 5,000 - 7,000"
1,0.03142,0.06112,0.04136,4-5 hours,"LKR 7,000 - 9,000"
0,0.08,0.13678,0.18755,5-6 hours,"LKR 9,000 - 12,000"
1,0.04,0.12626,0.09401,4-5 hours,"LKR 7,000 - 9,000"
0,0.08,0.26862,0.17027,6-7 hours,"LKR 12,000 - 15,000"
0,0.08,0.25953,0.1728,5-6 hours,"LKR 9,000 - 12,000"
0,0.08,0.13909,0.10312,5-6 hours,"LKR 9,000 - 12,000"
2,0.1,0.32344,0.16416,5-6 hours,"LKR 9,000 - 12,000"
0,0.08,0.26032,0.19056,5-6 hours,"LKR 9,000 - 12,000"
1,0.04,0.07251,0.05424,4-5 hours,"LKR 7,000 - 9,000"
1,0.04,0.10099,0.06613,4-5 hours,"LKR 7,000 - 9,000"
1,0.04,0.1085,0.052,4-5 hours,"LKR 7,000 - 9,000"
0,0.08,0.27551,0.12984,5-6 hours,"LKR 9,000 - 12,000"
2,0.02542,0.05371,0.03678,4-5 hours,"LKR 7,000 - 9,000"
0,0.08,0.18001,0.1848,5-6 hours,"LKR 9,000 - 12,000"
0,0.08,0.26401,0.10419,5-6 hours,"LKR 9,000 - 12,000"
1,0.02653,0.06625,0.05763,3-4 hours,"LKR 5,000 - 7,000"
0,0.08,0.20625,0.10749,5-6 hours,"LKR 9,000 - 12,000"
1,0.00841,0.02337,0.01102,2-3 hours,"LKR 3,000 - 5,000"
2,0.1,0.25474,0.17601,5-6 hours,"LKR 9,000 - 12,000"
0,0.08,0.16267,0.10266,5-6 hours,"LKR 9,000 - 12,000"
1,0.04,0.07321,0.08443,4-5 hours,"LKR 7,000 - 9,000"
1,0.03738,0.12365,0.04402,4-5 hours,"LKR 7,000 - 9,000"
0,0.08,0.19318,0.11519,6-7 hours,"LKR 12,000 - 15,000"
0,0.08,0.14007,0.17282,5-6 hours,"LKR 9,000 - 12,000"
0,0.08,0.14778,0.14546,5-6 hours,"LKR 9,000 - 12,000"
2,0.1,0.33622,0.18101,5-6 hours,"LKR 9,000 - 12,000"
1,0.04,0.13414,0.08642,4-5 hours,"LKR 7,000 - 9,000"
1,0.04,0.09188,0.04054,4-5 hours,"LKR 7,000 - 9,000"
2,0.1,0.32944,0.14871,5-6 hours,"LKR 9,000 - 12,000"
1,0.04,0.1254,0.0728,4-5 hours,"LKR 7,000 - 9,000"
0,0.08,0.23633,0.18766,5-6 hours,"LKR 9,000 - 12,000"
1,0.04,0.10665,0.05107,4-5 hours,"LKR 7,000 - 9,000"
0,0.08,0.25945,0.08297,5-6 hours,"LKR 9,000 - 12,000"
0,0.04662,0.12276,0.08329,5-6 hours,"LKR 9,000 - 12,000"
2,0.05676,0.14257,0.08581,5-6 hours,"LKR 9,000 - 12,000"
2,0.1,0.23173,0.19158,5-6 hours,"LKR 9,000 - 12,000"
2,0.1,0.28785,0.22442,6-7 hours,"LKR 12,000 - 15,000"
0,0.08,0.17089,0.09677,5-6 hours,"LKR 9,000 - 12,000"
0,0.08,0.14292,0.13218,5-6 hours,"LKR 9,000 - 12,000"
1,0.04,0.07722,0.09995,4-5 hours,"LKR 7,000 - 9,000"
1,0.03202,0.10072,0.04993,5-6 hours,"LKR 9,000 - 12,000"
0,0.08,0.16589,0.11256,5-6 hours,"LKR 9,000 - 12,000"
0,0.08,0.14861,0.16138,5-6 hours,"LKR 9,000 - 12,000"
0,0.08,0.19579,0.15392,5-6 hours,"LKR 9,000 - 12,000"
0,0.08,0.23089,0.0982,5-6 hours,"LKR 9,000 - 12,000"
0,0.08,0.24672,0.10013,5-6 hours,"LKR 9,000 - 12,000"
0,0.08,0.22529,0.11818,5-6 hours,"LKR 9,000 - 12,000"
0,0.08,0.16788,0.18862,5-6 hours,"LKR 9,000 - 12,000"
2,0.1,0.32584,0.19255,5-6 hours,"LKR 9,000 - 12,000"
0,0.08,0.18173,0.15356,5-6 hours,"LKR 9,000 - 12,000"
2,0.1,0.29944,0.24126,5-6 hours,"LKR 9,000 - 12,000"
1,0.04,0.0787,0.05468,4-5 hours,"LKR 7,000 - 9,000"
1,0.04,0.11096,0.08976,4-5 hours,"LKR 7,000 - 9,000"
0,0.08,0.20287,0.08506,5-6 hours,"LKR 9,000 - 12,000"
0,0.08,0.25233,0.08497,5-6 hours,"LKR 9,000 - 12,000"
1,0.04,0.09811,0.09016,4-5 hours,"LKR 7,000 - 9,000"
1,0.04,0.08646,0.04592,4-5 hours,"LKR 7,000 - 9,000"
0,0.08,0.25153,0.10738,6-7 hours,"LKR 12,000 - 15,000"
1,0.04,0.07203,0.06533,5-6 hours,"LKR 9,000 - 12,000"
2,0.1,0.27832,0.2274,5-6 hours,"LKR 9,000 - 12,000"
1,0.04,0.06746,0.09623,4-5 hours,"LKR 7,000 - 9,000"
2,0.1,0.20488,0.14275,5-6 hours,"LKR 9,000 - 12,000"
1,0.04,0.06843,0.06178,4-5 hours,"LKR 7,000 - 9,000"
1,0.04,0.11282,0.09547,4-5 hours,"LKR 7,000 - 9,000"
1,0.04,0.07996,0.05155,4-5 hours,"LKR 7,000 - 9,000"
1,0.04,0.12243,0.0552,4-5 hours,"LKR 7,000 - 9,000"
1,0.04,0.07328,0.09411,4-5 hours,"LKR 7,000 - 9,000"
0,0.08,0.27513,0.09438,5-6 hours,"LKR 9,000 - 12,000"
1,0.04,0.13002,0.07869,4-5 hours,"LKR 7,000 - 9,000"
1,0.04,0.10532,0.05139,4-5 hours,"LKR 7,000 - 9,000"
0,0.0372,0.11548,0.07175,4-5 hours,"LKR 7,000 - 9,000"
0,0.08,0.18809,0.15034,5-6 hours,"LKR 9,000 - 12,000"
1,0.04,0.08369,0.08382,4-5 hours,"LKR 7,000 - 9,000"
0,0.08,0.22147,0.12893,5-6 hours,"LKR 9,000 - 12,000"
0,0.08,0.26971,0.10508,5-6 hours,"LKR 9,000 - 12,000"
1,0.04,0.08271,0.09433,4-5 hours,"LKR 7,000 - 9,000"
1,0.04,0.13704,0.08582,4-5 hours,"LKR 7,000 - 9,000"
1,0.04,0.09172,0.07467,4-5 hours,"LKR 7,000 - 9,000"
0,0.08,0.21975,0.10244,6-7 hours,"LKR 12,000 - 15,000"
2,0.1,0.24622,0.216,5-6 hours,"LKR 9,000 - 12,000"
0,0.08,0.23285,0.13053,6-7 hours,"LKR 12,000 - 15,000"
0,0.08,0.22658,0.12157,5-6 hours,"LKR 9,000 - 12,000"
2,0.1,0.23489,0.24404,5-6 hours,"LKR 9,000 - 12,000"
1,0.04,0.06471,0.08328,4-5 hours,"LKR 7,000 - 9,000"
0,0.02515,0.07593,0.0437,4-5 hours,"LKR 7,000 - 9,000"
0,0.05477,0.1313,0.07345,5-6 hours,"LKR 9,000 - 12,000"
0,0.08,0.25162,0.17751,5-6 hours,"LKR 9,000 - 12,000"
1,0.04,0.07261,0.0672,4-5 hours,"LKR 7,000 - 9,000"
1,0.04,0.12819,0.0625,4-5 hours,"LKR 7,000 - 9,000"
1,0.04,0.11476,0.04372,5-6 hours,"LKR 9,000 - 12,000"
0,0.08,0.22477,0.08079,5-6 hours,"LKR 9,000 - 12,000"
1,0.03767,0.07751,0.04937,4-5 hours,"LKR 7,000 - 9,000"
0,0.08,0.22113,0.18036,5-6 hours,"LKR 9,000 - 12,000"
0,0.06252,0.12587,0.14603,5-6 hours,"LKR 9,000 - 12,000"
0,0.08,0.19178,0.1045,5-6 hours,"LKR 9,000 - 12,000"
0,0.08,0.1242,0.09269,5-6 hours,"LKR 9,000 - 12,000"
0,0.04324,0.07443,0.09221,4-5 hours,"LKR 7,000 - 9,000"
0,0.08,0.13373,0.12537,5-6 hours,"LKR 9,000 - 12,000"
0,0.08,0.22712,0.18259,5-6 hours,"LKR 9,000 - 12,000"
0,0.08,0.26095,0.09985,5-6 hours,"LKR 9,000 - 12,000"
0,0.08,0.22175,0.16055,5-6 hours,"LKR 9,000 - 12,000"
0,0.08,0.24457,0.12841,5-6 hours,"LKR 9,000 - 12,000"
1,0.04,0.06927,0.08877,4-5 hours,"LKR 7,000 - 9,000"
0,0.08,0.24348,0.13627,5-6 hours,"LKR 9,000 - 12,000"
0,0.08,0.14655,0.12617,5-6 hours,"LKR 9,000 - 12,000"
0,0.08,0.22451,0.11102,5-6 hours,"LKR 9,000 - 12,000"
0,0.08,0.17501,0.1573,5-6 hours,"LKR 9,000 - 12,000"
1,0.04,0.13867,0.08015,4-5 hours,"LKR 7,000 - 9,000"
2,0.08834,0.24154,0.18292,6-7 hours,"LKR 12,000 - 15,000"
1,0.04,0.07577,0.04057,4-5 hours,"LKR 7,000 - 9,000"
0,0.08,0.23587,0.12853,5-6 hours,"LKR 9,000 - 12,000"
1,0.04,0.0602,0.04476,4-5 hours,"LKR 7,000 - 9,000"
1,0.01398,0.04448,0.03376,2-3 hours,"LKR 3,000 - 5,000"
0,0.08,0.22743,0.08299,5-6 hours,"LKR 9,000 - 12,000"
0,0.08,0.27972,0.10713,5-6 hours,"LKR 9,000 - 12,000"
1,0.04,0.10807,0.05306,4-5 hours,"LKR 7,000 - 9,000"
0,0.03739,0.06091,0.03807,4-5 hours,"LKR 7,000 - 9,000"
0,0.08,0.22309,0.16749,6-7 hours,"LKR 12,000 - 15,000"
2,0.1,0.23916,0.16579,5-6 hours,"LKR 9,000 - 12,000"
0,0.08,0.26973,0.16684,5-6 hours,"LKR 9,000 - 12,000"
0,0.08,0.21593,0.10713,6-7 hours,"LKR 12,000 - 15,000"
0,0.08,0.12504,0.17369,5-6 hours,"LKR 9,000 - 12,000"
0,0.08,0.25849,0.14538,5-6 hours,"LKR 9,000 - 12,000"
0,0.08,0.26595,0.11965,5-6 hours,"LKR 9,000 - 12,000"
0,0.08,0.18693,0.15433,5-6 hours,"LKR 9,000 - 12,000"
1,0.04,0.1068,0.09974,4-5 hours,"LKR 7,000 - 9,000"
0,0.08,0.17602,0.10558,5-6 hours,"LKR 9,000 - 12,000"
1,0.04,0.12677,0.0565,4-5 hours,"LKR 7,000 - 9,000"
0,0.08,0.18353,0.13723,5-6 hours,"LKR 9,000 - 12,000"
1,0.04,0.0879,0.08426,5-6 hours,"LKR 9,000 - 12,000"
0,0.08,0.25183,0.1234,5-6 hours,"LKR 9,000 - 12,000"
2,0.1,0.29169,0.10123,5-6 hours,"LKR 9,000 - 12,000"
2,0.08496,0.17323,0.18733,5-6 hours,"LKR 9,000 - 12,000"
0,0.08,0.13807,0.1371,5-6 hours,"LKR 9,000 - 12,000"
0,0.08,0.21151,0.19428,5-6 hours,"LKR 9,000 - 12,000"
0,0.08,0.16537,0.09509,5-6 hours,"LKR 9,000 - 12,000"
0,0.03139,0.08715,0.04449,4-5 hours,"LKR 7,000 - 9,000"
1,0.04,0.07724,0.06367,4-5 hours,"LKR 7,000 - 9,000"
1,0.04,0.10807,0.07499,4-5 hours,"LKR 7,000 - 9,000"
0,0.08,0.22312,0.10896,5-6 hours,"LKR 9,000 - 12,000"
1,0.04,0.06271,0.08498,4-5 hours,"LKR 7,000 - 9,000"
0,0.08,0.15465,0.14582,5-6 hours,"LKR 9,000 - 12,000"
1,0.04,0.08158,0.04781,4-5 hours,"LKR 7,000 - 9,000"
0,0.08,0.20852,0.08468,5-6 hours,"LKR 9,000 - 12,000"
2,0.1,0.18779,0.2205,5-6 hours,"LKR 9,000 - 12,000"
0,0.07847,0.24599,0.13384,5-6 hours,"LKR 9,000 - 12,000"
0,0.08,0.19671,0.10756,5-6 hours,"LKR 9,000 - 12,000"
2,0.1,0.18468,0.17161,5-6 hours,"LKR 9,000 - 12,000"
0,0.08,0.23369,0.19115,5-6 hours,"LKR 9,000 - 12,000"
0,0.08,0.21004,0.09716,5-6 hours,"LKR 9,000 - 12,000"
1,0.04,0.13546,0.07769,4-5 hours,"LKR 7,000 - 9,000"
1,0.04,0.11288,0.0434,4-5 hours,"LKR 7,000 - 9,000"
0,0.08,0.13201,0.0974,5-6 hours,"LKR 9,000 - 12,000"
2,0.02887,0.05548,0.04163,4-5 hours,"LKR 7,000 - 9,000"
2,0.07769,0.1386,0.13622,5-6 hours,"LKR 9,000 - 12,000"
0,0.08,0.20081,0.09695,5-6 hours,"LKR 9,000 - 12,000"
0,0.08,0.23915,0.15392,5-6 hours,"LKR 9,000 - 12,000"
0,0.08,0.20298,0.16908,6-7 hours,"LKR 12,000 - 15,000"
0,0.08,0.24735,0.19485,5-6 hours,"LKR 9,000 - 12,000"
0,0.04039,0.06412,0.08866,4-5 hours,"LKR 7,000 - 9,000"
0,0.08,0.12409,0.1412,5-6 hours,"LKR 9,000 - 12,000"
0,0.05313,0.09405,0.11424,5-6 hours,"LKR 9,000 - 12,000"
0,0.08,0.17455,0.14764,5-6 hours,"LKR 9,000 - 12,000"
1,0.02927,0.07288,0.03078,3-4 hours,"LKR 5,000 - 7,000"
2,0.02415,0.06398,0.02879,4-5 hours,"LKR 7,000 - 9,000"
0,0.06701,0.20304,0.14005,5-6 hours,"LKR 9,000 - 12,000"
0,0.08,0.24672,0.12301,5-6 hours,"LKR 9,000 - 12,000"
0,0.08,0.236,0.19529,6-7 hours,"LKR 12,000 - 15,000"
0,0.06102,0.16239,0.13608,5-6 hours,"LKR 9,000 - 12,000"
1,0.04,0.13486,0.08213,4-5 hours,"LKR 7,000 - 9,000"
0,0.08,0.12856,0.0861,5-6 hours,"LKR 9,000 - 12,000"
0,0.08,0.12503,0.13426,5-6 hours,"LKR 9,000 - 12,000"
2,0.1,0.18603,0.20263,5-6 hours,"LKR 9,000 - 12,000"
0,0.08,0.18144,0.19278,5-6 hours,"LKR 9,000 - 12,000"
2,0.1,0.16692,0.20647,5-6 hours,"LKR 9,000 - 12,000"
0,0.08,0.18947,0.1039,5-6 hours,"LKR 9,000 - 12,000"
0,0.08,0.18175,0.17242,5-6 hours,"LKR 9,000 - 12,000"
1,0.04,0.08499,0.04985,4-5 hours,"LKR 7,000 - 9,000"
1,0.04,0.08939,0.07773,4-5 hours,"LKR 7,000 - 9,000"
0,0.0627,0.19057,0.08978,5-6 hours,"LKR 9,000 - 12,000"
1,0.01459,0.02684,0.01589,2-3 hours,"LKR 3,000 - 5,000"
2,0.1,0.33157,0.21397,6-7 hours,"LKR 12,000 - 15,000"
0,0.08,0.1985,0.17809,5-6 hours,"LKR 9,000 - 12,000"
1,0.04,0.06387,0.05346,4-5 hours,"LKR 7,000 - 9,000"
1,0.04,0.11697,0.08989,4-5 hours,"LKR 7,000 - 9,000"
1,0.04,0.09383,0.08443,4-5 hours,"LKR 7,000 - 9,000"
1,0.04,0.11995,0.04486,4-5 hours,"LKR 7,000 - 9,000"
1,0.04,0.07194,0.09634,4-5 hours,"LKR 7,000 - 9,000"
0,0.08,0.20953,0.17536,5-6 hours,"LKR 9,000 - 12,000"
2,0.1,0.19404,0.15152,6-7 hours,"LKR 12,000 - 15,000"
0,0.08,0.14341,0.18471,5-6 hours,"LKR 9,000 - 12,000"
2,0.1,0.26485,0.15164,5-6 hours,"LKR 9,000 - 12,000"
2,0.1,0.30834,0.24561,5-6 hours,"LKR 9,000 - 12,000"
1,0.04,0.08722,0.04779,4-5 hours,"LKR 7,000 - 9,000"
0,0.07418,0.21098,0.17238,6-7 hours,"LKR 12,000 - 15,000"
2,0.1,0.26925,0.14308,5-6 hours,"LKR 9,000 - 12,000"
1,0.04,0.10671,0.09054,4-5 hours,"LKR 7,000 - 9,000"
0,0.08,0.25093,0.09816,5-6 hours,"LKR 9,000 - 12,000"
1,0.04,0.08555,0.05668,5-6 hours,"LKR 9,000 - 12,000"
2,0.1,0.28494,0.14577,5-6 hours,"LKR 9,000 - 12,000"
1,0.04,0.1208,0.04603,4-5 hours,"LKR 7,000 - 9,000"
2,0.1,0.30821,0.16671,5-6 hours,"LKR 9,000 - 12,000"
2,0.1,0.25731,0.18021,5-6 hours,"LKR 9,000 - 12,000"
1,0.04,0.10129,0.06095,4-5 hours,"LKR 7,000 - 9,000"
2,0.1,0.27978,0.19595,5-6 hours,"LKR 9,000 - 12,000"
0,0.08,0.18493,0.12282,5-6 hours,"LKR 9,000 - 12,000"
0,0.08,0.15339,0.14489,5-6 hours,"LKR 9,000 - 12,000"
0,0.08,0.21997,0.17238,5-6 hours,"LKR 9,000 - 12,000"
1,0.00288,0.01,0.01,1-2 hours,"LKR 1,000 - 3,000"
0,0.08,0.25013,0.09818,5-6 hours,"LKR 9,000 - 12,000"
0,0.08,0.22921,0.09294,5-6 hours,"LKR 9,000 - 12,000"
2,0.1,0.2763,0.22799,6-7 hours,"LKR 12,000 - 15,000"
1,0.01333,0.03717,0.03171,2-3 hours,"LKR 3,000 - 5,000"
2,0.1,0.19705,0.19315,5-6 hours,"LKR 9,000 - 12,000"
0,0.08,0.16635,0.17368,5-6 hours,"LKR 9,000 - 12,000"
2,0.1,0.20074,0.1545,5-6 hours,"LKR 9,000 - 12,000"
0,0.08,0.25573,0.08863,5-6 hours,"LKR 9,000 - 12,000"
1,0.04,0.10943,0.05736,4-5 hours,"LKR 7,000 - 9,000"
0,0.08,0.20226,0.09744,5-6 hours,"LKR 9,000 - 12,000"
1,0.04,0.08882,0.06335,4-5 hours,"LKR 7,000 - 9,000"
0,0.08,0.24836,0.09853,5-6 hours,"LKR 9,000 - 12,000"
0,0.08,0.21253,0.11724,5-6 hours,"LKR 9,000 - 12,000"
1,0.04,0.08787,0.06868,4-5 hours,"LKR 7,000 - 9,000"
1,0.02874,0.05136,0.05699,3-4 hours,"LKR 5,000 - 7,000"
0,0.08,0.13564,0.18968,5-6 hours,"LKR 9,000 - 12,000"
1,0.04,0.085,0.09015,5-6 hours,"LKR 9,000 - 12,000"
1,0.04,0.10119,0.05977,5-6 hours,"LKR 9,000 - 12,000"
0,0.08,0.24131,0.09506,5-6 hours,"LKR 9,000 - 12,000"
0,0.08,0.23932,0.17289,5-6 hours,"LKR 9,000 - 12,000"
0,0.08,0.21952,0.12059,5-6 hours,"LKR 9,000 - 12,000"
0,0.08,0.24256,0.10829,5-6 hours,"LKR 9,000 - 12,000"
2,0.1,0.31948,0.12143,5-6 hours,"LKR 9,000 - 12,000"
0,0.02416,0.05631,0.03322,4-5 hours,"LKR 7,000 - 9,000"
1,0.04,0.09385,0.04059,4-5 hours,"LKR 7,000 - 9,000"
1,0.04,0.13859,0.09756,4-5 hours,"LKR 7,000 - 9,000"
1,0.03776,0.11811,0.06544,4-5 hours,"LKR 7,000 - 9,000"
0,0.08,0.23717,0.11135,5-6 hours,"LKR 9,000 - 12,000"
0,0.08,0.12145,0.09123,5-6 hours,"LKR 9,000 - 12,000"
0,0.08,0.25101,0.15373,5-6 hours,"LKR 9,000 - 12,000"
0,0.08,0.18496,0.15496,6-7 hours,"LKR 12,000 - 15,000"
1,0.04,0.12772,0.04061,4-5 hours,"LKR 7,000 - 9,000"
2,0.1,0.16463,0.2076,5-6 hours,"LKR 9,000 - 12,000"
0,0.08,0.22435,0.10146,5-6 hours,"LKR 9,000 - 12,000"
1,0.04,0.12435,0.05823,4-5 hours,"LKR 7,000 - 9,000"
0,0.08,0.14242,0.16802,5-6 hours,"LKR 9,000 - 12,000"
1,0.04,0.06331,0.08378,4-5 hours,"LKR 7,000 - 9,000"
0,0.04025,0.1263,0.08627,4-5 hours,"LKR 7,000 - 9,000"
0,0.08,0.26001,0.14402,5-6 hours,"LKR 9,000 - 12,000"
1,0.04,0.11132,0.04243,4-5 hours,"LKR 7,000 - 9,000"
1,0.04,0.11657,0.08837,4-5 hours,"LKR 7,000 - 9,000"
1,0.04,0.06831,0.0917,4-5 hours,"LKR 7,000 - 9,000"
1,0.04,0.08307,0.04768,4-5 hours,"LKR 7,000 - 9,000"
0,0.08,0.19874,0.12951,5-6 hours,"LKR 9,000 - 12,000"
0,0.08,0.12188,0.12689,5-6 hours,"LKR 9,000 - 12,000"
1,0.04,0.1188,0.06134,5-6 hours,"LKR 9,000 - 12,000"
1,0.04,0.0861,0.05811,4-5 hours,"LKR 7,000 - 9,000"
0,0.08,0.12307,0.1251,5-6 hours,"LKR 9,000 - 12,000"
0,0.08,0.23654,0.18975,5-6 hours,"LKR 9,000 - 12,000"
1,0.04,0.09079,0.05313,4-5 hours,"LKR 7,000 - 9,000"
0,0.08,0.17428,0.19549,5-6 hours,"LKR 9,000 - 12,000"
0,0.08,0.26866,0.13228,5-6 hours,"LKR 9,000 - 12,000"
2,0.1,0.1559,0.17376,5-6 hours,"LKR 9,000 - 12,000"
0,0.08,0.21993,0.16339,5-6 hours,"LKR 9,000 - 12,000"
1,0.04,0.13838,0.0897,4-5 hours,"LKR 7,000 - 9,000"
1,0.04,0.09284,0.04742,4-5 hours,"LKR 7,000 - 9,000"
2,0.1,0.18042,0.20294,5-6 hours,"LKR 9,000 - 12,000"
0,0.08,0.14537,0.12039,5-6 hours,"LKR 9,000 - 12,000"
2,0.05399,0.13823,0.10537,5-6 hours,"LKR 9,000 - 12,000"
0,0.08,0.18751,0.11491,6-7 hours,"LKR 12,000 - 15,000"
0,0.08,0.1267,0.18339,5-6 hours,"LKR 9,000 - 12,000"
1,0.03693,0.11542,0.06929,4-5 hours,"LKR 7,000 - 9,000"
1,0.04,0.06358,0.06279,4-5 hours,"LKR 7,000 - 9,000"
1,0.04,0.12536,0.0515,4-5 hours,"LKR 7,000 - 9,000"
2,0.1,0.31458,0.11654,5-6 hours,"LKR 9,000 - 12,000"
0,0.08,0.18311,0.14856,5-6 hours,"LKR 9,000 - 12,000"
1,0.04,0.10259,0.07679,4-5 hours,"LKR 7,000 - 9,000"
0,0.08,0.21968,0.14634,5-6 hours,"LKR 9,000 - 12,000"
1,0.04,0.06562,0.04767,4-5 hours,"LKR 7,000 - 9,000"
0,0.08,0.25524,0.08276,5-6 hours,"LKR 9,000 - 12,000"
0,0.03042,0.07842,0.04845,4-5 hours,"LKR 7,000 - 9,000"
2,0.1,0.16897,0.13443,5-6 hours,"LKR 9,000 - 12,000"
0,0.07463,0.11719,0.08714,5-6 hours,"LKR 9,000 - 12,000"
0,0.08,0.13057,0.18332,5-6 hours,"LKR 9,000 - 12,000"
0,0.08,0.14795,0.18091,5-6 hours,"LKR 9,000 - 12,000"
2,0.1,0.29437,0.16126,5-6 hours,"LKR 9,000 - 12,000"
2,0.08544,0.23451,0.20772,5-6 hours,"LKR 9,000 - 12,000"
2,0.1,0.20883,0.23864,5-6 hours,"LKR 9,000 - 12,000"
1,0.04,0.10223,0.08356,4-5 hours,"LKR 7,000 - 9,000"
1,0.04,0.13884,0.04277,4-5 hours,"LKR 7,000 - 9,000"
0,0.08,0.22619,0.18377,6-7 hours,"LKR 12,000 - 15,000"
1,0.04,0.13184,0.0547,4-5 hours,"LKR 7,000 - 9,000"
0,0.08,0.12755,0.1046,5-6 hours,"LKR 9,000 - 12,000"
1,0.04,0.07837,0.04528,4-5 hours,"LKR 7,000 - 9,000"
0,0.08,0.21179,0.19279,5-6 hours,"LKR 9,000 - 12,000"
2,0.1,0.3325,0.21015,6-7 hours,"LKR 12,000 - 15,000"
2,0.1,0.25765,0.13823,5-6 hours,"LKR 9,000 - 12,000"
2,0.1,0.24991,0.15457,5-6 hours,"LKR 9,000 - 12,000"
0,0.06013,0.16394,0.14981,5-6 hours,"LKR 9,000 - 12,000"
1,0.04,0.06651,0.07803,4-5 hours,"LKR 7,000 - 9,000"
1,0.04,0.09991,0.04376,5-6 hours,"LKR 9,000 - 12,000"
1,0.04,0.08405,0.0549,4-5 hours,"LKR 7,000 - 9,000"
1,0.04,0.08301,0.09856,4-5 hours,"LKR 7,000 - 9,000"
1,0.04,0.06397,0.09255,4-5 hours,"LKR 7,000 - 9,000"
0,0.08,0.25024,0.11955,5-6 hours,"LKR 9,000 - 12,000"
0,0.05776,0.13429,0.06645,5-6 hours,"LKR 9,000 - 12,000"
2,0.1,0.18361,0.18585,5-6 hours,"LKR 9,000 - 12,000"
1,0.04,0.08069,0.09822,4-5 hours,"LKR 7,000 - 9,000"
2,0.1,0.20679,0.24274,5-6 hours,"LKR 9,000 - 12,000"
0,0.07442,0.2116,0.16872,5-6 hours,"LKR 9,000 - 12,000"
1,0.04,0.07087,0.09269,4-5 hours,"LKR 7,000 - 9,000"
1,0.04,0.10563,0.07319,4-5 hours,"LKR 7,000 - 9,000"
1,0.04,0.10144,0.09325,4-5 hours,"LKR 7,000 - 9,000"
1,0.04,0.06972,0.08981,4-5 hours,"LKR 7,000 - 9,000"
0,0.08,0.1831,0.16118,5-6 hours,"LKR 9,000 - 12,000"
1,0.04,0.12324,0.07504,4-5 hours,"LKR 7,000 - 9,000"
0,0.08,0.19931,0.10348,5-6 hours,"LKR 9,000 - 12,000"
2,0.1,0.24482,0.11286,5-6 hours,"LKR 9,000 - 12,000"
0,0.08,0.18215,0.15554,5-6 hours,"LKR 9,000 - 12,000"
2,0.1,0.26707,0.12162,5-6 hours,"LKR 9,000 - 12,000"
0,0.08,0.14106,0.11994,5-6 hours,"LKR 9,000 - 12,000"
0,0.08,0.24073,0.16364,5-6 hours,"LKR 9,000 - 12,000"
1,0.04,0.1008,0.04231,4-5 hours,"LKR 7,000 - 9,000"
2,0.1,0.33365,0.13276,5-6 hours,"LKR 9,000 - 12,000"
1,0.04,0.06314,0.06442,4-5 hours,"LKR 7,000 - 9,000"
0,0.08,0.27513,0.08054,5-6 hours,"LKR 9,000 - 12,000"
0,0.08,0.1425,0.17471,5-6 hours,"LKR 9,000 - 12,000"
1,0.02765,0.0772,0.0431,3-4 hours,"LKR 5,000 - 7,000"
1,0.04,0.13987,0.08148,4-5 hours,"LKR 7,000 - 9,000"
0,0.08,0.17191,0.15954,5-6 hours,"LKR 9,000 - 12,000"
0,0.08,0.12916,0.16658,5-6 hours,"LKR 9,000 - 12,000"
0,0.0313,0.09187,0.04428,5-6 hours,"LKR 9,000 - 12,000"
0,0.08,0.16406,0.1018,5-6 hours,"LKR 9,000 - 12,000"
0,0.08,0.21844,0.08743,5-6 hours,"LKR 9,000 - 12,000"
0,0.08,0.14644,0.09346,5-6 hours,"LKR 9,000 - 12,000"
0,0.08,0.15976,0.15178,5-6 hours,"LKR 9,000 - 12,000"
1,0.04,0.13803,0.09564,4-5 hours,"LKR 7,000 - 9,000"
0,0.08,0.21817,0.14233,5-6 hours,"LKR 9,000 - 12,000"
0,0.03676,0.06051,0.05661,4-5 hours,"LKR 7,000 - 9,000"
0,0.08,0.17637,0.11836,5-6 hours,"LKR 9,000 - 12,000"
0,0.02678,0.07962,0.03836,4-5 hours,"LKR 7,000 - 9,000"
1,0.04,0.10609,0.04454,4-5 hours,"LKR 7,000 - 9,000"
0,0.08,0.21854,0.16883,5-6 hours,"LKR 9,000 - 12,000"
0,0.08,0.26505,0.13544,5-6 hours,"LKR 9,000 - 12,000"
1,0.04,0.07438,0.08422,4-5 hours,"LKR 7,000 - 9,000"
0,0.08,0.14247,0.1003,5-6 hours,"LKR 9,000 - 12,000"
0,0.08,0.26899,0.10574,5-6 hours,"LKR 9,000 - 12,000"
1,0.04,0.11421,0.07909,4-5 hours,"LKR 7,000 - 9,000"
1,0.04,0.07229,0.05344,4-5 hours,"LKR 7,000 - 9,000"
0,0.08,0.17781,0.1895,5-6 hours,"LKR 9,000 - 12,000"
0,0.08,0.15573,0.16371,5-6 hours,"LKR 9,000 - 12,000"
1,0.04,0.09892,0.04951,4-5 hours,"LKR 7,000 - 9,000"
0,0.08,0.17782,0.14869,5-6 hours,"LKR 9,000 - 12,000"
0,0.08,0.15536,0.11992,5-6 hours,"LKR 9,000 - 12,000"
1,0.04,0.12418,0.09607,4-5 hours,"LKR 7,000 - 9,000"
0,0.08,0.12783,0.16945,6-7 hours,"LKR 12,000 - 15,000"
2,0.1,0.21982,0.1045,5-6 hours,"LKR 9,000 - 12,000"
2,0.1,0.15173,0.13228,6-7 hours,"LKR 12,000 - 15,000"
0,0.08,0.12145,0.10873,5-6 hours,"LKR 9,000 - 12,000"
0,0.08,0.19676,0.15742,6-7 hours,"LKR 12,000 - 15,000"
0,0.08,0.12011,0.19509,5-6 hours,"LKR 9,000 - 12,000"
0,0.08,0.13675,0.08884,6-7 hours,"LKR 12,000 - 15,000"
0,0.08,0.13035,0.14651,5-6 hours,"LKR 9,000 - 12,000"
2,0.0429,0.08842,0.09722,5-6 hours,"LKR 9,000 - 12,000"
2,0.1,0.15388,0.19117,5-6 hours,"LKR 9,000 - 12,000"
1,0.04,0.06144,0.0882,4-5 hours,"LKR 7,000 - 9,000"
1,0.04,0.08033,0.08316,4-5 hours,"LKR 7,000 - 9,000"
1,0.04,0.11531,0.09543,4-5 hours,"LKR 7,000 - 9,000"
0,0.08,0.16332,0.11431,5-6 hours,"LKR 9,000 - 12,000"
0,0.08,0.25601,0.14359,5-6 hours,"LKR 9,000 - 12,000"
0,0.08,0.249,0.13627,6-7 hours,"LKR 12,000 - 15,000"
2,0.1,0.15072,0.11321,5-6 hours,"LKR 9,000 - 12,000"
1,0.04,0.09433,0.08271,4-5 hours,"LKR 7,000 - 9,000"
2,0.1,0.20625,0.15347,5-6 hours,"LKR 9,000 - 12,000"
1,0.04,0.12883,0.05974,4-5 hours,"LKR 7,000 - 9,000"
0,0.08,0.21862,0.08898,5-6 hours,"LKR 9,000 - 12,000"
0,0.02202,0.0496,0.02986,4-5 hours,"LKR 7,000 - 9,000"
0,0.08,0.21311,0.19598,5-6 hours,"LKR 9,000 - 12,000"
0,0.08,0.19888,0.10954,5-6 hours,"LKR 9,000 - 12,000"
0,0.08,0.17005,0.16758,5-6 hours,"LKR 9,000 - 12,000"
0,0.08,0.1419,0.14914,5-6 hours,"LKR 9,000 - 12,000"
0,0.07693,0.23739,0.1623,5-6 hours,"LKR 9,000 - 12,000"
0,0.08,0.14586,0.12091,5-6 hours,"LKR 9,000 - 12,000"
0,0.04102,0.06267,0.07104,4-5 hours,"LKR 7,000 - 9,000"
0,0.08,0.15953,0.14821,6-7 hours,"LKR 12,000 - 15,000"
0,0.08,0.1699,0.10869,5-6 hours,"LKR 9,000 - 12,000"
0,0.06487,0.12729,0.16149,6-7 hours,"LKR 12,000 - 15,000"
0,0.05083,0.16538,0.07434,5-6 hours,"LKR 9,000 - 12,000"
0,0.00483,0.01449,0.01,2-3 hours,"LKR 3,000 - 5,000"
0,0.08,0.23643,0.11178,5-6 hours,"LKR 9,000 - 12,000"
0,0.08,0.16554,0.10396,6-7 hours,"LKR 12,000 - 15,000"
0,0.08,0.27464,0.11656,5-6 hours,"LKR 9,000 - 12,000"
0,0.08,0.26573,0.1794,5-6 hours,"LKR 9,000 - 12,000"
2,0.1,0.22404,0.16631,5-6 hours,"LKR 9,000 - 12,000"
0,0.08,0.15831,0.18121,5-6 hours,"LKR 9,000 - 12,000"
2,0.1,0.2203,0.18994,5-6 hours,"LKR 9,000 - 12,000"
0,0.08,0.18459,0.19395,5-6 hours,"LKR 9,000 - 12,000"
0,0.08,0.18672,0.13426,5-6 hours,"LKR 9,000 - 12,000"
0,0.08,0.20234,0.12068,5-6 hours,"LKR 9,000 - 12,000"
0,0.08,0.26804,0.14375,5-6 hours,"LKR 9,000 - 12,000"
0,0.02525,0.0549,0.04473,4-5 hours,"LKR 7,000 - 9,000"
0,0.08,0.25851,0.10442,5-6 hours,"LKR 9,000 - 12,000"
1,0.04,0.07292,0.08451,4-5 hours,"LKR 7,000 - 9,000"
0,0.08,0.13514,0.09308,5-6 hours,"LKR 9,000 - 12,000"
1,0.04,0.09372,0.06376,5-6 hours,"LKR 9,000 - 12,000"
1,0.04,0.0832,0.06077,4-5 hours,"LKR 7,000 - 9,000"
1,0.04,0.12093,0.04977,4-5 hours,"LKR 7,000 - 9,000"
1,0.04,0.10807,0.08403,4-5 hours,"LKR 7,000 - 9,000"
0,0.08,0.13324,0.10166,5-6 hours,"LKR 9,000 - 12,000"
0,0.08,0.22271,0.0995,6-7 hours,"LKR 12,000 - 15,000"
0,0.08,0.26842,0.16266,5-6 hours,"LKR 9,000 - 12,000"
0,0.08,0.18402,0.18935,6-7 hours,"LKR 12,000 - 15,000"
1,0.04,0.12376,0.04921,4-5 hours,"LKR 7,000 - 9,000"
1,0.04,0.0971,0.04654,4-5 hours,"LKR 7,000 - 9,000"
1,0.04,0.13373,0.06978,4-5 hours,"LKR 7,000 - 9,000"
0,0.08,0.22716,0.09945,6-7 hours,"LKR 12,000 - 15,000"
0,0.08,0.18968,0.09893,5-6 hours,"LKR 9,000 - 12,000"
2,0.1,0.17601,0.24847,5-6 hours,"LKR 9,000 - 12,000"
1,0.03055,0.06931,0.0397,4-5 hours,"LKR 7,000 - 9,000"
1,0.04,0.10923,0.05118,4-5 hours,"LKR 7,000 - 9,000"
1,0.04,0.11726,0.09925,4-5 hours,"LKR 7,000 - 9,000"
1,0.04,0.09106,0.08219,4-5 hours,"LKR 7,000 - 9,000"
0,0.08,0.2577,0.14457,5-6 hours,"LKR 9,000 - 12,000"
1,0.04,0.09527,0.08858,4-5 hours,"LKR 7,000 - 9,000"
0,0.0692,0.14249,0.16461,5-6 hours,"LKR 9,000 - 12,000"
0,0.0282,0.08009,0.06399,4-5 hours,"LKR 7,000 - 9,000"
0,0.08,0.13776,0.10875,5-6 hours,"LKR 9,000 - 12,000"
2,0.1,0.2658,0.13305,5-6 hours,"LKR 9,000 - 12,000"
0,0.08,0.18398,0.19829,5-6 hours,"LKR 9,000 - 12,000"
1,0.04,0.09487,0.07186,4-5 hours,"LKR 7,000 - 9,000"
0,0.08,0.24896,0.13065,5-6 hours,"LKR 9,000 - 12,000"
1,0.04,0.1282,0.09911,4-5 hours,"LKR 7,000 - 9,000"
0,0.08,0.21475,0.09274,6-7 hours,"LKR 12,000 - 15,000"
0,0.08,0.27515,0.18794,5-6 hours,"LKR 9,000 - 12,000"
1,0.04,0.11821,0.0578,4-5 hours,"LKR 7,000 - 9,000"
0,0.08,0.12245,0.19374,5-6 hours,"LKR 9,000 - 12,000"
0,0.08,0.16116,0.18482,5-6 hours,"LKR 9,000 - 12,000"
1,0.04,0.08545,0.05494,4-5 hours,"LKR 7,000 - 9,000"
0,0.08,0.27938,0.15843,5-6 hours,"LKR 9,000 - 12,000"
0,0.05951,0.17833,0.07854,5-6 hours,"LKR 9,000 - 12,000"
0,0.08,0.20004,0.14518,5-6 hours,"LKR 9,000 - 12,000"
0,0.06832,0.18165,0.09105,5-6 hours,"LKR 9,000 - 12,000"
0,0.07533,0.17122,0.15096,5-6 hours,"LKR 9,000 - 12,000"
1,0.04,0.07731,0.05101,4-5 hours,"LKR 7,000 - 9,000"
0,0.08,0.17358,0.12152,5-6 hours,"LKR 9,000 - 12,000"
0,0.08,0.21605,0.16686,5-6 hours,"LKR 9,000 - 12,000"
0,0.08,0.17191,0.16055,6-7 hours,"LKR 12,000 - 15,000"
1,0.01715,0.04673,0.03369,3-4 hours,"LKR 5,000 - 7,000"
0,0.08,0.1744,0.16564,5-6 hours,"LKR 9,000 - 12,000"
1,0.04,0.0809,0.07281,4-5 hours,"LKR 7,000 - 9,000"
0,0.08,0.16133,0.19826,5-6 hours,"LKR 9,000 - 12,000"
1,0.04,0.13095,0.08142,4-5 hours,"LKR 7,000 - 9,000"
0,0.08,0.18048,0.13184,5-6 hours,"LKR 9,000 - 12,000"
0,0.08,0.18158,0.15982,5-6 hours,"LKR 9,000 - 12,000"
0,0.08,0.16193,0.17197,5-6 hours,"LKR 9,000 - 12,000"
2,0.1,0.21477,0.1295,5-6 hours,"LKR 9,000 - 12,000"
1,0.04,0.13079,0.09158,5-6 hours,"LKR 9,000 - 12,000"
2,0.1,0.22837,0.10049,5-6 hours,"LKR 9,000 - 12,000"
2,0.1,0.17889,0.19472,5-6 hours,"LKR 9,000 - 12,000"
0,0.08,0.14445,0.10339,5-6 hours,"LKR 9,000 - 12,000"
1,0.04,0.10509,0.0767,4-5 hours,"LKR 7,000 - 9,000"
0,0.08,0.17699,0.19086,5-6 hours,"LKR 9,000 - 12,000"
0,0.08,0.12206,0.15531,6-7 hours,"LKR 12,000 - 15,000"
1,0.04,0.06135,0.05221,4-5 hours,"LKR 7,000 - 9,000"
1,0.02485,0.0721,0.05361,3-4 hours,"LKR 5,000 - 7,000"
0,0.08,0.14061,0.18032,5-6 hours,"LKR 9,000 - 12,000"
1,0.04,0.0762,0.04743,4-5 hours,"LKR 7,000 - 9,000"
1,0.04,0.08221,0.05116,4-5 hours,"LKR 7,000 - 9,000"
1,0.04,0.12579,0.05316,4-5 hours,"LKR 7,000 - 9,000"
1,0.04,0.06327,0.09378,4-5 hours,"LKR 7,000 - 9,000"
1,0.03216,0.09542,0.07217,4-5 hours,"LKR 7,000 - 9,000"
1,0.04,0.11246,0.093,5-6 hours,"LKR 9,000 - 12,000"
1,0.04,0.10794,0.04878,4-5 hours,"LKR 7,000 - 9,000"
0,0.08,0.12014,0.11309,5-6 hours,"LKR 9,000 - 12,000"
1,0.04,0.06998,0.06871,4-5 hours,"LKR 7,000 - 9,000"
2,0.1,0.18225,0.20238,5-6 hours,"LKR 9,000 - 12,000"
1,0.04,0.07031,0.0407,4-5 hours,"LKR 7,000 - 9,000"
2,0.1,0.183,0.13586,5-6 hours,"LKR 9,000 - 12,000"
1,0.04,0.13588,0.07642,4-5 hours,"LKR 7,000 - 9,000"
1,0.04,0.09252,0.05766,4-5 hours,"LKR 7,000 - 9,000"
0,0.08,0.16758,0.19369,5-6 hours,"LKR 9,000 - 12,000"
1,0.04,0.07473,0.06601,4-5 hours,"LKR 7,000 - 9,000"
1,0.04,0.07014,0.05762,4-5 hours,"LKR 7,000 - 9,000"
1,0.04,0.13451,0.07416,4-5 hours,"LKR 7,000 - 9,000"
2,0.1,0.30853,0.17554,5-6 hours,"LKR 9,000 - 12,000"
1,0.04,0.10662,0.06557,5-6 hours,"LKR 9,000 - 12,000"
0,0.08,0.16581,0.13899,5-6 hours,"LKR 9,000 - 12,000"
2,0.1,0.32353,0.11309,5-6 hours,"LKR 9,000 - 12,000"
0,0.02611,0.07619,0.04003,4-5 hours,"LKR 7,000 - 9,000"
2,0.1,0.29643,0.19859,5-6 hours,"LKR 9,000 - 12,000"
1,0.04,0.08755,0.08849,4-5 hours,"LKR 7,000 - 9,000"
0,0.06361,0.14982,0.09602,5-6 hours,"LKR 9,000 - 12,000"
2,0.1,0.28954,0.1528,5-6 hours,"LKR 9,000 - 12,000"
1,0.04,0.07667,0.06245,4-5 hours,"LKR 7,000 - 9,000"
0,0.08,0.21825,0.10403,5-6 hours,"LKR 9,000 - 12,000"
1,0.04,0.1156,0.07727,4-5 hours,"LKR 7,000 - 9,000"
0,0.07736,0.20303,0.18617,5-6 hours,"LKR 9,000 - 12,000"
0,0.08,0.12613,0.1572,5-6 hours,"LKR 9,000 - 12,000"
1,0.04,0.06276,0.07486,4-5 hours,"LKR 7,000 - 9,000"
1,0.04,0.13915,0.04899,4-5 hours,"LKR 7,000 - 9,000"
0,0.08,0.16656,0.14908,6-7 hours,"LKR 12,000 - 15,000"
0,0.03482,0.09443,0.06125,4-5 hours,"LKR 7,000 - 9,000"
0,0.07562,0.2373,0.13666,5-6 hours,"LKR 9,000 - 12,000"
2,0.0405,0.06464,0.08349,5-6 hours,"LKR 9,000 - 12,000"
1,0.04,0.12846,0.07172,4-5 hours,"LKR 7,000 - 9,000"
1,0.04,0.1168,0.07329,4-5 hours,"LKR 7,000 - 9,000"
1,0.04,0.07339,0.05657,4-5 hours,"LKR 7,000 - 9,000"
0,0.08,0.25912,0.08452,5-6 hours,"LKR 9,000 - 12,000"
2,0.1,0.2005,0.21784,5-6 hours,"LKR 9,000 - 12,000"
0,0.08,0.22632,0.12119,5-6 hours,"LKR 9,000 - 12,000"
0,0.08,0.21043,0.14766,6-7 hours,"LKR 12,000 - 15,000"
1,0.04,0.10857,0.07385,4-5 hours,"LKR 7,000 - 9,000"
1,0.04,0.13983,0.08136,4-5 hours,"LKR 7,000 - 9,000"
0,0.08,0.24646,0.19652,5-6 hours,"LKR 9,000 - 12,000"
0,0.08,0.16896,0.1587,5-6 hours,"LKR 9,000 - 12,000"
1,0.04,0.1073,0.08421,4-5 hours,"LKR 7,000 - 9,000"
2,0.09968,0.29957,0.23662,5-6 hours,"LKR 9,000 - 12,000"
0,0.08,0.26737,0.14153,5-6 hours,"LKR 9,000 - 12,000"
0,0.07809,0.22785,0.13395,5-6 hours,"LKR 9,000 - 12,000"
1,0.04,0.08402,0.09665,4-5 hours,"LKR 7,000 - 9,000"
0,0.03116,0.05866,0.05258,4-5 hours,"LKR 7,000 - 9,000"
2,0.1,0.33419,0.10007,5-6 hours,"LKR 9,000 - 12,000"
0,0.08,0.24229,0.11472,5-6 hours,"LKR 9,000 - 12,000"
1,0.04,0.07916,0.07096,4-5 hours,"LKR 7,000 - 9,000"
1,0.04,0.07457,0.06353,4-5 hours,"LKR 7,000 - 9,000"
0,0.0731,0.21436,0.10891,5-6 hours,"LKR 9,000 - 12,000"
0,0.08,0.21774,0.17676,5-6 hours,"LKR 9,000 - 12,000"
1,0.04,0.06661,0.04133,4-5 hours,"LKR 7,000 - 9,000"
0,0.08,0.21793,0.12442,6-7 hours,"LKR 12,000 - 15,000"
2,0.1,0.2386,0.21327,5-6 hours,"LKR 9,000 - 12,000"
0,0.08,0.26707,0.12238,5-6 hours,"LKR 9,000 - 12,000"
1,0.04,0.06846,0.09396,4-5 hours,"LKR 7,000 - 9,000"
1,0.03061,0.09623,0.06223,4-5 hours,"LKR 7,000 - 9,000"
0,0.08,0.23781,0.10176,5-6 hours,"LKR 9,000 - 12,000"
0,0.08,0.17943,0.09267,5-6 hours,"LKR 9,000 - 12,000"
1,0.04,0.13511,0.05073,4-5 hours,"LKR 7,000 - 9,000"
1,0.04,0.08071,0.08825,4-5 hours,"LKR 7,000 - 9,000"
0,0.08,0.1376,0.08211,5-6 hours,"LKR 9,000 - 12,000"
0,0.08,0.21774,0.15556,5-6 hours,"LKR 9,000 - 12,000"
0,0.08,0.17677,0.12551,5-6 hours,"LKR 9,000 - 12,000"
0,0.08,0.23557,0.19091,6-7 hours,"LKR 12,000 - 15,000"
0,0.08,0.21169,0.16407,5-6 hours,"LKR 9,000 - 12,000"
1,0.04,0.12138,0.07491,5-6 hours,"LKR 9,000 - 12,000"
0,0.08,0.23603,0.16538,5-6 hours,"LKR 9,000 - 12,000"
1,0.04,0.06832,0.09085,4-5 hours,"LKR 7,000 - 9,000"
0,0.07503,0.25177,0.08256,5-6 hours,"LKR 9,000 - 12,000"
2,0.1,0.21552,0.21528,5-6 hours,"LKR 9,000 - 12,000"
0,0.08,0.15391,0.12722,5-6 hours,"LKR 9,000 - 12,000"
0,0.0354,0.11891,0.0483,4-5 hours,"LKR 7,000 - 9,000"
1,0.04,0.10336,0.08006,4-5 hours,"LKR 7,000 - 9,000"
1,0.04,0.0621,0.08736,4-5 hours,"LKR 7,000 - 9,000"
1,0.04,0.11468,0.06476,4-5 hours,"LKR 7,000 - 9,000"
2,0.1,0.33699,0.10597,5-6 hours,"LKR 9,000 - 12,000"
1,0.04,0.09262,0.07162,4-5 hours,"LKR 7,000 - 9,000"
1,0.04,0.09212,0.08543,4-5 hours,"LKR 7,000 - 9,000"
1,0.04,0.11027,0.0514,4-5 hours,"LKR 7,000 - 9,000"
0,0.08,0.16908,0.16377,5-6 hours,"LKR 9,000 - 12,000"
0,0.08,0.20077,0.17002,5-6 hours,"LKR 9,000 - 12,000"
2,0.08548,0.19973,0.16602,5-6 hours,"LKR 9,000 - 12,000"
1,0.04,0.10308,0.04256,4-5 hours,"LKR 7,000 - 9,000"
0,0.08,0.1703,0.09766,5-6 hours,"LKR 9,000 - 12,000"
0,0.08,0.2207,0.11287,5-6 hours,"LKR 9,000 - 12,000"
0,0.02631,0.05392,0.06262,4-5 hours,"LKR 7,000 - 9,000"
2,0.1,0.16124,0.14017,5-6 hours,"LKR 9,000 - 12,000"
0,0.03358,0.11175,0.05957,4-5 hours,"LKR 7,000 - 9,000"
0,0.08,0.12271,0.16438,5-6 hours,"LKR 9,000 - 12,000"
1,0.04,0.11552,0.07136,4-5 hours,"LKR 7,000 - 9,000"
0,0.03064,0.07007,0.03656,5-6 hours,"LKR 9,000 - 12,000"
1,0.04,0.11534,0.04644,4-5 hours,"LKR 7,000 - 9,000"
0,0.08,0.15484,0.15155,5-6 hours,"LKR 9,000 - 12,000"
1,0.04,0.07414,0.04222,4-5 hours,"LKR 7,000 - 9,000"
0,0.08,0.1589,0.14866,5-6 hours,"LKR 9,000 - 12,000"
1,0.04,0.10262,0.09035,4-5 hours,"LKR 7,000 - 9,000"
0,0.08,0.16667,0.19973,5-6 hours,"LKR 9,000 - 12,000"
0,0.04269,0.12096,0.05638,4-5 hours,"LKR 7,000 - 9,000"
1,0.04,0.0975,0.04851,4-5 hours,"LKR 7,000 - 9,000"
1,0.04,0.1098,0.05357,4-5 hours,"LKR 7,000 - 9,000"
1,0.03578,0.09623,0.04154,4-5 hours,"LKR 7,000 - 9,000"
0,0.08,0.23967,0.11878,5-6 hours,"LKR 9,000 - 12,000"
1,0.04,0.11347,0.0495,4-5 hours,"LKR 7,000 - 9,000"
0,0.08,0.16387,0.18564,5-6 hours,"LKR 9,000 - 12,000"
2,0.1,0.23964,0.20217,5-6 hours,"LKR 9,000 - 12,000"
0,0.08,0.18733,0.16525,5-6 hours,"LKR 9,000 - 12,000"
0,0.05652,0.17239,0.09697,5-6 hours,"LKR 9,000 - 12,000"
0,0.06754,0.11297,0.15745,5-6 hours,"LKR 9,000 - 12,000"
2,0.1,0.16649,0.2421,6-7 hours,"LKR 12,000 - 15,000"
0,0.08,0.27915,0.17578,5-6 hours,"LKR 9,000 - 12,000"
2,0.1,0.32294,0.23318,5-6 hours,"LKR 9,000 - 12,000"
1,0.04,0.12956,0.04396,4-5 hours,"LKR 7,000 - 9,000"
0,0.08,0.20461,0.16405,5-6 hours,"LKR 9,000 - 12,000"
0,0.08,0.16751,0.14728,5-6 hours,"LKR 9,000 - 12,000"
0,0.08,0.17031,0.12294,5-6 hours,"LKR 9,000 - 12,000"
0,0.08,0.21346,0.08605,5-6 hours,"LKR 9,000 - 12,000"
0,0.08,0.19638,0.12849,5-6 hours,"LKR 9,000 - 12,000"
1,0.04,0.06113,0.04133,4-5 hours,"LKR 7,000 - 9,000"
1,0.04,0.13589,0.05877,5-6 hours,"LKR 9,000 - 12,000"
1,0.04,0.13762,0.07936,4-5 hours,"LKR 7,000 - 9,000"
0,0.08,0.1533,0.14867,5-6 hours,"LKR 9,000 - 12,000"
1,0.04,0.10452,0.09313,5-6 hours,"LKR 9,000 - 12,000"
0,0.08,0.16447,0.10813,5-6 hours,"LKR 9,000 - 12,000"
0,0.08,0.1733,0.16352,5-6 hours,"LKR 9,000 - 12,000"
0,0.08,0.14049,0.16476,5-6 hours,"LKR 9,000 - 12,000"
1,0.04,0.12921,0.08933,4-5 hours,"LKR 7,000 - 9,000"
0,0.08,0.15533,0.18085,5-6 hours,"LKR 9,000 - 12,000"
1,0.04,0.13416,0.06506,5-6 hours,"LKR 9,000 - 12,000"
0,0.08,0.19491,0.18539,6-7 hours,"LKR 12,000 - 15,000"
0,0.08,0.20378,0.18144,5-6 hours,"LKR 9,000 - 12,000"
1,0.04,0.11283,0.09962,5-6 hours,"LKR 9,000 - 12,000"
2,0.1,0.26334,0.22509,5-6 hours,"LKR 9,000 - 12,000"
0,0.08,0.26422,0.13785,5-6 hours,"LKR 9,000 - 12,000"
2,0.1,0.288,0.18587,5-6 hours,"LKR 9,000 - 12,000"
1,0.04,0.09838,0.08043,4-5 hours,"LKR 7,000 - 9,000"
2,0.1,0.28599,0.17673,5-6 hours,"LKR 9,000 - 12,000"
0,0.06073,0.11556,0.06995,5-6 hours,"LKR 9,000 - 12,000"
0,0.06558,0.12854,0.14489,5-6 hours,"LKR 9,000 - 12,000"
0,0.08,0.25543,0.10058,5-6 hours,"LKR 9,000 - 12,000"
2,0.1,0.23548,0.18855,5-6 hours,"LKR 9,000 - 12,000"
0,0.08,0.19879,0.13007,5-6 hours,"LKR 9,000 - 12,000"
2,0.08947,0.14101,0.14772,6-7 hours,"LKR 12,000 - 15,000"
0,0.08,0.24128,0.11928,5-6 hours,"LKR 9,000 - 12,000"
0,0.08,0.24607,0.1402,5-6 hours,"LKR 9,000 - 12,000"
0,0.08,0.26271,0.18809,5-6 hours,"LKR 9,000 - 12,000"
1,0.04,0.12534,0.05138,4-5 hours,"LKR 7,000 - 9,000"
0,0.08,0.21543,0.18837,5-6 hours,"LKR 9,000 - 12,000"
0,0.08,0.22318,0.12809,5-6 hours,"LKR 9,000 - 12,000"
0,0.08,0.2189,0.13929,5-6 hours,"LKR 9,000 - 12,000"
0,0.08,0.21792,0.11599,5-6 hours,"LKR 9,000 - 12,000"
0,0.08,0.12835,0.14762,5-6 hours,"LKR 9,000 - 12,000"
0,0.08,0.14416,0.08655,5-6 hours,"LKR 9,000 - 12,000"
0,0.08,0.21524,0.09853,5-6 hours,"LKR 9,000 - 12,000"
0,0.08,0.22178,0.12079,5-6 hours,"LKR 9,000 - 12,000"
2,0.1,0.28273,0.22064,5-6 hours,"LKR 9,000 - 12,000"
0,0.08,0.19973,0.19993,5-6 hours,"LKR 9,000 - 12,000"
1,0.04,0.10573,0.06701,4-5 hours,"LKR 7,000 - 9,000"
0,0.08,0.12639,0.16664,5-6 hours,"LKR 9,000 - 12,000"
0,0.08,0.24614,0.15495,5-6 hours,"LKR 9,000 - 12,000"
0,0.08,0.19392,0.11879,5-6 hours,"LKR 9,000 - 12,000"
1,0.04,0.08284,0.09339,4-5 hours,"LKR 7,000 - 9,000"
0,0.08,0.25942,0.16739,5-6 hours,"LKR 9,000 - 12,000"
2,0.1,0.27564,0.16312,5-6 hours,"LKR 9,000 - 12,000"
0,0.08,0.19274,0.1178,5-6 hours,"LKR 9,000 - 12,000"
2,0.1,0.2545,0.13853,5-6 hours,"LKR 9,000 - 12,000"
0,0.08,0.21783,0.17205,5-6 hours,"LKR 9,000 - 12,000"
1,0.04,0.13131,0.09629,4-5 hours,"LKR 7,000 - 9,000"
1,0.04,0.06834,0.05478,4-5 hours,"LKR 7,000 - 9,000"
2,0.06418,0.15951,0.12038,5-6 hours,"LKR 9,000 - 12,000"
1,0.04,0.07729,0.08016,4-5 hours,"LKR 7,000 - 9,000"
1,0.04,0.12482,0.09272,5-6 hours,"LKR 9,000 - 12,000"
0,0.08,0.17805,0.15235,5-6 hours,"LKR 9,000 - 12,000"
0,0.08,0.2292,0.11472,6-7 hours,"LKR 12,000 - 15,000"
0,0.08,0.15193,0.1721,5-6 hours,"LKR 9,000 - 12,000"
0,0.03496,0.10148,0.08144,4-5 hours,"LKR 7,000 - 9,000"
2,0.08026,0.15538,0.14136,5-6 hours,"LKR 9,000 - 12,000"
2,0.1,0.19418,0.21456,5-6 hours,"LKR 9,000 - 12,000"
0,0.08,0.12811,0.13906,5-6 hours,"LKR 9,000 - 12,000"
1,0.04,0.11455,0.07809,4-5 hours,"LKR 7,000 - 9,000"
1,0.04,0.06566,0.08996,4-5 hours,"LKR 7,000 - 9,000"
2,0.1,0.15554,0.15768,5-6 hours,"LKR 9,000 - 12,000"
1,0.04,0.10487,0.07888,4-5 hours,"LKR 7,000 - 9,000"
1,0.04,0.12242,0.08999,4-5 hours,"LKR 7,000 - 9,000"
0,0.08,0.12638,0.11109,5-6 hours,"LKR 9,000 - 12,000"
1,0.04,0.06511,0.0433,4-5 hours,"LKR 7,000 - 9,000"
0,0.08,0.27903,0.19246,5-6 hours,"LKR 9,000 - 12,000"
0,0.08,0.2369,0.14479,5-6 hours,"LKR 9,000 - 12,000"
2,0.1,0.31588,0.11672,5-6 hours,"LKR 9,000 - 12,000"
0,0.08,0.1686,0.11923,5-6 hours,"LKR 9,000 - 12,000"
0,0.08,0.26973,0.11929,5-6 hours,"LKR 9,000 - 12,000"
2,0.1,0.21271,0.13898,5-6 hours,"LKR 9,000 - 12,000"
2,0.1,0.2521,0.15772,5-6 hours,"LKR 9,000 - 12,000"
0,0.08,0.17552,0.14289,6-7 hours,"LKR 12,000 - 15,000"
0,0.08,0.27742,0.15137,5-6 hours,"LKR 9,000 - 12,000"
1,0.04,0.13428,0.05114,4-5 hours,"LKR 7,000 - 9,000"
0,0.08,0.19082,0.1338,5-6 hours,"LKR 9,000 - 12,000"
1,0.04,0.10373,0.09332,4-5 hours,"LKR 7,000 - 9,000"
0,0.08,0.22188,0.12454,5-6 hours,"LKR 9,000 - 12,000"
1,0.02809,0.08238,0.05043,3-4 hours,"LKR 5,000 - 7,000"
1,0.04,0.10879,0.04087,4-5 hours,"LKR 7,000 - 9,000"
1,0.04,0.13144,0.09048,4-5 hours,"LKR 7,000 - 9,000"
1,0.02159,0.04005,0.0477,3-4 hours,"LKR 5,000 - 7,000"
0,0.08,0.17988,0.11661,5-6 hours,"LKR 9,000 - 12,000"
1,0.04,0.12446,0.06737,4-5 hours,"LKR 7,000 - 9,000"
1,0.04,0.10932,0.08302,4-5 hours,"LKR 7,000 - 9,000"
2,0.1,0.21909,0.20581,6-7 hours,"LKR 12,000 - 15,000"
0,0.08,0.17682,0.12556,5-6 hours,"LKR 9,000 - 12,000"
1,0.04,0.13065,0.06541,4-5 hours,"LKR 7,000 - 9,000"
0,0.08,0.25817,0.15316,5-6 hours,"LKR 9,000 - 12,000"
2,0.1,0.2402,0.23062,5-6 hours,"LKR 9,000 - 12,000"
1,0.04,0.08239,0.04265,4-5 hours,"LKR 7,000 - 9,000"
0,0.08,0.20199,0.15153,5-6 hours,"LKR 9,000 - 12,000"
0,0.04581,0.12671,0.07772,4-5 hours,"LKR 7,000 - 9,000"
1,0.04,0.08584,0.08752,4-5 hours,"LKR 7,000 - 9,000"
1,0.04,0.06834,0.06424,4-5 hours,"LKR 7,000 - 9,000"
1,0.04,0.12754,0.06605,4-5 hours,"LKR 7,000 - 9,000"
1,0.04,0.10302,0.09061,4-5 hours,"LKR 7,000 - 9,000"
1,0.04,0.06995,0.0722,4-5 hours,"LKR 7,000 - 9,000"
0,0.08,0.26948,0.12419,6-7 hours,"LKR 12,000 - 15,000"
1,0.04,0.06511,0.0418,4-5 hours,"LKR 7,000 - 9,000"
0,0.08,0.12596,0.1677,5-6 hours,"LKR 9,000 - 12,000"
1,0.04,0.13405,0.0766,4-5 hours,"LKR 7,000 - 9,000"
2,0.1,0.19887,0.13372,5-6 hours,"LKR 9,000 - 12,000"
1,0.03524,0.09136,0.04342,4-5 hours,"LKR 7,000 - 9,000"
1,0.04,0.10035,0.06962,4-5 hours,"LKR 7,000 - 9,000"
1,0.04,0.11326,0.06736,4-5 hours,"LKR 7,000 - 9,000"
0,0.08,0.19022,0.15879,5-6 hours,"LKR 9,000 - 12,000"
0,0.08,0.16501,0.13371,5-6 hours,"LKR 9,000 - 12,000"
1,0.0281,0.06948,0.06376,3-4 hours,"LKR 5,000 - 7,000"
1,0.04,0.11662,0.09345,4-5 hours,"LKR 7,000 - 9,000"
0,0.08,0.20513,0.1324,5-6 hours,"LKR 9,000 - 12,000"
0,0.08,0.13277,0.17012,5-6 hours,"LKR 9,000 - 12,000"
2,0.1,0.28108,0.20645,5-6 hours,"LKR 9,000 - 12,000"
1,0.04,0.10982,0.08367,4-5 hours,"LKR 7,000 - 9,000"
2,0.1,0.34683,0.11551,5-6 hours,"LKR 9,000 - 12,000"
1,0.04,0.06222,0.09475,4-5 hours,"LKR 7,000 - 9,000"
2,0.09854,0.1637,0.13906,5-6 hours,"LKR 9,000 - 12,000"
2,0.1,0.2578,0.23818,5-6 hours,"LKR 9,000 - 12,000"
1,0.04,0.09522,0.07896,4-5 hours,"LKR 7,000 - 9,000"
0,0.08,0.17827,0.11433,5-6 hours,"LKR 9,000 - 12,000"
0,0.04402,0.10048,0.06299,4-5 hours,"LKR 7,000 - 9,000"
0,0.08,0.12205,0.12871,5-6 hours,"LKR 9,000 - 12,000"
0,0.08,0.23196,0.09979,5-6 hours,"LKR 9,000 - 12,000"
0,0.08,0.1368,0.1168,5-6 hours,"LKR 9,000 - 12,000"
1,0.04,0.12439,0.08991,4-5 hours,"LKR 7,000 - 9,000"
0,0.08,0.1736,0.16754,5-6 hours,"LKR 9,000 - 12,000"
1,0.04,0.07978,0.05318,4-5 hours,"LKR 7,000 - 9,000"
0,0.08,0.2065,0.10857,5-6 hours,"LKR 9,000 - 12,000"
1,0.04,0.12074,0.07376,4-5 hours,"LKR 7,000 - 9,000"
1,0.04,0.06227,0.05485,4-5 hours,"LKR 7,000 - 9,000"
2,0.1,0.17475,0.24225,5-6 hours,"LKR 9,000 - 12,000"
0,0.08,0.19177,0.16324,5-6 hours,"LKR 9,000 - 12,000"
0,0.08,0.2427,0.13,5-6 hours,"LKR 9,000 - 12,000"
1,0.04,0.10479,0.09893,4-5 hours,"LKR 7,000 - 9,000"
1,0.04,0.08483,0.05383,4-5 hours,"LKR 7,000 - 9,000"
0,0.08,0.27931,0.10114,6-7 hours,"LKR 12,000 - 15,000"
2,0.03287,0.09103,0.06326,6-7 hours,"LKR 12,000 - 15,000"
2,0.09353,0.21197,0.17237,5-6 hours,"LKR 9,000 - 12,000"
1,0.03827,0.12714,0.04571,4-5 hours,"LKR 7,000 - 9,000"
0,0.08,0.22711,0.0924,5-6 hours,"LKR 9,000 - 12,000"
2,0.1,0.17093,0.17846,5-6 hours,"LKR 9,000 - 12,000"
1,0.04,0.11336,0.04887,4-5 hours,"LKR 7,000 - 9,000"
1,0.04,0.10362,0.08066,4-5 hours,"LKR 7,000 - 9,000"
2,0.1,0.33391,0.2114,5-6 hours,"LKR 9,000 - 12,000"
0,0.08,0.15436,0.13114,5-6 hours,"LKR 9,000 - 12,000"
1,0.04,0.11304,0.0762,4-5 hours,"LKR 7,000 - 9,000"
2,0.1,0.32914,0.10146,5-6 hours,"LKR 9,000 - 12,000"
0,0.08,0.26999,0.16063,5-6 hours,"LKR 9,000 - 12,000"
2,0.1,0.27461,0.23478,5-6 hours,"LKR 9,000 - 12,000"
0,0.08,0.24158,0.11858,5-6 hours,"LKR 9,000 - 12,000"
1,0.01534,0.05012,0.02346,4-5 hours,"LKR 7,000 - 9,000"
2,0.1,0.29163,0.21824,5-6 hours,"LKR 9,000 - 12,000"
1,0.03149,0.06009,0.0783,4-5 hours,"LKR 7,000 - 9,000"
1,0.04,0.13455,0.05532,4-5 hours,"LKR 7,000 - 9,000"
0,0.08,0.20668,0.18221,6-7 hours,"LKR 12,000 - 15,000"
0,0.08,0.20111,0.16895,5-6 hours,"LKR 9,000 - 12,000"
1,0.04,0.1184,0.0552,5-6 hours,"LKR 9,000 - 12,000"
1,0.04,0.102,0.04074,4-5 hours,"LKR 7,000 - 9,000"
1,0.04,0.08595,0.09709,4-5 hours,"LKR 7,000 - 9,000"
1,0.04,0.1293,0.08704,4-5 hours,"LKR 7,000 - 9,000"
0,0.08,0.24885,0.09107,5-6 hours,"LKR 9,000 - 12,000"
1,0.04,0.12438,0.06721,4-5 hours,"LKR 7,000 - 9,000"
0,0.06228,0.15483,0.14108,5-6 hours,"LKR 9,000 - 12,000"
0,0.08,0.19125,0.10868,5-6 hours,"LKR 9,000 - 12,000"
1,0.04,0.08538,0.04398,4-5 hours,"LKR 7,000 - 9,000"
2,0.1,0.17175,0.1083,5-6 hours,"LKR 9,000 - 12,000"
1,0.04,0.08889,0.04405,4-5 hours,"LKR 7,000 - 9,000"
0,0.08,0.15974,0.13826,5-6 hours,"LKR 9,000 - 12,000"
2,0.1,0.19341,0.12404,5-6 hours,"LKR 9,000 - 12,000"
0,0.08,0.12006,0.09509,5-6 hours,"LKR 9,000 - 12,000"
0,0.08,0.23764,0.16013,5-6 hours,"LKR 9,000 - 12,000"
1,0.04,0.09778,0.06142,5-6 hours,"LKR 9,000 - 12,000"
0,0.08,0.2243,0.13111,5-6 hours,"LKR 9,000 - 12,000"
1,0.04,0.13242,0.05366,4-5 hours,"LKR 7,000 - 9,000"
0,0.08,0.26409,0.19056,5-6 hours,"LKR 9,000 - 12,000"
1,0.04,0.07253,0.04646,4-5 hours,"LKR 7,000 - 9,000"
0,0.08,0.19806,0.16823,5-6 hours,"LKR 9,000 - 12,000"
1,0.04,0.09659,0.08482,5-6 hours,"LKR 9,000 - 12,000"
0,0.04607,0.12789,0.09038,4-5 hours,"LKR 7,000 - 9,000"
0,0.08,0.14032,0.13043,5-6 hours,"LKR 9,000 - 12,000"
0,0.08,0.22654,0.115,5-6 hours,"LKR 9,000 - 12,000"
1,0.00464,0.01381,0.01,1-2 hours,"LKR 1,000 - 3,000"
1,0.04,0.10874,0.09266,4-5 hours,"LKR 7,000 - 9,000"
1,0.04,0.0958,0.08299,4-5 hours,"LKR 7,000 - 9,000"
0,0.08,0.24902,0.08364,6-7 hours,"LKR 12,000 - 15,000"
2,0.1,0.25929,0.13411,5-6 hours,"LKR 9,000 - 12,000"
0,0.08,0.20242,0.09774,6-7 hours,"LKR 12,000 - 15,000"
0,0.08,0.14049,0.11635,5-6 hours,"LKR 9,000 - 12,000"
1,0.04,0.08298,0.08717,4-5 hours,"LKR 7,000 - 9,000"
0,0.08,0.1414,0.09247,5-6 hours,"LKR 9,000 - 12,000"
0,0.08,0.16306,0.11206,5-6 hours,"LKR 9,000 - 12,000"
1,0.04,0.13483,0.06344,4-5 hours,"LKR 7,000 - 9,000"
1,0.04,0.13365,0.04807,4-5 hours,"LKR 7,000 - 9,000"
0,0.08,0.16698,0.09583,5-6 hours,"LKR 9,000 - 12,000"
0,0.08,0.17487,0.08633,5-6 hours,"LKR 9,000 - 12,000"
0,0.08,0.18127,0.1635,5-6 hours,"LKR 9,000 - 12,000"
0,0.00813,0.01436,0.01,3-4 hours,"LKR 5,000 - 7,000"
0,0.05306,0.14842,0.08,5-6 hours,"LKR 9,000 - 12,000"
0,0.08,0.19924,0.18838,5-6 hours,"LKR 9,000 - 12,000"
0,0.07995,0.25876,0.14806,5-6 hours,"LKR 9,000 - 12,000"
1,0.04,0.10837,0.09362,4-5 hours,"LKR 7,000 - 9,000"
2,0.1,0.21834,0.16959,5-6 hours,"LKR 9,000 - 12,000"
1,0.04,0.09945,0.09336,4-5 hours,"LKR 7,000 - 9,000"
2,0.1,0.1862,0.10368,5-6 hours,"LKR 9,000 - 12,000"
1,0.04,0.1088,0.06316,4-5 hours,"LKR 7,000 - 9,000"
2,0.1,0.1518,0.22442,5-6 hours,"LKR 9,000 - 12,000"
1,0.04,0.11003,0.04658,4-5 hours,"LKR 7,000 - 9,000"
1,0.04,0.06448,0.05612,4-5 hours,"LKR 7,000 - 9,000"
1,0.04,0.08116,0.06567,4-5 hours,"LKR 7,000 - 9,000"
1,0.04,0.08354,0.09487,4-5 hours,"LKR 7,000 - 9,000"
0,0.08,0.20537,0.15624,5-6 hours,"LKR 9,000 - 12,000"
0,0.08,0.26999,0.1491,5-6 hours,"LKR 9,000 - 12,000"
1,0.04,0.13533,0.08382,4-5 hours,"LKR 7,000 - 9,000"
2,0.1,0.19245,0.12106,6-7 hours,"LKR 12,000 - 15,000"
0,0.08,0.21783,0.10136,5-6 hours,"LKR 9,000 - 12,000"
1,0.04,0.07014,0.08461,4-5 hours,"LKR 7,000 - 9,000"
1,0.02704,0.08015,0.05283,3-4 hours,"LKR 5,000 - 7,000"
2,0.1,0.25413,0.16512,5-6 hours,"LKR 9,000 - 12,000"
1,0.04,0.11497,0.08013,4-5 hours,"LKR 7,000 - 9,000"
2,0.1,0.34759,0.21783,5-6 hours,"LKR 9,000 - 12,000"
0,0.08,0.25664,0.17496,5-6 hours,"LKR 9,000 - 12,000"
2,0.1,0.21387,0.17909,6-7 hours,"LKR 12,000 - 15,000"
1,0.04,0.12176,0.04077,4-5 hours,"LKR 7,000 - 9,000"
0,0.08,0.15927,0.08853,5-6 hours,"LKR 9,000 - 12,000"
1,0.04,0.10137,0.09141,4-5 hours,"LKR 7,000 - 9,000"
0,0.08,0.13489,0.14209,6-7 hours,"LKR 12,000 - 15,000"
0,0.08,0.25241,0.15046,5-6 hours,"LKR 9,000 - 12,000"
0,0.03865,0.12556,0.04918,4-5 hours,"LKR 7,000 - 9,000"
0,0.08,0.21258,0.09977,5-6 hours,"LKR 9,000 - 12,000"
0,0.07915,0.24049,0.16136,6-7 hours,"LKR 12,000 - 15,000"
1,0.04,0.06979,0.06013,4-5 hours,"LKR 7,000 - 9,000"
0,0.08,0.18487,0.17115,5-6 hours,"LKR 9,000 - 12,000"
0,0.08,0.26931,0.16612,5-6 hours,"LKR 9,000 - 12,000"
1,0.04,0.09921,0.0577,4-5 hours,"LKR 7,000 - 9,000"
0,0.08,0.25308,0.18593,5-6 hours,"LKR 9,000 - 12,000"
0,0.08,0.2249,0.17057,5-6 hours,"LKR 9,000 - 12,000"
1,0.04,0.09283,0.05866,4-5 hours,"LKR 7,000 - 9,000"
1,0.04,0.1277,0.04264,4-5 hours,"LKR 7,000 - 9,000"
2,0.1,0.25052,0.21027,5-6 hours,"LKR 9,000 - 12,000"
1,0.01138,0.02747,0.02075,2-3 hours,"LKR 3,000 - 5,000"
0,0.08,0.27896,0.14806,5-6 hours,"LKR 9,000 - 12,000"
1,0.04,0.13928,0.08795,4-5 hours,"LKR 7,000 - 9,000"
1,0.04,0.07109,0.06392,4-5 hours,"LKR 7,000 - 9,000"
0,0.08,0.21932,0.10458,5-6 hours,"LKR 9,000 - 12,000"
0,0.08,0.1567,0.16569,5-6 hours,"LKR 9,000 - 12,000"
1,0.04,0.08782,0.05848,4-5 hours,"LKR 7,000 - 9,000"
0,0.08,0.19855,0.09274,5-6 hours,"LKR 9,000 - 12,000"
1,0.04,0.12598,0.05209,4-5 hours,"LKR 7,000 - 9,000"
0,0.08,0.16327,0.10421,5-6 hours,"LKR 9,000 - 12,000"
0,0.08,0.19716,0.14769,5-6 hours,"LKR 9,000 - 12,000"
0,0.08,0.15424,0.14915,5-6 hours,"LKR 9,000 - 12,000"
1,0.04,0.09472,0.08772,4-5 hours,"LKR 7,000 - 9,000"
1,0.04,0.07444,0.06927,4-5 hours,"LKR 7,000 - 9,000"
1,0.04,0.0651,0.04951,4-5 hours,"LKR 7,000 - 9,000"
1,0.03587,0.0794,0.05448,5-6 hours,"LKR 9,000 - 12,000"
2,0.09186,0.28667,0.1827,5-6 hours,"LKR 9,000 - 12,000"
0,0.08,0.21994,0.15127,5-6 hours,"LKR 9,000 - 12,000"
0,0.05372,0.11621,0.11255,5-6 hours,"LKR 9,000 - 12,000"
2,0.1,0.28069,0.10895,5-6 hours,"LKR 9,000 - 12,000"
2,0.1,0.20573,0.1465,5-6 hours,"LKR 9,000 - 12,000"
0,0.08,0.17234,0.17809,5-6 hours,"LKR 9,000 - 12,000"
2,0.1,0.25936,0.19698,5-6 hours,"LKR 9,000 - 12,000"
0,0.08,0.1489,0.15941,5-6 hours,"LKR 9,000 - 12,000"
2,0.1,0.31435,0.20757,6-7 hours,"LKR 12,000 - 15,000"
1,0.04,0.10696,0.07461,4-5 hours,"LKR 7,000 - 9,000"
2,0.1,0.23806,0.13383,6-7 hours,"LKR 12,000 - 15,000"
0,0.08,0.17146,0.14464,5-6 hours,"LKR 9,000 - 12,000"
0,0.0203,0.05647,0.03638,5-6 hours,"LKR 9,000 - 12,000"
1,0.04,0.06381,0.06088,4-5 hours,"LKR 7,000 - 9,000"
1,0.04,0.13294,0.06485,5-6 hours,"LKR 9,000 - 12,000"
1,0.04,0.09754,0.06389,4-5 hours,"LKR 7,000 - 9,000"
2,0.1,0.27714,0.11719,5-6 hours,"LKR 9,000 - 12,000"
1,0.04,0.07418,0.07897,4-5 hours,"LKR 7,000 - 9,000"
0,0.08,0.22104,0.1968,5-6 hours,"LKR 9,000 - 12,000"
0,0.08,0.1589,0.11591,5-6 hours,"LKR 9,000 - 12,000"
1,0.04,0.13645,0.0558,5-6 hours,"LKR 9,000 - 12,000"
1,0.04,0.0862,0.08649,4-5 hours,"LKR 7,000 - 9,000"
2,0.1,0.32768,0.1703,5-6 hours,"LKR 9,000 - 12,000"
1,0.04,0.08051,0.08403,4-5 hours,"LKR 7,000 - 9,000"
0,0.08,0.15323,0.14545,5-6 hours,"LKR 9,000 - 12,000"
0,0.08,0.16005,0.15069,5-6 hours,"LKR 9,000 - 12,000"
1,0.04,0.10291,0.08298,4-5 hours,"LKR 7,000 - 9,000"
1,0.03604,0.12353,0.0668,4-5 hours,"LKR 7,000 - 9,000"
2,0.1,0.15957,0.10011,5-6 hours,"LKR 9,000 - 12,000"
0,0.08,0.20616,0.12391,5-6 hours,"LKR 9,000 - 12,000"
0,0.05136,0.12422,0.08944,5-6 hours,"LKR 9,000 - 12,000"
2,0.05066,0.15683,0.0519,5-6 hours,"LKR 9,000 - 12,000"
2,0.1,0.31272,0.21884,5-6 hours,"LKR 9,000 - 12,000"
2,0.1,0.21747,0.15663,5-6 hours,"LKR 9,000 - 12,000"
0,0.08,0.22752,0.14307,5-6 hours,"LKR 9,000 - 12,000"
2,0.1,0.2516,0.2084,5-6 hours,"LKR 9,000 - 12,000"
0,0.08,0.27726,0.1395,5-6 hours,"LKR 9,000 - 12,000"
0,0.08,0.22317,0.14655,5-6 hours,"LKR 9,000 - 12,000"
2,0.1,0.30553,0.23299,5-6 hours,"LKR 9,000 - 12,000"
0,0.08,0.17527,0.13583,5-6 hours,"LKR 9,000 - 12,000"
0,0.08,0.22809,0.09144,5-6 hours,"LKR 9,000 - 12,000"
1,0.04,0.09123,0.07452,4-5 hours,"LKR 7,000 - 9,000"
1,0.04,0.13217,0.06335,4-5 hours,"LKR 7,000 - 9,000"
0,0.08,0.20204,0.12048,6-7 hours,"LKR 12,000 - 15,000"
0,0.08,0.19181,0.16831,6-7 hours,"LKR 12,000 - 15,000"
1,0.04,0.1179,0.05418,4-5 hours,"LKR 7,000 - 9,000"
0,0.08,0.14481,0.19188,5-6 hours,"LKR 9,000 - 12,000"
0,0.08,0.26619,0.16865,5-6 hours,"LKR 9,000 - 12,000"
1,0.04,0.06249,0.07791,4-5 hours,"LKR 7,000 - 9,000"
0,0.08,0.14424,0.12497,5-6 hours,"LKR 9,000 - 12,000"
1,0.04,0.07005,0.09458,4-5 hours,"LKR 7,000 - 9,000"
0,0.08,0.1846,0.15436,5-6 hours,"LKR 9,000 - 12,000"
2,0.1,0.19831,0.1848,6-7 hours,"LKR 12,000 - 15,000"
0,0.08,0.14701,0.19393,5-6 hours,"LKR 9,000 - 12,000"
0,0.08,0.12405,0.14392,5-6 hours,"LKR 9,000 - 12,000"
1,0.04,0.08818,0.04791,4-5 hours,"LKR 7,000 - 9,000"
1,0.04,0.07963,0.05426,4-5 hours,"LKR 7,000 - 9,000"
0,0.08,0.16118,0.14026,5-6 hours,"LKR 9,000 - 12,000"
1,0.04,0.0827,0.08462,4-5 hours,"LKR 7,000 - 9,000"
1,0.04,0.10265,0.09846,4-5 hours,"LKR 7,000 - 9,000"
0,0.08,0.12787,0.10999,5-6 hours,"LKR 9,000 - 12,000"
1,0.04,0.12995,0.04009,4-5 hours,"LKR 7,000 - 9,000"
0,0.08,0.24434,0.13032,5-6 hours,"LKR 9,000 - 12,000"
1,0.04,0.06856,0.06755,4-5 hours,"LKR 7,000 - 9,000"
0,0.05385,0.08342,0.09941,5-6 hours,"LKR 9,000 - 12,000"
2,0.1,0.29061,0.17424,6-7 hours,"LKR 12,000 - 15,000"
0,0.04325,0.12344,0.05422,4-5 hours,"LKR 7,000 - 9,000"
1,0.04,0.111,0.08009,4-5 hours,"LKR 7,000 - 9,000"
1,0.0249,0.07365,0.04306,3-4 hours,"LKR 5,000 - 7,000"
0,0.08,0.22016,0.0816,5-6 hours,"LKR 9,000 - 12,000"
1,0.04,0.0748,0.07513,4-5 hours,"LKR 7,000 - 9,000"
0,0.08,0.26764,0.15482,5-6 hours,"LKR 9,000 - 12,000"
0,0.08,0.18553,0.10862,6-7 hours,"LKR 12,000 - 15,000"
0,0.06452,0.16176,0.15437,5-6 hours,"LKR 9,000 - 12,000"
1,0.04,0.09579,0.07172,4-5 hours,"LKR 7,000 - 9,000"
0,0.08,0.16934,0.19556,5-6 hours,"LKR 9,000 - 12,000"
2,0.1,0.30552,0.17077,6-7 hours,"LKR 12,000 - 15,000"
0,0.08,0.19787,0.16743,5-6 hours,"LKR 9,000 - 12,000"
0,0.08,0.21852,0.1404,5-6 hours,"LKR 9,000 - 12,000"
0,0.08,0.18456,0.12974,5-6 hours,"LKR 9,000 - 12,000"
0,0.08,0.14653,0.1834,5-6 hours,"LKR 9,000 - 12,000"
0,0.08,0.20461,0.10077,5-6 hours,"LKR 9,000 - 12,000"
0,0.08,0.12615,0.13962,5-6 hours,"LKR 9,000 - 12,000"
1,0.04,0.11261,0.06869,4-5 hours,"LKR 7,000 - 9,000"
0,0.08,0.20266,0.18995,5-6 hours,"LKR 9,000 - 12,000"
0,0.02409,0.08312,0.0358,4-5 hours,"LKR 7,000 - 9,000"
0,0.08,0.24257,0.0912,5-6 hours,"LKR 9,000 - 12,000"
1,0.04,0.09725,0.08473,4-5 hours,"LKR 7,000 - 9,000"
0,0.08,0.18755,0.14168,5-6 hours,"LKR 9,000 - 12,000"
0,0.08,0.26417,0.11435,5-6 hours,"LKR 9,000 - 12,000"
1,0.04,0.12464,0.05549,4-5 hours,"LKR 7,000 - 9,000"
1,0.04,0.12817,0.07201,4-5 hours,"LKR 7,000 - 9,000"
0,0.08,0.24855,0.17083,5-6 hours,"LKR 9,000 - 12,000"
0,0.08,0.15779,0.17629,5-6 hours,"LKR 9,000 - 12,000"
0,0.08,0.18315,0.09887,5-6 hours,"LKR 9,000 - 12,000"
1,0.04,0.06154,0.0543,4-5 hours,"LKR 7,000 - 9,000"
0,0.08,0.26064,0.14063,5-6 hours,"LKR 9,000 - 12,000"
0,0.08,0.26416,0.14463,5-6 hours,"LKR 9,000 - 12,000"
1,0.04,0.065,0.0941,5-6 hours,"LKR 9,000 - 12,000"
1,0.04,0.11985,0.09471,4-5 hours,"LKR 7,000 - 9,000"
0,0.08,0.16854,0.19933,5-6 hours,"LKR 9,000 - 12,000"
0,0.03039,0.07646,0.07189,5-6 hours,"LKR 9,000 - 12,000"
0,0.08,0.23642,0.19184,5-6 hours,"LKR 9,000 - 12,000"
1,0.04,0.07469,0.06019,4-5 hours,"LKR 7,000 - 9,000"
0,0.08,0.25907,0.19871,5-6 hours,"LKR 9,000 - 12,000"
0,0.08,0.18261,0.17734,5-6 hours,"LKR 9,000 - 12,000"
1,0.04,0.1079,0.06703,4-5 hours,"LKR 7,000 - 9,000"
0,0.08,0.26893,0.09936,5-6 hours,"LKR 9,000 - 12,000"
1,0.04,0.07512,0.042,4-5 hours,"LKR 7,000 - 9,000"
1,0.04,0.09292,0.08761,4-5 hours,"LKR 7,000 - 9,000"
0,0.08,0.24486,0.1926,5-6 hours,"LKR 9,000 - 12,000"
1,0.04,0.08179,0.04135,4-5 hours,"LKR 7,000 - 9,000"
1,0.04,0.06523,0.06395,4-5 hours,"LKR 7,000 - 9,000"
0,0.08,0.27434,0.15292,5-6 hours,"LKR 9,000 - 12,000"
0,0.08,0.17707,0.17399,5-6 hours,"LKR 9,000 - 12,000"
1,0.04,0.07519,0.06407,4-5 hours,"LKR 7,000 - 9,000"
1,0.04,0.10573,0.09928,4-5 hours,"LKR 7,000 - 9,000"
1,0.04,0.08814,0.08313,4-5 hours,"LKR 7,000 - 9,000"
2,0.1,0.26798,0.19903,6-7 hours,"LKR 12,000 - 15,000"
1,0.00578,0.02009,0.01269,2-3 hours,"LKR 3,000 - 5,000"
1,0.04,0.10573,0.07475,4-5 hours,"LKR 7,000 - 9,000"
2,0.08533,0.14513,0.15689,5-6 hours,"LKR 9,000 - 12,000"
0,0.08,0.13479,0.1357,6-7 hours,"LKR 12,000 - 15,000"
0,0.08,0.17198,0.15689,5-6 hours,"LKR 9,000 - 12,000"
2,0.1,0.23597,0.16282,5-6 hours,"LKR 9,000 - 12,000"
1,0.04,0.08845,0.09912,5-6 hours,"LKR 9,000 - 12,000"
0,0.08,0.17992,0.19006,5-6 hours,"LKR 9,000 - 12,000"
1,0.04,0.06541,0.07954,4-5 hours,"LKR 7,000 - 9,000"
1,0.04,0.09974,0.09511,4-5 hours,"LKR 7,000 - 9,000"
1,0.04,0.10364,0.09731,5-6 hours,"LKR 9,000 - 12,000"
0,0.08,0.23058,0.15778,5-6 hours,"LKR 9,000 - 12,000"
0,0.08,0.17148,0.08857,5-6 hours,"LKR 9,000 - 12,000"
0,0.08,0.20711,0.10132,6-7 hours,"LKR 12,000 - 15,000"
1,0.04,0.11876,0.07501,5-6 hours,"LKR 9,000 - 12,000"
0,0.08,0.18899,0.15204,5-6 hours,"LKR 9,000 - 12,000"
0,0.08,0.25423,0.16365,5-6 hours,"LKR 9,000 - 12,000"
0,0.08,0.26957,0.13902,5-6 hours,"LKR 9,000 - 12,000"
0,0.08,0.12514,0.10723,5-6 hours,"LKR 9,000 - 12,000"
0,0.08,0.17156,0.09695,5-6 hours,"LKR 9,000 - 12,000"
1,0.04,0.10817,0.06111,4-5 hours,"LKR 7,000 - 9,000"
1,0.04,0.11222,0.0711,5-6 hours,"LKR 9,000 - 12,000"
0,0.08,0.16842,0.12636,5-6 hours,"LKR 9,000 - 12,000"
0,0.08,0.16932,0.19792,5-6 hours,"LKR 9,000 - 12,000"
1,0.04,0.08645,0.07704,4-5 hours,"LKR 7,000 - 9,000"
0,0.08,0.13693,0.09359,5-6 hours,"LKR 9,000 - 12,000"
0,0.08,0.27631,0.15584,5-6 hours,"LKR 9,000 - 12,000"
0,0.08,0.15523,0.14757,5-6 hours,"LKR 9,000 - 12,000"
0,0.08,0.19153,0.08171,5-6 hours,"LKR 9,000 - 12,000"
1,0.04,0.12258,0.07482,4-5 hours,"LKR 7,000 - 9,000"
0,0.08,0.12018,0.19693,6-7 hours,"LKR 12,000 - 15,000"
0,0.08,0.20759,0.104,5-6 hours,"LKR 9,000 - 12,000"
0,0.08,0.15794,0.1312,5-6 hours,"LKR 9,000 - 12,000"
1,0.04,0.06095,0.08839,4-5 hours,"LKR 7,000 - 9,000"
1,0.04,0.09901,0.08067,4-5 hours,"LKR 7,000 - 9,000"
1,0.04,0.07525,0.08836,4-5 hours,"LKR 7,000 - 9,000"
1,0.01961,0.03865,0.02209,3-4 hours,"LKR 5,000 - 7,000"
1,0.04,0.09325,0.05119,4-5 hours,"LKR 7,000 - 9,000"
1,0.04,0.13918,0.07709,4-5 hours,"LKR 7,000 - 9,000"
2,0.1,0.31484,0.21812,5-6 hours,"LKR 9,000 - 12,000"
1,0.04,0.11417,0.07408,4-5 hours,"LKR 7,000 - 9,000"
0,0.08,0.25778,0.13714,5-6 hours,"LKR 9,000 - 12,000"
0,0.08,0.15211,0.13093,5-6 hours,"LKR 9,000 - 12,000"
1,0.04,0.12674,0.07007,4-5 hours,"LKR 7,000 - 9,000"
0,0.08,0.12555,0.08429,5-6 hours,"LKR 9,000 - 12,000"
1,0.04,0.12736,0.04496,4-5 hours,"LKR 7,000 - 9,000"
0,0.05492,0.13425,0.07054,6-7 hours,"LKR 12,000 - 15,000"
0,0.08,0.27682,0.08119,5-6 hours,"LKR 9,000 - 12,000"
1,0.04,0.1316,0.0522,4-5 hours,"LKR 7,000 - 9,000"
0,0.08,0.23881,0.14128,5-6 hours,"LKR 9,000 - 12,000"
1,0.04,0.10586,0.09304,4-5 hours,"LKR 7,000 - 9,000"
1,0.04,0.13433,0.07262,4-5 hours,"LKR 7,000 - 9,000"
1,0.04,0.07506,0.04835,4-5 hours,"LKR 7,000 - 9,000"
2,0.1,0.27041,0.1639,5-6 hours,"LKR 9,000 - 12,000"
2,0.1,0.18853,0.20177,5-6 hours,"LKR 9,000 - 12,000"
0,0.08,0.2139,0.18978,6-7 hours,"LKR 12,000 - 15,000"
1,0.04,0.1007,0.09089,5-6 hours,"LKR 9,000 - 12,000"
0,0.08,0.13257,0.1118,5-6 hours,"LKR 9,000 - 12,000"
0,0.08,0.142,0.156,5-6 hours,"LKR 9,000 - 12,000"
2,0.1,0.31134,0.17249,5-6 hours,"LKR 9,000 - 12,000"
0,0.04534,0.15386,0.05145,4-5 hours,"LKR 7,000 - 9,000"
0,0.07002,0.18524,0.1321,5-6 hours,"LKR 9,000 - 12,000"
0,0.08,0.2408,0.14637,5-6 hours,"LKR 9,000 - 12,000"
1,0.03796,0.11202,0.07587,4-5 hours,"LKR 7,000 - 9,000"
0,0.08,0.27633,0.10675,5-6 hours,"LKR 9,000 - 12,000"
2,0.1,0.16139,0.10593,6-7 hours,"LKR 12,000 - 15,000"
1,0.04,0.06061,0.07981,4-5 hours,"LKR 7,000 - 9,000"
0,0.08,0.1637,0.12139,5-6 hours,"LKR 9,000 - 12,000"
2,0.1,0.262,0.15056,5-6 hours,"LKR 9,000 - 12,000"
0,0.08,0.18495,0.13595,5-6 hours,"LKR 9,000 - 12,000"
1,0.04,0.10065,0.07721,4-5 hours,"LKR 7,000 - 9,000"
1,0.04,0.09647,0.06237,4-5 hours,"LKR 7,000 - 9,000"
0,0.08,0.20746,0.18974,5-6 hours,"LKR 9,000 - 12,000"
1,0.04,0.06257,0.05841,5-6 hours,"LKR 9,000 - 12,000"
2,0.1,0.17484,0.19263,5-6 hours,"LKR 9,000 - 12,000"
0,0.08,0.17702,0.09124,5-6 hours,"LKR 9,000 - 12,000"
1,0.04,0.10297,0.0529,4-5 hours,"LKR 7,000 - 9,000"
1,0.04,0.12288,0.09094,4-5 hours,"LKR 7,000 - 9,000"
0,0.08,0.23053,0.15772,5-6 hours,"LKR 9,000 - 12,000"
0,0.08,0.19043,0.16952,5-6 hours,"LKR 9,000 - 12,000"
0,0.06771,0.1624,0.1461,5-6 hours,"LKR 9,000 - 12,000"
0,0.08,0.12946,0.1264,5-6 hours,"LKR 9,000 - 12,000"
0,0.08,0.15423,0.11581,5-6 hours,"LKR 9,000 - 12,000"
1,0.04,0.06522,0.06866,4-5 hours,"LKR 7,000 - 9,000"
0,0.08,0.1847,0.1343,5-6 hours,"LKR 9,000 - 12,000"
1,0.03094,0.08545,0.05902,4-5 hours,"LKR 7,000 - 9,000"
0,0.02957,0.04713,0.03246,4-5 hours,"LKR 7,000 - 9,000"
0,0.08,0.12073,0.12212,5-6 hours,"LKR 9,000 - 12,000"
0,0.08,0.19384,0.10298,5-6 hours,"LKR 9,000 - 12,000"
0,0.08,0.12628,0.11414,5-6 hours,"LKR 9,000 - 12,000"
0,0.08,0.19653,0.1735,5-6 hours,"LKR 9,000 - 12,000"
0,0.05784,0.14805,0.11482,5-6 hours,"LKR 9,000 - 12,000"
0,0.08,0.20826,0.08948,6-7 hours,"LKR 12,000 - 15,000"
0,0.08,0.12645,0.19086,5-6 hours,"LKR 9,000 - 12,000"
0,0.08,0.22887,0.11437,5-6 hours,"LKR 9,000 - 12,000"
1,0.04,0.10148,0.09918,4-5 hours,"LKR 7,000 - 9,000"
1,0.04,0.11303,0.06083,4-5 hours,"LKR 7,000 - 9,000"
0,0.08,0.21048,0.18109,5-6 hours,"LKR 9,000 - 12,000"
1,0.04,0.12647,0.04144,4-5 hours,"LKR 7,000 - 9,000"
0,0.08,0.15906,0.14985,5-6 hours,"LKR 9,000 - 12,000"
1,0.04,0.10972,0.04559,5-6 hours,"LKR 9,000 - 12,000"
0,0.08,0.24071,0.16514,5-6 hours,"LKR 9,000 - 12,000"
2,0.1,0.29636,0.13544,6-7 hours,"LKR 12,000 - 15,000"
0,0.05649,0.13323,0.08691,5-6 hours,"LKR 9,000 - 12,000"
0,0.08,0.17612,0.10561,5-6 hours,"LKR 9,000 - 12,000"
2,0.1,0.31969,0.22396,5-6 hours,"LKR 9,000 - 12,000"
0,0.08,0.2335,0.12086,5-6 hours,"LKR 9,000 - 12,000"
1,0.04,0.12636,0.0902,4-5 hours,"LKR 7,000 - 9,000"
1,0.04,0.06014,0.09639,4-5 hours,"LKR 7,000 - 9,000"
1,0.04,0.10842,0.07165,4-5 hours,"LKR 7,000 - 9,000"
0,0.08,0.26045,0.13812,5-6 hours,"LKR 9,000 - 12,000"
1,0.04,0.09695,0.07432,4-5 hours,"LKR 7,000 - 9,000"
0,0.08,0.15567,0.11729,5-6 hours,"LKR 9,000 - 12,000"
1,0.04,0.13113,0.04564,4-5 hours,"LKR 7,000 - 9,000"
1,0.04,0.09406,0.08122,4-5 hours,"LKR 7,000 - 9,000"
0,0.08,0.21553,0.17917,5-6 hours,"LKR 9,000 - 12,000"
1,0.04,0.13166,0.09373,4-5 hours,"LKR 7,000 - 9,000"
0,0.08,0.25567,0.19313,5-6 hours,"LKR 9,000 - 12,000"
1,0.04,0.0833,0.04991,4-5 hours,"LKR 7,000 - 9,000"
1,0.04,0.12378,0.05387,4-5 hours,"LKR 7,000 - 9,000"
0,0.08,0.19198,0.14501,5-6 hours,"LKR 9,000 - 12,000"
2,0.1,0.21303,0.21789,5-6 hours,"LKR 9,000 - 12,000"
0,0.03238,0.10469,0.03418,4-5 hours,"LKR 7,000 - 9,000"
1,0.04,0.09107,0.08693,4-5 hours,"LKR 7,000 - 9,000"
0,0.05703,0.11087,0.11039,5-6 hours,"LKR 9,000 - 12,000"
0,0.08,0.21747,0.08079,5-6 hours,"LKR 9,000 - 12,000"
0,0.08,0.16284,0.18641,5-6 hours,"LKR 9,000 - 12,000"
2,0.1,0.26865,0.22828,5-6 hours,"LKR 9,000 - 12,000"
0,0.08,0.12021,0.17758,5-6 hours,"LKR 9,000 - 12,000"
2,0.1,0.31925,0.24704,5-6 hours,"LKR 9,000 - 12,000"
1,0.04,0.13306,0.09276,4-5 hours,"LKR 7,000 - 9,000"
1,0.04,0.12884,0.07711,4-5 hours,"LKR 7,000 - 9,000"
0,0.08,0.17663,0.13985,5-6 hours,"LKR 9,000 - 12,000"
0,0.07308,0.17683,0.11202,5-6 hours,"LKR 9,000 - 12,000"
0,0.08,0.14395,0.09878,5-6 hours,"LKR 9,000 - 12,000"
0,0.08,0.1705,0.09331,5-6 hours,"LKR 9,000 - 12,000"
0,0.08,0.23105,0.15771,5-6 hours,"LKR 9,000 - 12,000"
2,0.1,0.25241,0.19527,5-6 hours,"LKR 9,000 - 12,000"
0,0.05199,0.11076,0.12463,5-6 hours,"LKR 9,000 - 12,000"
1,0.04,0.1185,0.06983,5-6 hours,"LKR 9,000 - 12,000"
1,0.04,0.11723,0.07685,4-5 hours,"LKR 7,000 - 9,000"
1,0.04,0.13931,0.06599,5-6 hours,"LKR 9,000 - 12,000"
2,0.1,0.22562,0.20631,5-6 hours,"LKR 9,000 - 12,000"
0,0.08,0.17265,0.14187,5-6 hours,"LKR 9,000 - 12,000"
1,0.04,0.11028,0.09292,4-5 hours,"LKR 7,000 - 9,000"
0,0.08,0.17577,0.13627,5-6 hours,"LKR 9,000 - 12,000"
0,0.08,0.15967,0.09516,5-6 hours,"LKR 9,000 - 12,000"
2,0.1,0.25185,0.17735,5-6 hours,"LKR 9,000 - 12,000"
0,0.08,0.19097,0.18796,5-6 hours,"LKR 9,000 - 12,000"
0,0.08,0.15818,0.17438,5-6 hours,"LKR 9,000 - 12,000"
0,0.08,0.16158,0.15025,5-6 hours,"LKR 9,000 - 12,000"
0,0.08,0.24661,0.10615,5-6 hours,"LKR 9,000 - 12,000"
0,0.08,0.17287,0.17662,5-6 hours,"LKR 9,000 - 12,000"
0,0.08,0.17429,0.13507,5-6 hours,"LKR 9,000 - 12,000"
0,0.08,0.18234,0.13634,5-6 hours,"LKR 9,000 - 12,000"
1,0.04,0.133,0.05004,4-5 hours,"LKR 7,000 - 9,000"
0,0.08,0.15797,0.0835,5-6 hours,"LKR 9,000 - 12,000"
0,0.08,0.26699,0.08411,6-7 hours,"LKR 12,000 - 15,000"
1,0.04,0.07917,0.07699,4-5 hours,"LKR 7,000 - 9,000"
0,0.08,0.24985,0.13729,5-6 hours,"LKR 9,000 - 12,000"
0,0.08,0.22608,0.1511,6-7 hours,"LKR 12,000 - 15,000"
1,0.04,0.08971,0.04027,5-6 hours,"LKR 9,000 - 12,000"
0,0.08,0.14338,0.11074,5-6 hours,"LKR 9,000 - 12,000"
1,0.04,0.06251,0.06672,4-5 hours,"LKR 7,000 - 9,000"
0,0.08,0.14166,0.19615,6-7 hours,"LKR 12,000 - 15,000"
0,0.08,0.23994,0.11048,5-6 hours,"LKR 9,000 - 12,000"
0,0.08,0.1215,0.18339,5-6 hours,"LKR 9,000 - 12,000"
0,0.08,0.18227,0.0804,6-7 hours,"LKR 12,000 - 15,000"
1,0.04,0.1269,0.06469,4-5 hours,"LKR 7,000 - 9,000"
1,0.04,0.07568,0.06662,4-5 hours,"LKR 7,000 - 9,000"
1,0.02736,0.05376,0.03721,4-5 hours,"LKR 7,000 - 9,000"
1,0.04,0.07799,0.04071,4-5 hours,"LKR 7,000 - 9,000"
1,0.04,0.12684,0.05015,4-5 hours,"LKR 7,000 - 9,000"
0,0.08,0.16411,0.15319,5-6 hours,"LKR 9,000 - 12,000"
1,0.04,0.09132,0.05711,4-5 hours,"LKR 7,000 - 9,000"
1,0.04,0.10511,0.06871,4-5 hours,"LKR 7,000 - 9,000"
0,0.08,0.24225,0.13094,5-6 hours,"LKR 9,000 - 12,000"
0,0.08,0.26319,0.13535,5-6 hours,"LKR 9,000 - 12,000"
2,0.1,0.16854,0.1211,5-6 hours,"LKR 9,000 - 12,000"
1,0.04,0.07472,0.0731,4-5 hours,"LKR 7,000 - 9,000"
0,0.08,0.20037,0.16245,5-6 hours,"LKR 9,000 - 12,000"
2,0.1,0.2009,0.12527,5-6 hours,"LKR 9,000 - 12,000"
0,0.08,0.17764,0.14245,5-6 hours,"LKR 9,000 - 12,000"
1,0.04,0.09828,0.08637,4-5 hours,"LKR 7,000 - 9,000"
1,0.04,0.08635,0.08828,4-5 hours,"LKR 7,000 - 9,000"
1,0.04,0.12561,0.0744,4-5 hours,"LKR 7,000 - 9,000"
0,0.08,0.15765,0.17589,5-6 hours,"LKR 9,000 - 12,000"
1,0.04,0.09506,0.05089,4-5 hours,"LKR 7,000 - 9,000"
1,0.04,0.08875,0.07092,4-5 hours,"LKR 7,000 - 9,000"
1,0.04,0.09403,0.04588,4-5 hours,"LKR 7,000 - 9,000"
0,0.08,0.12598,0.12799,5-6 hours,"LKR 9,000 - 12,000"
0,0.08,0.27474,0.16318,5-6 hours,"LKR 9,000 - 12,000"
0,0.08,0.12212,0.143,5-6 hours,"LKR 9,000 - 12,000"
1,0.04,0.10723,0.09249,4-5 hours,"LKR 7,000 - 9,000"
1,0.04,0.11626,0.09941,4-5 hours,"LKR 7,000 - 9,000"
2,0.1,0.31699,0.22483,5-6 hours,"LKR 9,000 - 12,000"
0,0.08,0.16548,0.16321,5-6 hours,"LKR 9,000 - 12,000"
0,0.08,0.17806,0.14832,5-6 hours,"LKR 9,000 - 12,000"
1,0.04,0.07412,0.04702,5-6 hours,"LKR 9,000 - 12,000"
0,0.077,0.12021,0.15746,5-6 hours,"LKR 9,000 - 12,000"
2,0.1,0.34306,0.14221,5-6 hours,"LKR 9,000 - 12,000"
1,0.04,0.09783,0.07016,4-5 hours,"LKR 7,000 - 9,000"
1,0.04,0.06942,0.04353,4-5 hours,"LKR 7,000 - 9,000"
1,0.04,0.13103,0.06424,4-5 hours,"LKR 7,000 - 9,000"
2,0.1,0.31356,0.11725,5-6 hours,"LKR 9,000 - 12,000"
0,0.08,0.20276,0.1946,5-6 hours,"LKR 9,000 - 12,000"
0,0.04008,0.09789,0.04412,4-5 hours,"LKR 7,000 - 9,000"
0,0.08,0.24778,0.183,5-6 hours,"LKR 9,000 - 12,000"
0,0.08,0.21675,0.19354,5-6 hours,"LKR 9,000 - 12,000"
0,0.08,0.12982,0.09258,5-6 hours,"LKR 9,000 - 12,000"
1,0.04,0.06924,0.07406,4-5 hours,"LKR 7,000 - 9,000"
1,0.04,0.09675,0.05995,5-6 hours,"LKR 9,000 - 12,000"
1,0.04,0.06667,0.04064,4-5 hours,"LKR 7,000 - 9,000"
0,0.08,0.27396,0.19956,5-6 hours,"LKR 9,000 - 12,000"
1,0.04,0.08262,0.06681,4-5 hours,"LKR 7,000 - 9,000"
0,0.08,0.19599,0.17137,5-6 hours,"LKR 9,000 - 12,000"
1,0.04,0.10658,0.08242,4-5 hours,"LKR 7,000 - 9,000"
0,0.08,0.14568,0.1629,5-6 hours,"LKR 9,000 - 12,000"
0,0.08,0.26504,0.19494,5-6 hours,"LKR 9,000 - 12,000"
1,0.04,0.08782,0.04303,4-5 hours,"LKR 7,000 - 9,000"
1,0.04,0.12942,0.07297,4-5 hours,"LKR 7,000 - 9,000"
0,0.04825,0.09009,0.08552,4-5 hours,"LKR 7,000 - 9,000"
1,0.0277,0.07556,0.02965,3-4 hours,"LKR 5,000 - 7,000"
1,0.04,0.11768,0.08969,4-5 hours,"LKR 7,000 - 9,000"
1,0.0381,0.09313,0.04654,4-5 hours,"LKR 7,000 - 9,000"
2,0.1,0.26716,0.22675,5-6 hours,"LKR 9,000 - 12,000"
0,0.08,0.16192,0.11931,5-6 hours,"LKR 9,000 - 12,000"
0,0.08,0.17095,0.13864,5-6 hours,"LKR 9,000 - 12,000"
2,0.1,0.271,0.13344,5-6 hours,"LKR 9,000 - 12,000"
1,0.04,0.10369,0.04151,4-5 hours,"LKR 7,000 - 9,000"
0,0.08,0.26785,0.17078,6-7 hours,"LKR 12,000 - 15,000"
0,0.08,0.18302,0.15084,5-6 hours,"LKR 9,000 - 12,000"
2,0.1,0.25479,0.21054,5-6 hours,"LKR 9,000 - 12,000"
2,0.1,0.18817,0.16511,5-6 hours,"LKR 9,000 - 12,000"
1,0.00709,0.02303,0.01488,2-3 hours,"LKR 3,000 - 5,000"
1,0.04,0.07443,0.07861,4-5 hours,"LKR 7,000 - 9,000"
2,0.1,0.33024,0.19409,5-6 hours,"LKR 9,000 - 12,000"
1,0.04,0.09226,0.05228,4-5 hours,"LKR 7,000 - 9,000"
1,0.04,0.06889,0.04964,4-5 hours,"LKR 7,000 - 9,000"
2,0.1,0.27619,0.15983,6-7 hours,"LKR 12,000 - 15,000"
0,0.08,0.26125,0.14414,5-6 hours,"LKR 9,000 - 12,000"
2,0.1,0.22143,0.24662,5-6 hours,"LKR 9,000 - 12,000"
1,0.04,0.07521,0.09284,4-5 hours,"LKR 7,000 - 9,000"
0,0.08,0.12205,0.18562,5-6 hours,"LKR 9,000 - 12,000"
2,0.1,0.27806,0.19111,5-6 hours,"LKR 9,000 - 12,000"
0,0.08,0.26939,0.158,5-6 hours,"LKR 9,000 - 12,000"
0,0.08,0.22498,0.12871,5-6 hours,"LKR 9,000 - 12,000"
0,0.08,0.13312,0.119,5-6 hours,"LKR 9,000 - 12,000"
1,0.04,0.09296,0.0771,4-5 hours,"LKR 7,000 - 9,000"
0,0.08,0.13036,0.19769,5-6 hours,"LKR 9,000 - 12,000"
0,0.08,0.16023,0.19756,5-6 hours,"LKR 9,000 - 12,000"
1,0.04,0.12027,0.08781,4-5 hours,"LKR 7,000 - 9,000"
1,0.04,0.08539,0.04956,5-6 hours,"LKR 9,000 - 12,000"
2,0.1,0.23281,0.14424,5-6 hours,"LKR 9,000 - 12,000"
1,0.04,0.08056,0.09804,4-5 hours,"LKR 7,000 - 9,000"
1,0.04,0.12627,0.06787,4-5 hours,"LKR 7,000 - 9,000"
0,0.08,0.15092,0.10713,5-6 hours,"LKR 9,000 - 12,000"
1,0.04,0.1291,0.08658,4-5 hours,"LKR 7,000 - 9,000"
1,0.04,0.10591,0.05803,4-5 hours,"LKR 7,000 - 9,000"
0,0.08,0.22068,0.13813,5-6 hours,"LKR 9,000 - 12,000"
0,0.08,0.13067,0.18793,5-6 hours,"LKR 9,000 - 12,000"
2,0.09797,0.22114,0.10012,5-6 hours,"LKR 9,000 - 12,000"
1,0.04,0.1023,0.08855,4-5 hours,"LKR 7,000 - 9,000"
1,0.01482,0.04046,0.02602,2-3 hours,"LKR 3,000 - 5,000"
0,0.08,0.13765,0.11243,5-6 hours,"LKR 9,000 - 12,000"
0,0.08,0.26672,0.15537,6-7 hours,"LKR 12,000 - 15,000"
0,0.08,0.16572,0.18908,5-6 hours,"LKR 9,000 - 12,000"
1,0.04,0.12988,0.04163,4-5 hours,"LKR 7,000 - 9,000"
0,0.04212,0.08106,0.06418,4-5 hours,"LKR 7,000 - 9,000"
1,0.04,0.11306,0.07777,4-5 hours,"LKR 7,000 - 9,000"
1,0.04,0.08976,0.07546,4-5 hours,"LKR 7,000 - 9,000"
1,0.04,0.08955,0.04086,4-5 hours,"LKR 7,000 - 9,000"
0,0.05718,0.16234,0.1132,5-6 hours,"LKR 9,000 - 12,000"
0,0.08,0.17955,0.115,6-7 hours,"LKR 12,000 - 15,000"
1,0.04,0.09371,0.08326,4-5 hours,"LKR 7,000 - 9,000"
2,0.1,0.26685,0.11281,5-6 hours,"LKR 9,000 - 12,000"
0,0.08,0.14289,0.10276,5-6 hours,"LKR 9,000 - 12,000"
0,0.08,0.13651,0.13621,5-6 hours,"LKR 9,000 - 12,000"
1,0.04,0.06322,0.08926,4-5 hours,"LKR 7,000 - 9,000"
0,0.08,0.18338,0.09888,5-6 hours,"LKR 9,000 - 12,000"
1,0.04,0.07187,0.0847,4-5 hours,"LKR 7,000 - 9,000"
2,0.04385,0.07816,0.10726,5-6 hours,"LKR 9,000 - 12,000"
0,0.08,0.15921,0.16196,5-6 hours,"LKR 9,000 - 12,000"
0,0.08,0.25449,0.09056,5-6 hours,"LKR 9,000 - 12,000"
2,0.1,0.1942,0.16614,5-6 hours,"LKR 9,000 - 12,000"
0,0.08,0.17724,0.11018,5-6 hours,"LKR 9,000 - 12,000"
2,0.1,0.34502,0.15134,5-6 hours,"LKR 9,000 - 12,000"
0,0.08,0.22666,0.14627,5-6 hours,"LKR 9,000 - 12,000"
0,0.04557,0.07151,0.10986,4-5 hours,"LKR 7,000 - 9,000"
0,0.08,0.24314,0.12329,5-6 hours,"LKR 9,000 - 12,000"
1,0.04,0.1078,0.04307,4-5 hours,"LKR 7,000 - 9,000"
0,0.08,0.20405,0.10619,6-7 hours,"LKR 12,000 - 15,000"
0,0.07138,0.24939,0.13959,5-6 hours,"LKR 9,000 - 12,000"
1,0.03737,0.12872,0.08366,4-5 hours,"LKR 7,000 - 9,000"
0,0.08,0.15435,0.10587,5-6 hours,"LKR 9,000 - 12,000"
2,0.1,0.18456,0.14911,5-6 hours,"LKR 9,000 - 12,000"
0,0.08,0.18644,0.18186,5-6 hours,"LKR 9,000 - 12,000"
1,0.04,0.08828,0.09374,4-5 hours,"LKR 7,000 - 9,000"
1,0.04,0.08811,0.04509,4-5 hours,"LKR 7,000 - 9,000"
1,0.04,0.13877,0.08366,4-5 hours,"LKR 7,000 - 9,000"
0,0.08,0.21879,0.12023,5-6 hours,"LKR 9,000 - 12,000"
1,0.04,0.10021,0.06887,4-5 hours,"LKR 7,000 - 9,000"
1,0.04,0.11807,0.04714,4-5 hours,"LKR 7,000 - 9,000"
2,0.1,0.26983,0.19049,5-6 hours,"LKR 9,000 - 12,000"
1,0.04,0.1218,0.06485,4-5 hours,"LKR 7,000 - 9,000"
0,0.08,0.25286,0.18953,5-6 hours,"LKR 9,000 - 12,000"
0,0.08,0.25281,0.15967,5-6 hours,"LKR 9,000 - 12,000"
1,0.04,0.12154,0.06224,4-5 hours,"LKR 7,000 - 9,000"
1,0.0153,0.0279,0.02869,3-4 hours,"LKR 5,000 - 7,000"
0,0.08,0.15268,0.08899,5-6 hours,"LKR 9,000 - 12,000"
1,0.04,0.12377,0.04918,4-5 hours,"LKR 7,000 - 9,000"
0,0.08,0.14788,0.11223,5-6 hours,"LKR 9,000 - 12,000"
0,0.08,0.13082,0.1867,5-6 hours,"LKR 9,000 - 12,000"
0,0.07941,0.24673,0.18044,5-6 hours,"LKR 9,000 - 12,000"
1,0.04,0.08733,0.06303,5-6 hours,"LKR 9,000 - 12,000"
1,0.04,0.06771,0.07804,4-5 hours,"LKR 7,000 - 9,000"
0,0.08,0.19795,0.13967,6-7 hours,"LKR 12,000 - 15,000"
2,0.1,0.29423,0.20522,5-6 hours,"LKR 9,000 - 12,000"
0,0.08,0.12829,0.17455,5-6 hours,"LKR 9,000 - 12,000"
0,0.08,0.17657,0.10272,5-6 hours,"LKR 9,000 - 12,000"
0,0.08,0.22681,0.11651,5-6 hours,"LKR 9,000 - 12,000"
0,0.08,0.25823,0.16406,5-6 hours,"LKR 9,000 - 12,000"
0,0.08,0.1681,0.10541,5-6 hours,"LKR 9,000 - 12,000"
0,0.08,0.24657,0.11002,5-6 hours,"LKR 9,000 - 12,000"
0,0.08,0.20916,0.08557,5-6 hours,"LKR 9,000 - 12,000"
0,0.04122,0.12207,0.09971,4-5 hours,"LKR 7,000 - 9,000"
0,0.08,0.15298,0.1872,5-6 hours,"LKR 9,000 - 12,000"
0,0.0586,0.09775,0.12616,5-6 hours,"LKR 9,000 - 12,000"
0,0.08,0.24939,0.19073,5-6 hours,"LKR 9,000 - 12,000"
0,0.08,0.12891,0.11406,5-6 hours,"LKR 9,000 - 12,000"
2,0.1,0.32235,0.10396,5-6 hours,"LKR 9,000 - 12,000"
1,0.04,0.09869,0.04125,4-5 hours,"LKR 7,000 - 9,000"
1,0.04,0.08685,0.08491,4-5 hours,"LKR 7,000 - 9,000"
1,0.04,0.11758,0.04223,4-5 hours,"LKR 7,000 - 9,000"
0,0.08,0.15249,0.13088,6-7 hours,"LKR 12,000 - 15,000"
2,0.1,0.33088,0.23536,5-6 hours,"LKR 9,000 - 12,000"
2,0.05227,0.12849,0.11629,6-7 hours,"LKR 12,000 - 15,000"
0,0.08,0.26579,0.08531,5-6 hours,"LKR 9,000 - 12,000"
2,0.1,0.18165,0.18941,6-7 hours,"LKR 12,000 - 15,000"
0,0.08,0.24081,0.15081,5-6 hours,"LKR 9,000 - 12,000"
0,0.08,0.24743,0.19997,5-6 hours,"LKR 9,000 - 12,000"
1,0.04,0.08314,0.05688,4-5 hours,"LKR 7,000 - 9,000"
0,0.08,0.15876,0.16517,5-6 hours,"LKR 9,000 - 12,000"
0,0.07768,0.15101,0.11129,5-6 hours,"LKR 9,000 - 12,000"
0,0.08,0.24924,0.17727,5-6 hours,"LKR 9,000 - 12,000"
0,0.08,0.24511,0.12229,6-7 hours,"LKR 12,000 - 15,000"
1,0.04,0.09503,0.06895,4-5 hours,"LKR 7,000 - 9,000"
0,0.08,0.22941,0.17361,5-6 hours,"LKR 9,000 - 12,000"
1,0.04,0.12839,0.08866,5-6 hours,"LKR 9,000 - 12,000"
1,0.04,0.0918,0.06615,4-5 hours,"LKR 7,000 - 9,000"
0,0.04532,0.12118,0.09777,4-5 hours,"LKR 7,000 - 9,000"
1,0.04,0.13413,0.0477,4-5 hours,"LKR 7,000 - 9,000"
1,0.02137,0.05052,0.04563,3-4 hours,"LKR 5,000 - 7,000"
0,0.08,0.21325,0.18248,6-7 hours,"LKR 12,000 - 15,000"
2,0.1,0.16441,0.1886,5-6 hours,"LKR 9,000 - 12,000"
1,0.04,0.12649,0.05916,4-5 hours,"LKR 7,000 - 9,000"
0,0.08,0.19183,0.18141,5-6 hours,"LKR 9,000 - 12,000"
0,0.08,0.22379,0.14704,5-6 hours,"LKR 9,000 - 12,000"
2,0.1,0.2071,0.19467,5-6 hours,"LKR 9,000 - 12,000"
1,0.04,0.10936,0.04279,4-5 hours,"LKR 7,000 - 9,000"
1,0.04,0.09223,0.09974,4-5 hours,"LKR 7,000 - 9,000"
0,0.08,0.22234,0.15153,5-6 hours,"LKR 9,000 - 12,000"
0,0.02997,0.10425,0.066,4-5 hours,"LKR 7,000 - 9,000"
1,0.00774,0.01443,0.01106,2-3 hours,"LKR 3,000 - 5,000"
0,0.02281,0.05826,0.0262,4-5 hours,"LKR 7,000 - 9,000"
0,0.08,0.26522,0.09665,5-6 hours,"LKR 9,000 - 12,000"
1,0.04,0.07862,0.09495,4-5 hours,"LKR 7,000 - 9,000"
2,0.1,0.17999,0.15512,6-7 hours,"LKR 12,000 - 15,000"
0,0.003,0.01,0.01,2-3 hours,"LKR 3,000 - 5,000"
1,0.04,0.11701,0.05685,4-5 hours,"LKR 7,000 - 9,000"
0,0.02876,0.05803,0.06877,4-5 hours,"LKR 7,000 - 9,000"
1,0.04,0.09697,0.06826,5-6 hours,"LKR 9,000 - 12,000"
0,0.05697,0.14357,0.11417,5-6 hours,"LKR 9,000 - 12,000"
1,0.04,0.11068,0.06434,4-5 hours,"LKR 7,000 - 9,000"
0,0.08,0.27097,0.15727,5-6 hours,"LKR 9,000 - 12,000"
1,0.04,0.06358,0.08988,4-5 hours,"LKR 7,000 - 9,000"
0,0.08,0.14181,0.11465,5-6 hours,"LKR 9,000 - 12,000"
0,0.08,0.1212,0.09794,5-6 hours,"LKR 9,000 - 12,000"
0,0.08,0.18163,0.15807,5-6 hours,"LKR 9,000 - 12,000"
0,0.08,0.1517,0.14111,5-6 hours,"LKR 9,000 - 12,000"
1,0.04,0.09123,0.07358,4-5 hours,"LKR 7,000 - 9,000"
1,0.04,0.0621,0.07308,4-5 hours,"LKR 7,000 - 9,000"
1,0.04,0.11754,0.09564,4-5 hours,"LKR 7,000 - 9,000"
2,0.1,0.28492,0.136,5-6 hours,"LKR 9,000 - 12,000"
1,0.04,0.10809,0.08191,4-5 hours,"LKR 7,000 - 9,000"
0,0.08,0.16799,0.17552,5-6 hours,"LKR 9,000 - 12,000"
1,0.04,0.10472,0.04395,4-5 hours,"LKR 7,000 - 9,000"
1,0.04,0.13995,0.0877,4-5 hours,"LKR 7,000 - 9,000"
0,0.08,0.20565,0.19578,5-6 hours,"LKR 9,000 - 12,000"
1,0.04,0.11912,0.05168,4-5 hours,"LKR 7,000 - 9,000"
1,0.04,0.0761,0.07023,4-5 hours,"LKR 7,000 - 9,000"
2,0.1,0.24319,0.12284,6-7 hours,"LKR 12,000 - 15,000"
0,0.08,0.12759,0.15467,5-6 hours,"LKR 9,000 - 12,000"
0,0.08,0.16197,0.13734,5-6 hours,"LKR 9,000 - 12,000"
1,0.04,0.12452,0.07368,4-5 hours,"LKR 7,000 - 9,000"
0,0.08,0.16524,0.17587,6-7 hours,"LKR 12,000 - 15,000"
0,0.08,0.21779,0.11762,6-7 hours,"LKR 12,000 - 15,000"
0,0.08,0.27954,0.09033,6-7 hours,"LKR 12,000 - 15,000"
1,0.04,0.1365,0.09939,4-5 hours,"LKR 7,000 - 9,000"
1,0.04,0.10784,0.09282,4-5 hours,"LKR 7,000 - 9,000"
0,0.08,0.27456,0.15414,5-6 hours,"LKR 9,000 - 12,000"
2,0.1,0.1763,0.21384,5-6 hours,"LKR 9,000 - 12,000"
1,0.04,0.0604,0.06929,4-5 hours,"LKR 7,000 - 9,000"
2,0.1,0.15982,0.17548,5-6 hours,"LKR 9,000 - 12,000"
0,0.08,0.27463,0.08041,5-6 hours,"LKR 9,000 - 12,000"
2,0.1,0.30276,0.13659,5-6 hours,"LKR 9,000 - 12,000"
1,0.04,0.07829,0.06102,4-5 hours,"LKR 7,000 - 9,000"
0,0.08,0.13119,0.18527,5-6 hours,"LKR 9,000 - 12,000"
2,0.1,0.28115,0.14905,6-7 hours,"LKR 12,000 - 15,000"
0,0.08,0.12892,0.12725,5-6 hours,"LKR 9,000 - 12,000"
2,0.1,0.25999,0.16715,5-6 hours,"LKR 9,000 - 12,000"
0,0.08,0.1746,0.08271,5-6 hours,"LKR 9,000 - 12,000"
0,0.08,0.2478,0.15758,5-6 hours,"LKR 9,000 - 12,000"
2,0.1,0.32484,0.23222,5-6 hours,"LKR 9,000 - 12,000"
1,0.04,0.12159,0.07812,4-5 hours,"LKR 7,000 - 9,000"
0,0.08,0.19991,0.0861,5-6 hours,"LKR 9,000 - 12,000"
0,0.08,0.12033,0.1358,5-6 hours,"LKR 9,000 - 12,000"
2,0.1,0.32495,0.19604,5-6 hours,"LKR 9,000 - 12,000"
2,0.1,0.28299,0.13494,5-6 hours,"LKR 9,000 - 12,000"
0,0.0183,0.03097,0.03066,3-4 hours,"LKR 5,000 - 7,000"
1,0.04,0.06912,0.09928,4-5 hours,"LKR 7,000 - 9,000"
1,0.04,0.12115,0.09043,4-5 hours,"LKR 7,000 - 9,000"
0,0.08,0.17174,0.11935,5-6 hours,"LKR 9,000 - 12,000"
0,0.01828,0.03253,0.0186,3-4 hours,"LKR 5,000 - 7,000"
0,0.08,0.27113,0.12165,6-7 hours,"LKR 12,000 - 15,000"
0,0.08,0.16756,0.19643,5-6 hours,"LKR 9,000 - 12,000"
1,0.03202,0.07914,0.03702,4-5 hours,"LKR 7,000 - 9,000"
1,0.01551,0.0375,0.02728,3-4 hours,"LKR 5,000 - 7,000"
1,0.04,0.11545,0.05054,4-5 hours,"LKR 7,000 - 9,000"
0,0.08,0.2464,0.1979,5-6 hours,"LKR 9,000 - 12,000"
1,0.04,0.13826,0.05622,4-5 hours,"LKR 7,000 - 9,000"
0,0.08,0.1556,0.1189,5-6 hours,"LKR 9,000 - 12,000"
0,0.07962,0.24058,0.1009,5-6 hours,"LKR 9,000 - 12,000"
0,0.08,0.21884,0.14201,5-6 hours,"LKR 9,000 - 12,000"
0,0.08,0.26849,0.12674,5-6 hours,"LKR 9,000 - 12,000"
2,0.1,0.22832,0.14754,5-6 hours,"LKR 9,000 - 12,000"
1,0.04,0.07737,0.0784,4-5 hours,"LKR 7,000 - 9,000"
0,0.08,0.23169,0.18931,5-6 hours,"LKR 9,000 - 12,000"
2,0.1,0.28298,0.1759,6-7 hours,"LKR 12,000 - 15,000"
0,0.08,0.18546,0.09698,5-6 hours,"LKR 9,000 - 12,000"
1,0.04,0.06998,0.06567,4-5 hours,"LKR 7,000 - 9,000"
1,0.04,0.07022,0.06868,4-5 hours,"LKR 7,000 - 9,000"
0,0.08,0.15086,0.13058,6-7 hours,"LKR 12,000 - 15,000"
2,0.1,0.16999,0.15967,6-7 hours,"LKR 12,000 - 15,000"
1,0.04,0.06026,0.09551,4-5 hours,"LKR 7,000 - 9,000"
0,0.08,0.1957,0.11666,5-6 hours,"LKR 9,000 - 12,000"
0,0.08,0.14331,0.13734,5-6 hours,"LKR 9,000 - 12,000"
0,0.08,0.23516,0.18632,6-7 hours,"LKR 12,000 - 15,000"
0,0.08,0.14336,0.08811,5-6 hours,"LKR 9,000 - 12,000"
1,0.04,0.07216,0.07644,4-5 hours,"LKR 7,000 - 9,000"
1,0.04,0.08762,0.0524,4-5 hours,"LKR 7,000 - 9,000"
1,0.04,0.06875,0.05326,4-5 hours,"LKR 7,000 - 9,000"
2,0.1,0.17894,0.13649,5-6 hours,"LKR 9,000 - 12,000"
1,0.04,0.10538,0.0874,4-5 hours,"LKR 7,000 - 9,000"
0,0.07507,0.18955,0.17328,5-6 hours,"LKR 9,000 - 12,000"
0,0.04483,0.10958,0.10023,4-5 hours,"LKR 7,000 - 9,000"
1,0.04,0.11298,0.08909,4-5 hours,"LKR 7,000 - 9,000"
2,0.1,0.19874,0.20426,5-6 hours,"LKR 9,000 - 12,000"
0,0.06181,0.11049,0.10518,6-7 hours,"LKR 12,000 - 15,000"
0,0.0629,0.09869,0.06549,5-6 hours,"LKR 9,000 - 12,000"
0,0.08,0.24317,0.10015,5-6 hours,"LKR 9,000 - 12,000"
0,0.08,0.13219,0.18393,5-6 hours,"LKR 9,000 - 12,000"
1,0.04,0.09851,0.09705,4-5 hours,"LKR 7,000 - 9,000"
0,0.08,0.13787,0.17021,5-6 hours,"LKR 9,000 - 12,000"
1,0.04,0.06652,0.07992,4-5 hours,"LKR 7,000 - 9,000"
0,0.08,0.13522,0.12643,5-6 hours,"LKR 9,000 - 12,000"
0,0.06088,0.18034,0.12712,5-6 hours,"LKR 9,000 - 12,000"
0,0.08,0.14931,0.19707,5-6 hours,"LKR 9,000 - 12,000"
2,0.1,0.30765,0.17481,5-6 hours,"LKR 9,000 - 12,000"
1,0.04,0.13386,0.04753,4-5 hours,"LKR 7,000 - 9,000"
2,0.1,0.24126,0.23646,5-6 hours,"LKR 9,000 - 12,000"
1,0.04,0.1192,0.04433,4-5 hours,"LKR 7,000 - 9,000"
0,0.08,0.22191,0.16068,5-6 hours,"LKR 9,000 - 12,000"
0,0.03991,0.11043,0.05932,4-5 hours,"LKR 7,000 - 9,000"
0,0.08,0.2453,0.13967,5-6 hours,"LKR 9,000 - 12,000"
0,0.08,0.18342,0.1951,5-6 hours,"LKR 9,000 - 12,000"
0,0.08,0.26747,0.14932,5-6 hours,"LKR 9,000 - 12,000"
2,0.1,0.1513,0.17865,5-6 hours,"LKR 9,000 - 12,000"
1,0.04,0.06776,0.09106,5-6 hours,"LKR 9,000 - 12,000"
0,0.08,0.16328,0.14108,5-6 hours,"LKR 9,000 - 12,000"
2,0.1,0.20088,0.17581,5-6 hours,"LKR 9,000 - 12,000"
0,0.08,0.24976,0.18638,5-6 hours,"LKR 9,000 - 12,000"
0,0.08,0.16357,0.09745,5-6 hours,"LKR 9,000 - 12,000"
0,0.08,0.15969,0.12427,5-6 hours,"LKR 9,000 - 12,000"
0,0.03671,0.10218,0.0388,4-5 hours,"LKR 7,000 - 9,000"
0,0.08,0.13621,0.16089,5-6 hours,"LKR 9,000 - 12,000"
0,0.01205,0.02676,0.02671,3-4 hours,"LKR 5,000 - 7,000"
1,0.04,0.1304,0.09909,4-5 hours,"LKR 7,000 - 9,000"
1,0.04,0.13356,0.08445,4-5 hours,"LKR 7,000 - 9,000"
1,0.04,0.12491,0.09981,5-6 hours,"LKR 9,000 - 12,000"
1,0.04,0.06012,0.04558,4-5 hours,"LKR 7,000 - 9,000"
0,0.08,0.20046,0.09589,5-6 hours,"LKR 9,000 - 12,000"
1,0.04,0.09992,0.09748,4-5 hours,"LKR 7,000 - 9,000"
1,0.04,0.13014,0.05903,4-5 hours,"LKR 7,000 - 9,000"
0,0.08,0.24434,0.15881,5-6 hours,"LKR 9,000 - 12,000"
1,0.04,0.11016,0.07442,4-5 hours,"LKR 7,000 - 9,000"
0,0.08,0.22917,0.17628,5-6 hours,"LKR 9,000 - 12,000"
1,0.04,0.11273,0.06021,5-6 hours,"LKR 9,000 - 12,000"
0,0.08,0.20482,0.09025,5-6 hours,"LKR 9,000 - 12,000"
0,0.08,0.24495,0.12962,5-6 hours,"LKR 9,000 - 12,000"
0,0.08,0.2258,0.08362,5-6 hours,"LKR 9,000 - 12,000"
2,0.1,0.24685,0.15225,5-6 hours,"LKR 9,000 - 12,000"
1,0.04,0.07376,0.06963,4-5 hours,"LKR 7,000 - 9,000"
1,0.04,0.06799,0.08296,4-5 hours,"LKR 7,000 - 9,000"
1,0.04,0.09051,0.04081,4-5 hours,"LKR 7,000 - 9,000"
2,0.1,0.2126,0.24949,6-7 hours,"LKR 12,000 - 15,000"
0,0.08,0.24992,0.16229,5-6 hours,"LKR 9,000 - 12,000"
1,0.04,0.11776,0.09477,4-5 hours,"LKR 7,000 - 9,000"
1,0.04,0.07232,0.09457,5-6 hours,"LKR 9,000 - 12,000"
0,0.08,0.24263,0.17223,5-6 hours,"LKR 9,000 - 12,000"
0,0.08,0.15631,0.11901,5-6 hours,"LKR 9,000 - 12,000"
1,0.04,0.09765,0.07857,4-5 hours,"LKR 7,000 - 9,000"
2,0.1,0.26573,0.14125,5-6 hours,"LKR 9,000 - 12,000"
0,0.08,0.25893,0.12247,5-6 hours,"LKR 9,000 - 12,000"
0,0.08,0.15444,0.13054,5-6 hours,"LKR 9,000 - 12,000"
1,0.0374,0.05722,0.07284,4-5 hours,"LKR 7,000 - 9,000"
1,0.04,0.1013,0.06194,5-6 hours,"LKR 9,000 - 12,000"
2,0.1,0.2324,0.15666,6-7 hours,"LKR 12,000 - 15,000"
0,0.08,0.26279,0.15802,6-7 hours,"LKR 12,000 - 15,000"
1,0.04,0.06652,0.04352,4-5 hours,"LKR 7,000 - 9,000"
2,0.1,0.19811,0.23577,5-6 hours,"LKR 9,000 - 12,000"
0,0.08,0.15163,0.156,5-6 hours,"LKR 9,000 - 12,000"
0,0.08,0.21823,0.13162,5-6 hours,"LKR 9,000 - 12,000"
0,0.08,0.15701,0.12746,5-6 hours,"LKR 9,000 - 12,000"
2,0.1,0.181,0.24245,5-6 hours,"LKR 9,000 - 12,000"
0,0.08,0.12676,0.101,5-6 hours,"LKR 9,000 - 12,000"
1,0.04,0.09184,0.07049,4-5 hours,"LKR 7,000 - 9,000"
0,0.08,0.12521,0.13975,5-6 hours,"LKR 9,000 - 12,000"
0,0.08,0.22994,0.08269,5-6 hours,"LKR 9,000 - 12,000"
0,0.08,0.25233,0.16598,5-6 hours,"LKR 9,000 - 12,000"
1,0.04,0.06715,0.09153,4-5 hours,"LKR 7,000 - 9,000"
0,0.08,0.21741,0.10522,5-6 hours,"LKR 9,000 - 12,000"
0,0.08,0.16022,0.0926,5-6 hours,"LKR 9,000 - 12,000"
0,0.08,0.27984,0.18371,5-6 hours,"LKR 9,000 - 12,000"
2,0.1,0.31884,0.11269,5-6 hours,"LKR 9,000 - 12,000"
0,0.08,0.21276,0.13108,5-6 hours,"LKR 9,000 - 12,000"
1,0.04,0.09376,0.09795,5-6 hours,"LKR 9,000 - 12,000"
0,0.08,0.20513,0.14325,5-6 hours,"LKR 9,000 - 12,000"
2,0.1,0.26202,0.1934,5-6 hours,"LKR 9,000 - 12,000"
1,0.04,0.09606,0.04779,4-5 hours,"LKR 7,000 - 9,000"
0,0.08,0.21533,0.10817,5-6 hours,"LKR 9,000 - 12,000"
1,0.04,0.06467,0.0541,4-5 hours,"LKR 7,000 - 9,000"
2,0.1,0.19272,0.18928,5-6 hours,"LKR 9,000 - 12,000"
0,0.08,0.25971,0.17988,5-6 hours,"LKR 9,000 - 12,000"
1,0.04,0.09091,0.09767,5-6 hours,"LKR 9,000 - 12,000"
0,0.05008,0.12991,0.07525,5-6 hours,"LKR 9,000 - 12,000"
1,0.01052,0.02462,0.01729,2-3 hours,"LKR 3,000 - 5,000"
0,0.08,0.15595,0.13849,5-6 hours,"LKR 9,000 - 12,000"
0,0.08,0.22533,0.17373,5-6 hours,"LKR 9,000 - 12,000"
0,0.08,0.14511,0.13697,5-6 hours,"LKR 9,000 - 12,000"
1,0.04,0.10644,0.09792,4-5 hours,"LKR 7,000 - 9,000"
0,0.08,0.1473,0.18259,5-6 hours,"LKR 9,000 - 12,000"
0,0.08,0.23692,0.12506,5-6 hours,"LKR 9,000 - 12,000"
0,0.08,0.17912,0.15569,6-7 hours,"LKR 12,000 - 15,000"
0,0.08,0.14155,0.1932,5-6 hours,"LKR 9,000 - 12,000"
0,0.08,0.24653,0.13008,5-6 hours,"LKR 9,000 - 12,000"
2,0.1,0.34324,0.2228,5-6 hours,"LKR 9,000 - 12,000"
1,0.04,0.13212,0.05698,4-5 hours,"LKR 7,000 - 9,000"
1,0.04,0.06928,0.0731,4-5 hours,"LKR 7,000 - 9,000"
2,0.1,0.26845,0.23326,6-7 hours,"LKR 12,000 - 15,000"
1,0.03928,0.08561,0.09819,4-5 hours,"LKR 7,000 - 9,000"
1,0.04,0.10171,0.09239,5-6 hours,"LKR 9,000 - 12,000"
0,0.0677,0.17568,0.10123,5-6 hours,"LKR 9,000 - 12,000"
0,0.05449,0.13915,0.11698,5-6 hours,"LKR 9,000 - 12,000"
0,0.02622,0.06748,0.03411,4-5 hours,"LKR 7,000 - 9,000"
1,0.04,0.11665,0.07429,4-5 hours,"LKR 7,000 - 9,000"
0,0.08,0.17363,0.17551,5-6 hours,"LKR 9,000 - 12,000"
1,0.04,0.08981,0.08961,4-5 hours,"LKR 7,000 - 9,000"
1,0.04,0.10681,0.05039,4-5 hours,"LKR 7,000 - 9,000"
0,0.08,0.22488,0.18397,5-6 hours,"LKR 9,000 - 12,000"
0,0.08,0.13831,0.16183,5-6 hours,"LKR 9,000 - 12,000"
0,0.08,0.22887,0.1006,5-6 hours,"LKR 9,000 - 12,000"
1,0.02268,0.07055,0.04508,3-4 hours,"LKR 5,000 - 7,000"
0,0.08,0.27115,0.09055,5-6 hours,"LKR 9,000 - 12,000"
1,0.04,0.1317,0.09475,4-5 hours,"LKR 7,000 - 9,000"
0,0.08,0.25506,0.14517,5-6 hours,"LKR 9,000 - 12,000"
1,0.04,0.12715,0.08583,4-5 hours,"LKR 7,000 - 9,000"
1,0.03413,0.10453,0.05323,4-5 hours,"LKR 7,000 - 9,000"
1,0.01657,0.03002,0.03841,3-4 hours,"LKR 5,000 - 7,000"
0,0.08,0.14581,0.10287,5-6 hours,"LKR 9,000 - 12,000"
1,0.04,0.06433,0.04412,4-5 hours,"LKR 7,000 - 9,000"
0,0.08,0.21532,0.14305,5-6 hours,"LKR 9,000 - 12,000"
1,0.04,0.13863,0.04777,4-5 hours,"LKR 7,000 - 9,000"
1,0.04,0.12946,0.04208,5-6 hours,"LKR 9,000 - 12,000"
2,0.1,0.19544,0.21292,5-6 hours,"LKR 9,000 - 12,000"
0,0.04938,0.11462,0.07487,5-6 hours,"LKR 9,000 - 12,000"
0,0.08,0.13707,0.11477,5-6 hours,"LKR 9,000 - 12,000"
0,0.05297,0.08256,0.09234,5-6 hours,"LKR 9,000 - 12,000"
0,0.08,0.17327,0.17768,5-6 hours,"LKR 9,000 - 12,000"
0,0.08,0.19438,0.08893,5-6 hours,"LKR 9,000 - 12,000"
0,0.08,0.16198,0.10934,5-6 hours,"LKR 9,000 - 12,000"
1,0.03252,0.08275,0.03962,4-5 hours,"LKR 7,000 - 9,000"
1,0.04,0.09566,0.08395,4-5 hours,"LKR 7,000 - 9,000"
1,0.04,0.0799,0.08321,4-5 hours,"LKR 7,000 - 9,000"
2,0.1,0.20286,0.10675,5-6 hours,"LKR 9,000 - 12,000"
0,0.08,0.23284,0.18111,5-6 hours,"LKR 9,000 - 12,000"
0,0.08,0.17916,0.1338,6-7 hours,"LKR 12,000 - 15,000"
2,0.1,0.33523,0.13214,5-6 hours,"LKR 9,000 - 12,000"
0,0.08,0.19753,0.09892,5-6 hours,"LKR 9,000 - 12,000"
0,0.08,0.2432,0.11147,5-6 hours,"LKR 9,000 - 12,000"
2,0.1,0.19533,0.13387,5-6 hours,"LKR 9,000 - 12,000"
1,0.04,0.11537,0.04382,4-5 hours,"LKR 7,000 - 9,000"
1,0.04,0.13733,0.05992,4-5 hours,"LKR 7,000 - 9,000"
0,0.08,0.20487,0.19641,5-6 hours,"LKR 9,000 - 12,000"
0,0.08,0.24244,0.13032,5-6 hours,"LKR 9,000 - 12,000"
1,0.04,0.10999,0.08664,4-5 hours,"LKR 7,000 - 9,000"
1,0.04,0.13173,0.06984,4-5 hours,"LKR 7,000 - 9,000"
2,0.1,0.31689,0.24166,5-6 hours,"LKR 9,000 - 12,000"
1,0.04,0.07198,0.09238,5-6 hours,"LKR 9,000 - 12,000"
2,0.1,0.34086,0.21972,5-6 hours,"LKR 9,000 - 12,000"
2,0.1,0.33709,0.21177,5-6 hours,"LKR 9,000 - 12,000"
0,0.08,0.2051,0.13414,5-6 hours,"LKR 9,000 - 12,000"
0,0.08,0.27884,0.1543,5-6 hours,"LKR 9,000 - 12,000"
1,0.04,0.09064,0.04829,4-5 hours,"LKR 7,000 - 9,000"
2,0.1,0.32694,0.15633,5-6 hours,"LKR 9,000 - 12,000"
0,0.08,0.25225,0.12804,5-6 hours,"LKR 9,000 - 12,000"
1,0.04,0.13415,0.04698,5-6 hours,"LKR 9,000 - 12,000"
0,0.08,0.14306,0.14758,6-7 hours,"LKR 12,000 - 15,000"
1,0.04,0.10985,0.07179,4-5 hours,"LKR 7,000 - 9,000"
1,0.04,0.13385,0.05572,4-5 hours,"LKR 7,000 - 9,000"
0,0.08,0.16309,0.15306,5-6 hours,"LKR 9,000 - 12,000"
1,0.04,0.11722,0.05848,4-5 hours,"LKR 7,000 - 9,000"
0,0.08,0.27107,0.1554,6-7 hours,"LKR 12,000 - 15,000"
0,0.05164,0.15667,0.10528,5-6 hours,"LKR 9,000 - 12,000"
1,0.04,0.10116,0.09522,4-5 hours,"LKR 7,000 - 9,000"
1,0.04,0.12101,0.08878,4-5 hours,"LKR 7,000 - 9,000"
0,0.08,0.22515,0.08389,6-7 hours,"LKR 12,000 - 15,000"
1,0.04,0.13229,0.04845,4-5 hours,"LKR 7,000 - 9,000"
0,0.08,0.26288,0.16306,5-6 hours,"LKR 9,000 - 12,000"
2,0.1,0.31886,0.12236,5-6 hours,"LKR 9,000 - 12,000"
1,0.03817,0.12231,0.08078,4-5 hours,"LKR 7,000 - 9,000"
2,0.1,0.21471,0.16003,5-6 hours,"LKR 9,000 - 12,000"
0,0.04658,0.07508,0.07273,4-5 hours,"LKR 7,000 - 9,000"
2,0.1,0.31605,0.15783,6-7 hours,"LKR 12,000 - 15,000"
0,0.08,0.18873,0.1281,6-7 hours,"LKR 12,000 - 15,000"
0,0.08,0.22511,0.09347,5-6 hours,"LKR 9,000 - 12,000"
0,0.08,0.19578,0.13486,5-6 hours,"LKR 9,000 - 12,000"
0,0.08,0.20471,0.13742,5-6 hours,"LKR 9,000 - 12,000"
1,0.04,0.08854,0.0626,4-5 hours,"LKR 7,000 - 9,000"
0,0.08,0.1694,0.10921,5-6 hours,"LKR 9,000 - 12,000"
1,0.04,0.10839,0.05536,4-5 hours,"LKR 7,000 - 9,000"
0,0.08,0.13093,0.11541,5-6 hours,"LKR 9,000 - 12,000"
0,0.08,0.25268,0.10403,5-6 hours,"LKR 9,000 - 12,000"
0,0.06012,0.20743,0.06475,5-6 hours,"LKR 9,000 - 12,000"
0,0.08,0.13684,0.1187,5-6 hours,"LKR 9,000 - 12,000"
2,0.1,0.16911,0.16311,5-6 hours,"LKR 9,000 - 12,000"
1,0.04,0.12026,0.07946,4-5 hours,"LKR 7,000 - 9,000"
0,0.0779,0.14896,0.11142,5-6 hours,"LKR 9,000 - 12,000"
1,0.04,0.06884,0.09914,4-5 hours,"LKR 7,000 - 9,000"
0,0.08,0.18382,0.16836,5-6 hours,"LKR 9,000 - 12,000"
0,0.08,0.15701,0.18479,5-6 hours,"LKR 9,000 - 12,000"
0,0.07759,0.22249,0.11499,5-6 hours,"LKR 9,000 - 12,000"
0,0.08,0.25702,0.16182,5-6 hours,"LKR 9,000 - 12,000"
2,0.1,0.20196,0.14195,5-6 hours,"LKR 9,000 - 12,000"
1,0.04,0.0847,0.08525,4-5 hours,"LKR 7,000 - 9,000"
1,0.04,0.11079,0.0707,4-5 hours,"LKR 7,000 - 9,000"
0,0.04754,0.16119,0.07133,4-5 hours,"LKR 7,000 - 9,000"
2,0.1,0.20738,0.14992,5-6 hours,"LKR 9,000 - 12,000"
1,0.04,0.1161,0.09658,4-5 hours,"LKR 7,000 - 9,000"
1,0.04,0.1197,0.07329,4-5 hours,"LKR 7,000 - 9,000"
2,0.1,0.27426,0.17916,5-6 hours,"LKR 9,000 - 12,000"
0,0.08,0.20653,0.11876,5-6 hours,"LKR 9,000 - 12,000"
2,0.1,0.23617,0.1908,5-6 hours,"LKR 9,000 - 12,000"
2,0.1,0.2654,0.13242,5-6 hours,"LKR 9,000 - 12,000"
1,0.04,0.11792,0.09374,4-5 hours,"LKR 7,000 - 9,000"
1,0.04,0.09787,0.07191,5-6 hours,"LKR 9,000 - 12,000"
2,0.1,0.23813,0.15277,5-6 hours,"LKR 9,000 - 12,000"
2,0.1,0.28068,0.11695,5-6 hours,"LKR 9,000 - 12,000"
1,0.04,0.12868,0.05015,4-5 hours,"LKR 7,000 - 9,000"
0,0.08,0.22191,0.10829,5-6 hours,"LKR 9,000 - 12,000"
2,0.1,0.30533,0.23567,5-6 hours,"LKR 9,000 - 12,000"
0,0.08,0.18599,0.11596,5-6 hours,"LKR 9,000 - 12,000"
0,0.08,0.26409,0.15215,5-6 hours,"LKR 9,000 - 12,000"
0,0.08,0.1372,0.15285,5-6 hours,"LKR 9,000 - 12,000"
1,0.04,0.10195,0.0525,4-5 hours,"LKR 7,000 - 9,000"
0,0.06494,0.21077,0.07183,5-6 hours,"LKR 9,000 - 12,000"
1,0.04,0.11375,0.06502,4-5 hours,"LKR 7,000 - 9,000"
1,0.04,0.11159,0.09241,4-5 hours,"LKR 7,000 - 9,000"
0,0.08,0.15589,0.16305,5-6 hours,"LKR 9,000 - 12,000"
2,0.1,0.28609,0.14542,5-6 hours,"LKR 9,000 - 12,000"
1,0.04,0.11727,0.06504,4-5 hours,"LKR 7,000 - 9,000"
1,0.04,0.08345,0.07412,4-5 hours,"LKR 7,000 - 9,000"
0,0.03094,0.10374,0.03607,4-5 hours,"LKR 7,000 - 9,000"
2,0.1,0.29347,0.22332,5-6 hours,"LKR 9,000 - 12,000"
2,0.1,0.21733,0.1289,5-6 hours,"LKR 9,000 - 12,000"
0,0.08,0.27328,0.12306,5-6 hours,"LKR 9,000 - 12,000"
0,0.08,0.16169,0.13739,6-7 hours,"LKR 12,000 - 15,000"
0,0.02977,0.06731,0.04321,4-5 hours,"LKR 7,000 - 9,000"
0,0.08,0.18671,0.15811,5-6 hours,"LKR 9,000 - 12,000"
0,0.08,0.16643,0.17656,5-6 hours,"LKR 9,000 - 12,000"
0,0.08,0.19221,0.13489,5-6 hours,"LKR 9,000 - 12,000"
0,0.08,0.22595,0.12594,5-6 hours,"LKR 9,000 - 12,000"
1,0.04,0.07733,0.09336,4-5 hours,"LKR 7,000 - 9,000"
0,0.08,0.25631,0.1389,5-6 hours,"LKR 9,000 - 12,000"
2,0.1,0.1712,0.13857,5-6 hours,"LKR 9,000 - 12,000"
1,0.04,0.13829,0.05131,4-5 hours,"LKR 7,000 - 9,000"
1,0.04,0.13786,0.05262,4-5 hours,"LKR 7,000 - 9,000"
1,0.03304,0.0925,0.07521,4-5 hours,"LKR 7,000 - 9,000"
1,0.04,0.07942,0.08297,4-5 hours,"LKR 7,000 - 9,000"
1,0.04,0.08321,0.04216,4-5 hours,"LKR 7,000 - 9,000"
2,0.1,0.21618,0.24924,6-7 hours,"LKR 12,000 - 15,000"
0,0.08,0.23074,0.19136,6-7 hours,"LKR 12,000 - 15,000"
0,0.08,0.21296,0.19191,5-6 hours,"LKR 9,000 - 12,000"
0,0.08,0.19557,0.19708,6-7 hours,"LKR 12,000 - 15,000"
1,0.04,0.12963,0.09841,4-5 hours,"LKR 7,000 - 9,000"
1,0.04,0.13885,0.04511,4-5 hours,"LKR 7,000 - 9,000"
2,0.1,0.17738,0.132,5-6 hours,"LKR 9,000 - 12,000"
0,0.08,0.27706,0.08133,5-6 hours,"LKR 9,000 - 12,000"
1,0.04,0.0663,0.07719,5-6 hours,"LKR 9,000 - 12,000"
0,0.08,0.16556,0.0821,5-6 hours,"LKR 9,000 - 12,000"
1,0.04,0.10302,0.09728,4-5 hours,"LKR 7,000 - 9,000"
2,0.1,0.30949,0.20304,5-6 hours,"LKR 9,000 - 12,000"
0,0.08,0.24095,0.09449,5-6 hours,"LKR 9,000 - 12,000"
1,0.04,0.13284,0.05856,4-5 hours,"LKR 7,000 - 9,000"
0,0.08,0.27645,0.08861,6-7 hours,"LKR 12,000 - 15,000"
0,0.08,0.26907,0.11057,5-6 hours,"LKR 9,000 - 12,000"
2,0.1,0.18932,0.19332,5-6 hours,"LKR 9,000 - 12,000"
0,0.08,0.16232,0.19981,5-6 hours,"LKR 9,000 - 12,000"
0,0.07017,0.24381,0.07383,5-6 hours,"LKR 9,000 - 12,000"
2,0.01,0.02089,0.02421,3-4 hours,"LKR 5,000 - 7,000"
1,0.04,0.10893,0.05576,4-5 hours,"LKR 7,000 - 9,000"
0,0.05837,0.14234,0.10787,6-7 hours,"LKR 12,000 - 15,000"
2,0.1,0.26687,0.12818,5-6 hours,"LKR 9,000 - 12,000"
1,0.04,0.09106,0.08392,4-5 hours,"LKR 7,000 - 9,000"
1,0.04,0.10505,0.07347,4-5 hours,"LKR 7,000 - 9,000"
2,0.1,0.20062,0.12832,5-6 hours,"LKR 9,000 - 12,000"
2,0.1,0.28928,0.20174,5-6 hours,"LKR 9,000 - 12,000"
1,0.04,0.08048,0.07797,4-5 hours,"LKR 7,000 - 9,000"
0,0.08,0.24078,0.15915,5-6 hours,"LKR 9,000 - 12,000"
0,0.08,0.15993,0.11761,5-6 hours,"LKR 9,000 - 12,000"
1,0.04,0.07018,0.05973,4-5 hours,"LKR 7,000 - 9,000"
1,0.04,0.08192,0.05724,5-6 hours,"LKR 9,000 - 12,000"
0,0.08,0.18428,0.13332,6-7 hours,"LKR 12,000 - 15,000"
0,0.08,0.23956,0.16287,5-6 hours,"LKR 9,000 - 12,000"
1,0.04,0.09242,0.04084,4-5 hours,"LKR 7,000 - 9,000"
0,0.08,0.16203,0.14539,5-6 hours,"LKR 9,000 - 12,000"
1,0.04,0.10653,0.06781,4-5 hours,"LKR 7,000 - 9,000"
0,0.08,0.26771,0.18483,5-6 hours,"LKR 9,000 - 12,000"
0,0.06303,0.09953,0.10365,5-6 hours,"LKR 9,000 - 12,000"
0,0.08,0.25524,0.1789,5-6 hours,"LKR 9,000 - 12,000"
1,0.04,0.09583,0.05888,4-5 hours,"LKR 7,000 - 9,000"
0,0.08,0.12486,0.12304,5-6 hours,"LKR 9,000 - 12,000"
2,0.1,0.16235,0.21291,5-6 hours,"LKR 9,000 - 12,000"
0,0.08,0.25168,0.16823,5-6 hours,"LKR 9,000 - 12,000"
0,0.08,0.16591,0.17192,5-6 hours,"LKR 9,000 - 12,000"
1,0.04,0.0883,0.06218,5-6 hours,"LKR 9,000 - 12,000"
1,0.04,0.08116,0.06007,4-5 hours,"LKR 7,000 - 9,000"
0,0.08,0.27527,0.08346,5-6 hours,"LKR 9,000 - 12,000"
0,0.08,0.17121,0.11259,5-6 hours,"LKR 9,000 - 12,000"
1,0.04,0.12629,0.09022,4-5 hours,"LKR 7,000 - 9,000"
0,0.08,0.16978,0.19341,5-6 hours,"LKR 9,000 - 12,000"
1,0.04,0.121,0.05015,4-5 hours,"LKR 7,000 - 9,000"
1,0.04,0.08282,0.04058,4-5 hours,"LKR 7,000 - 9,000"
2,0.1,0.30781,0.15589,5-6 hours,"LKR 9,000 - 12,000"
0,0.08,0.19768,0.12186,5-6 hours,"LKR 9,000 - 12,000"
1,0.04,0.11273,0.08824,4-5 hours,"LKR 7,000 - 9,000"
0,0.08,0.16242,0.11723,5-6 hours,"LKR 9,000 - 12,000"
0,0.08,0.25419,0.10907,5-6 hours,"LKR 9,000 - 12,000"
0,0.08,0.22122,0.10116,5-6 hours,"LKR 9,000 - 12,000"
0,0.08,0.16736,0.08977,5-6 hours,"LKR 9,000 - 12,000"
0,0.08,0.15816,0.19004,5-6 hours,"LKR 9,000 - 12,000"
1,0.04,0.09481,0.06154,4-5 hours,"LKR 7,000 - 9,000"
0,0.08,0.22134,0.12004,5-6 hours,"LKR 9,000 - 12,000"
2,0.1,0.21019,0.24557,5-6 hours,"LKR 9,000 - 12,000"
2,0.1,0.29831,0.23217,5-6 hours,"LKR 9,000 - 12,000"
0,0.03199,0.06097,0.07401,4-5 hours,"LKR 7,000 - 9,000"
0,0.08,0.23501,0.08654,5-6 hours,"LKR 9,000 - 12,000"
0,0.08,0.20112,0.19685,5-6 hours,"LKR 9,000 - 12,000"
0,0.08,0.14374,0.1426,5-6 hours,"LKR 9,000 - 12,000"
1,0.04,0.09749,0.06084,4-5 hours,"LKR 7,000 - 9,000"
0,0.08,0.1859,0.10842,5-6 hours,"LKR 9,000 - 12,000"
0,0.08,0.25721,0.15082,5-6 hours,"LKR 9,000 - 12,000"
0,0.08,0.18385,0.09038,5-6 hours,"LKR 9,000 - 12,000"
0,0.06253,0.13577,0.08474,5-6 hours,"LKR 9,000 - 12,000"
2,0.1,0.16205,0.13835,5-6 hours,"LKR 9,000 - 12,000"
1,0.04,0.1021,0.06607,5-6 hours,"LKR 9,000 - 12,000"
1,0.04,0.13433,0.08879,4-5 hours,"LKR 7,000 - 9,000"
2,0.1,0.30017,0.21956,5-6 hours,"LKR 9,000 - 12,000"
0,0.08,0.13343,0.14392,5-6 hours,"LKR 9,000 - 12,000"
0,0.08,0.123,0.15198,5-6 hours,"LKR 9,000 - 12,000"
1,0.04,0.13973,0.06602,4-5 hours,"LKR 7,000 - 9,000"
2,0.1,0.18996,0.10567,5-6 hours,"LKR 9,000 - 12,000"
1,0.04,0.10042,0.06206,4-5 hours,"LKR 7,000 - 9,000"
1,0.04,0.11927,0.0672,5-6 hours,"LKR 9,000 - 12,000"
1,0.01328,0.04622,0.02776,2-3 hours,"LKR 3,000 - 5,000"
1,0.04,0.12967,0.06361,4-5 hours,"LKR 7,000 - 9,000"
1,0.04,0.06332,0.05948,4-5 hours,"LKR 7,000 - 9,000"
0,0.08,0.17181,0.12349,5-6 hours,"LKR 9,000 - 12,000"
0,0.07744,0.18254,0.09191,5-6 hours,"LKR 9,000 - 12,000"
0,0.08,0.12261,0.17786,5-6 hours,"LKR 9,000 - 12,000"
1,0.04,0.07578,0.04594,4-5 hours,"LKR 7,000 - 9,000"
0,0.00728,0.02072,0.01539,2-3 hours,"LKR 3,000 - 5,000"
1,0.04,0.07067,0.08273,4-5 hours,"LKR 7,000 - 9,000"
1,0.04,0.06773,0.08998,4-5 hours,"LKR 7,000 - 9,000"
1,0.04,0.06483,0.08602,4-5 hours,"LKR 7,000 - 9,000"
0,0.05769,0.1251,0.10005,5-6 hours,"LKR 9,000 - 12,000"
2,0.1,0.20229,0.15391,5-6 hours,"LKR 9,000 - 12,000"
0,0.08,0.24509,0.08269,5-6 hours,"LKR 9,000 - 12,000"
0,0.06589,0.16607,0.12268,5-6 hours,"LKR 9,000 - 12,000"
0,0.08,0.24009,0.16308,5-6 hours,"LKR 9,000 - 12,000"
0,0.08,0.25044,0.11003,6-7 hours,"LKR 12,000 - 15,000"
0,0.08,0.25723,0.15067,5-6 hours,"LKR 9,000 - 12,000"
0,0.08,0.13633,0.09301,5-6 hours,"LKR 9,000 - 12,000"
1,0.03091,0.07321,0.05813,4-5 hours,"LKR 7,000 - 9,000"
0,0.08,0.2524,0.10588,5-6 hours,"LKR 9,000 - 12,000"
0,0.02155,0.06834,0.03206,4-5 hours,"LKR 7,000 - 9,000"
1,0.01902,0.04691,0.02387,3-4 hours,"LKR 5,000 - 7,000"
2,0.1,0.17427,0.10621,6-7 hours,"LKR 12,000 - 15,000"
0,0.03664,0.10163,0.05293,4-5 hours,"LKR 7,000 - 9,000"
1,0.04,0.07206,0.09779,4-5 hours,"LKR 7,000 - 9,000"
1,0.04,0.07835,0.08077,4-5 hours,"LKR 7,000 - 9,000"
0,0.08,0.27953,0.1245,5-6 hours,"LKR 9,000 - 12,000"
0,0.04985,0.10669,0.05772,4-5 hours,"LKR 7,000 - 9,000"
0,0.0592,0.20673,0.07141,5-6 hours,"LKR 9,000 - 12,000"
0,0.08,0.12354,0.11442,5-6 hours,"LKR 9,000 - 12,000"
2,0.1,0.17707,0.18174,5-6 hours,"LKR 9,000 - 12,000"
0,0.03199,0.08198,0.03955,4-5 hours,"LKR 7,000 - 9,000"
0,0.08,0.24769,0.13573,5-6 hours,"LKR 9,000 - 12,000"
0,0.06207,0.18085,0.0759,5-6 hours,"LKR 9,000 - 12,000"
1,0.04,0.07697,0.05588,5-6 hours,"LKR 9,000 - 12,000"
0,0.08,0.26274,0.09004,5-6 hours,"LKR 9,000 - 12,000"
1,0.04,0.13363,0.05648,4-5 hours,"LKR 7,000 - 9,000"
0,0.08,0.22232,0.13538,5-6 hours,"LKR 9,000 - 12,000"
1,0.04,0.07499,0.08175,4-5 hours,"LKR 7,000 - 9,000"
0,0.08,0.1214,0.09982,5-6 hours,"LKR 9,000 - 12,000"
1,0.04,0.13167,0.06291,4-5 hours,"LKR 7,000 - 9,000"
0,0.0702,0.23274,0.12361,5-6 hours,"LKR 9,000 - 12,000"
1,0.04,0.13216,0.08497,4-5 hours,"LKR 7,000 - 9,000"
1,0.04,0.10043,0.07329,4-5 hours,"LKR 7,000 - 9,000"
1,0.04,0.0769,0.06501,4-5 hours,"LKR 7,000 - 9,000"
2,0.1,0.22415,0.13077,5-6 hours,"LKR 9,000 - 12,000"
0,0.06086,0.09803,0.0901,5-6 hours,"LKR 9,000 - 12,000"
0,0.08,0.17343,0.1834,5-6 hours,"LKR 9,000 - 12,000"
2,0.1,0.33123,0.11037,5-6 hours,"LKR 9,000 - 12,000"
0,0.08,0.26492,0.08806,5-6 hours,"LKR 9,000 - 12,000"
0,0.08,0.26372,0.14803,5-6 hours,"LKR 9,000 - 12,000"
0,0.04951,0.07903,0.08007,4-5 hours,"LKR 7,000 - 9,000"
1,0.04,0.10683,0.06139,4-5 hours,"LKR 7,000 - 9,000"
0,0.08,0.18092,0.10422,5-6 hours,"LKR 9,000 - 12,000"
1,0.04,0.08242,0.07934,4-5 hours,"LKR 7,000 - 9,000"
1,0.04,0.08654,0.09512,4-5 hours,"LKR 7,000 - 9,000"
1,0.02628,0.05712,0.0452,3-4 hours,"LKR 5,000 - 7,000"
1,0.04,0.08734,0.07459,4-5 hours,"LKR 7,000 - 9,000"
0,0.08,0.23149,0.14024,5-6 hours,"LKR 9,000 - 12,000"
2,0.1,0.18771,0.12738,5-6 hours,"LKR 9,000 - 12,000"
1,0.04,0.09872,0.07998,4-5 hours,"LKR 7,000 - 9,000"
1,0.04,0.09013,0.04814,4-5 hours,"LKR 7,000 - 9,000"
0,0.08,0.21812,0.12322,5-6 hours,"LKR 9,000 - 12,000"
0,0.08,0.1854,0.18975,5-6 hours,"LKR 9,000 - 12,000"
0,0.08,0.16732,0.15624,5-6 hours,"LKR 9,000 - 12,000"
1,0.04,0.13743,0.06483,4-5 hours,"LKR 7,000 - 9,000"
2,0.1,0.31182,0.1166,5-6 hours,"LKR 9,000 - 12,000"
0,0.08,0.269,0.11878,5-6 hours,"LKR 9,000 - 12,000"
1,0.04,0.11824,0.08636,4-5 hours,"LKR 7,000 - 9,000"
0,0.08,0.19242,0.10948,5-6 hours,"LKR 9,000 - 12,000"
1,0.04,0.13741,0.08865,4-5 hours,"LKR 7,000 - 9,000"
0,0.08,0.26011,0.15071,5-6 hours,"LKR 9,000 - 12,000"
1,0.04,0.07156,0.06277,4-5 hours,"LKR 7,000 - 9,000"
1,0.04,0.09629,0.08309,4-5 hours,"LKR 7,000 - 9,000"
1,0.04,0.08632,0.07738,4-5 hours,"LKR 7,000 - 9,000"
1,0.03651,0.10486,0.06743,4-5 hours,"LKR 7,000 - 9,000"
2,0.1,0.21495,0.12191,5-6 hours,"LKR 9,000 - 12,000"
1,0.04,0.09711,0.09067,4-5 hours,"LKR 7,000 - 9,000"
0,0.08,0.2748,0.11491,5-6 hours,"LKR 9,000 - 12,000"
0,0.08,0.27338,0.12502,5-6 hours,"LKR 9,000 - 12,000"
2,0.1,0.15261,0.15095,5-6 hours,"LKR 9,000 - 12,000"
0,0.08,0.19556,0.14224,5-6 hours,"LKR 9,000 - 12,000"
1,0.04,0.08849,0.06788,4-5 hours,"LKR 7,000 - 9,000"
2,0.1,0.24555,0.17014,5-6 hours,"LKR 9,000 - 12,000"
2,0.1,0.23996,0.13264,5-6 hours,"LKR 9,000 - 12,000"
0,0.08,0.14639,0.1188,5-6 hours,"LKR 9,000 - 12,000"
1,0.04,0.10304,0.0671,4-5 hours,"LKR 7,000 - 9,000"
2,0.1,0.15251,0.15192,6-7 hours,"LKR 12,000 - 15,000"
0,0.08,0.18313,0.11652,5-6 hours,"LKR 9,000 - 12,000"
0,0.08,0.18715,0.13293,6-7 hours,"LKR 12,000 - 15,000"
1,0.04,0.06746,0.09702,4-5 hours,"LKR 7,000 - 9,000"
0,0.07804,0.17099,0.11595,5-6 hours,"LKR 9,000 - 12,000"
1,0.03891,0.07663,0.09621,4-5 hours,"LKR 7,000 - 9,000"
1,0.04,0.09801,0.06252,4-5 hours,"LKR 7,000 - 9,000"
0,0.08,0.13709,0.09719,5-6 hours,"LKR 9,000 - 12,000"
0,0.08,0.27913,0.13373,5-6 hours,"LKR 9,000 - 12,000"
2,0.1,0.26485,0.12849,5-6 hours,"LKR 9,000 - 12,000"
0,0.08,0.27021,0.14718,6-7 hours,"LKR 12,000 - 15,000"
0,0.08,0.15614,0.14785,5-6 hours,"LKR 9,000 - 12,000"
0,0.08,0.19368,0.16092,5-6 hours,"LKR 9,000 - 12,000"
1,0.03221,0.11042,0.05482,4-5 hours,"LKR 7,000 - 9,000"
0,0.08,0.27629,0.14256,5-6 hours,"LKR 9,000 - 12,000"
2,0.1,0.3017,0.19877,6-7 hours,"LKR 12,000 - 15,000"
0,0.08,0.13334,0.12646,5-6 hours,"LKR 9,000 - 12,000"
0,0.08,0.26534,0.14005,5-6 hours,"LKR 9,000 - 12,000"
1,0.01548,0.04229,0.03061,4-5 hours,"LKR 7,000 - 9,000"
1,0.04,0.10359,0.04958,4-5 hours,"LKR 7,000 - 9,000"
0,0.08,0.26677,0.1089,5-6 hours,"LKR 9,000 - 12,000"
0,0.08,0.26464,0.15026,5-6 hours,"LKR 9,000 - 12,000"
1,0.04,0.11811,0.06616,4-5 hours,"LKR 7,000 - 9,000"
0,0.08,0.21546,0.11757,5-6 hours,"LKR 9,000 - 12,000"
0,0.08,0.17222,0.10019,5-6 hours,"LKR 9,000 - 12,000"
2,0.1,0.26255,0.17245,5-6 hours,"LKR 9,000 - 12,000"
1,0.04,0.12429,0.04947,4-5 hours,"LKR 7,000 - 9,000"
1,0.04,0.13964,0.04941,4-5 hours,"LKR 7,000 - 9,000"
1,0.04,0.12789,0.04926,4-5 hours,"LKR 7,000 - 9,000"
2,0.1,0.28281,0.19904,5-6 hours,"LKR 9,000 - 12,000"
0,0.08,0.21197,0.13488,5-6 hours,"LKR 9,000 - 12,000"
0,0.08,0.20455,0.09168,5-6 hours,"LKR 9,000 - 12,000"
2,0.1,0.2296,0.11148,5-6 hours,"LKR 9,000 - 12,000"
0,0.08,0.22218,0.09552,5-6 hours,"LKR 9,000 - 12,000"
0,0.08,0.22114,0.13127,6-7 hours,"LKR 12,000 - 15,000"
1,0.00885,0.01814,0.01454,3-4 hours,"LKR 5,000 - 7,000"
1,0.04,0.13377,0.09818,4-5 hours,"LKR 7,000 - 9,000"
1,0.04,0.13169,0.04736,4-5 hours,"LKR 7,000 - 9,000"
1,0.04,0.10122,0.09875,4-5 hours,"LKR 7,000 - 9,000"
1,0.04,0.09978,0.09413,4-5 hours,"LKR 7,000 - 9,000"
0,0.08,0.23573,0.08258,5-6 hours,"LKR 9,000 - 12,000"
2,0.08693,0.22095,0.20443,6-7 hours,"LKR 12,000 - 15,000"
1,0.04,0.06975,0.06576,4-5 hours,"LKR 7,000 - 9,000"
1,0.04,0.09699,0.06273,4-5 hours,"LKR 7,000 - 9,000"
1,0.03321,0.07467,0.04735,4-5 hours,"LKR 7,000 - 9,000"
1,0.04,0.10518,0.06139,4-5 hours,"LKR 7,000 - 9,000"
1,0.04,0.13196,0.04306,4-5 hours,"LKR 7,000 - 9,000"
1,0.04,0.0878,0.07048,4-5 hours,"LKR 7,000 - 9,000"
1,0.04,0.13748,0.08093,5-6 hours,"LKR 9,000 - 12,000"
0,0.08,0.17171,0.11546,5-6 hours,"LKR 9,000 - 12,000"
0,0.08,0.14357,0.11356,5-6 hours,"LKR 9,000 - 12,000"
0,0.08,0.18272,0.10184,5-6 hours,"LKR 9,000 - 12,000"
2,0.1,0.30903,0.20534,5-6 hours,"LKR 9,000 - 12,000"
0,0.08,0.27421,0.12216,5-6 hours,"LKR 9,000 - 12,000"
0,0.05691,0.16626,0.07434,5-6 hours,"LKR 9,000 - 12,000"
0,0.08,0.16461,0.1861,5-6 hours,"LKR 9,000 - 12,000"
0,0.08,0.22413,0.10069,5-6 hours,"LKR 9,000 - 12,000"
1,0.04,0.13071,0.08825,4-5 hours,"LKR 7,000 - 9,000"
0,0.08,0.17116,0.09142,6-7 hours,"LKR 12,000 - 15,000"
0,0.08,0.13273,0.13186,5-6 hours,"LKR 9,000 - 12,000"
2,0.1,0.22863,0.16419,5-6 hours,"LKR 9,000 - 12,000"
1,0.04,0.08562,0.08917,4-5 hours,"LKR 7,000 - 9,000"
0,0.08,0.13555,0.14519,5-6 hours,"LKR 9,000 - 12,000"
2,0.08965,0.16362,0.17275,5-6 hours,"LKR 9,000 - 12,000"
2,0.1,0.22318,0.15456,5-6 hours,"LKR 9,000 - 12,000"
0,0.08,0.14928,0.13374,5-6 hours,"LKR 9,000 - 12,000"
0,0.08,0.15406,0.14653,5-6 hours,"LKR 9,000 - 12,000"
0,0.08,0.18115,0.18439,5-6 hours,"LKR 9,000 - 12,000"
0,0.08,0.13473,0.1799,5-6 hours,"LKR 9,000 - 12,000"
0,0.08,0.19844,0.13424,5-6 hours,"LKR 9,000 - 12,000"
0,0.08,0.16189,0.13803,5-6 hours,"LKR 9,000 - 12,000"
0,0.05947,0.1326,0.06288,5-6 hours,"LKR 9,000 - 12,000"
1,0.04,0.131,0.07764,4-5 hours,"LKR 7,000 - 9,000"
0,0.08,0.21263,0.10527,5-6 hours,"LKR 9,000 - 12,000"
1,0.04,0.12328,0.07356,4-5 hours,"LKR 7,000 - 9,000"
1,0.04,0.10032,0.07342,4-5 hours,"LKR 7,000 - 9,000"
0,0.08,0.14834,0.18201,5-6 hours,"LKR 9,000 - 12,000"
2,0.1,0.17019,0.14328,5-6 hours,"LKR 9,000 - 12,000"
0,0.08,0.14768,0.10713,6-7 hours,"LKR 12,000 - 15,000"
0,0.08,0.24193,0.16677,6-7 hours,"LKR 12,000 - 15,000"
2,0.1,0.24901,0.21988,6-7 hours,"LKR 12,000 - 15,000"
0,0.08,0.20325,0.12393,6-7 hours,"LKR 12,000 - 15,000"
1,0.04,0.13795,0.04847,4-5 hours,"LKR 7,000 - 9,000"
0,0.08,0.23256,0.11101,5-6 hours,"LKR 9,000 - 12,000"
2,0.1,0.23332,0.19842,5-6 hours,"LKR 9,000 - 12,000"
2,0.1,0.33462,0.12805,5-6 hours,"LKR 9,000 - 12,000"
0,0.08,0.15261,0.11678,5-6 hours,"LKR 9,000 - 12,000"
0,0.08,0.18154,0.19523,5-6 hours,"LKR 9,000 - 12,000"
0,0.08,0.13523,0.13455,5-6 hours,"LKR 9,000 - 12,000"
2,0.1,0.24116,0.15537,5-6 hours,"LKR 9,000 - 12,000"
1,0.04,0.07147,0.09724,4-5 hours,"LKR 7,000 - 9,000"
0,0.08,0.21269,0.19906,5-6 hours,"LKR 9,000 - 12,000"
2,0.1,0.19391,0.21227,6-7 hours,"LKR 12,000 - 15,000"
2,0.1,0.3052,0.22588,5-6 hours,"LKR 9,000 - 12,000"
2,0.1,0.32617,0.2107,5-6 hours,"LKR 9,000 - 12,000"
0,0.02422,0.0773,0.02538,4-5 hours,"LKR 7,000 - 9,000"
2,0.1,0.25756,0.13583,5-6 hours,"LKR 9,000 - 12,000"
1,0.04,0.08531,0.04331,4-5 hours,"LKR 7,000 - 9,000"
1,0.04,0.12021,0.06727,4-5 hours,"LKR 7,000 - 9,000"
2,0.1,0.2617,0.14282,5-6 hours,"LKR 9,000 - 12,000"
1,0.04,0.10428,0.08237,4-5 hours,"LKR 7,000 - 9,000"
1,0.04,0.10917,0.04036,5-6 hours,"LKR 9,000 - 12,000"
1,0.02245,0.05247,0.04429,3-4 hours,"LKR 5,000 - 7,000"
1,0.04,0.07546,0.05747,4-5 hours,"LKR 7,000 - 9,000"
1,0.04,0.12163,0.0518,4-5 hours,"LKR 7,000 - 9,000"
2,0.1,0.15994,0.19616,5-6 hours,"LKR 9,000 - 12,000"
2,0.1,0.33528,0.16476,6-7 hours,"LKR 12,000 - 15,000"
0,0.05935,0.17145,0.13184,5-6 hours,"LKR 9,000 - 12,000"
1,0.04,0.11204,0.07453,4-5 hours,"LKR 7,000 - 9,000"
0,0.08,0.22327,0.18402,5-6 hours,"LKR 9,000 - 12,000"
0,0.08,0.20946,0.08365,5-6 hours,"LKR 9,000 - 12,000"
1,0.04,0.08463,0.0461,4-5 hours,"LKR 7,000 - 9,000"
0,0.08,0.20913,0.16303,5-6 hours,"LKR 9,000 - 12,000"
0,0.08,0.23274,0.11944,5-6 hours,"LKR 9,000 - 12,000"
2,0.1,0.25208,0.2385,5-6 hours,"LKR 9,000 - 12,000"
0,0.08,0.22121,0.13876,5-6 hours,"LKR 9,000 - 12,000"
0,0.08,0.14451,0.18935,5-6 hours,"LKR 9,000 - 12,000"
1,0.04,0.10972,0.06396,4-5 hours,"LKR 7,000 - 9,000"
2,0.1,0.17557,0.20622,5-6 hours,"LKR 9,000 - 12,000"
0,0.08,0.24335,0.18929,5-6 hours,"LKR 9,000 - 12,000"
1,0.04,0.10791,0.08499,4-5 hours,"LKR 7,000 - 9,000"
0,0.08,0.25623,0.19541,5-6 hours,"LKR 9,000 - 12,000"
1,0.03104,0.07059,0.06601,4-5 hours,"LKR 7,000 - 9,000"
1,0.04,0.13127,0.05597,4-5 hours,"LKR 7,000 - 9,000"
2,0.1,0.18634,0.23081,5-6 hours,"LKR 9,000 - 12,000"
0,0.08,0.17793,0.13871,5-6 hours,"LKR 9,000 - 12,000"
0,0.08,0.12507,0.15347,5-6 hours,"LKR 9,000 - 12,000"
0,0.08,0.27939,0.1153,5-6 hours,"LKR 9,000 - 12,000"
1,0.04,0.08793,0.07643,4-5 hours,"LKR 7,000 - 9,000"
1,0.04,0.06224,0.04891,4-5 hours,"LKR 7,000 - 9,000"
2,0.1,0.20976,0.23694,5-6 hours,"LKR 9,000 - 12,000"
0,0.01522,0.04261,0.02593,3-4 hours,"LKR 5,000 - 7,000"
1,0.04,0.06512,0.09157,5-6 hours,"LKR 9,000 - 12,000"
1,0.04,0.06764,0.06537,4-5 hours,"LKR 7,000 - 9,000"
2,0.1,0.16493,0.21421,5-6 hours,"LKR 9,000 - 12,000"
0,0.08,0.14204,0.18827,5-6 hours,"LKR 9,000 - 12,000"
1,0.04,0.13078,0.05466,4-5 hours,"LKR 7,000 - 9,000"
1,0.04,0.11066,0.07324,5-6 hours,"LKR 9,000 - 12,000"
0,0.08,0.1687,0.13392,5-6 hours,"LKR 9,000 - 12,000"
0,0.08,0.18919,0.08695,5-6 hours,"LKR 9,000 - 12,000"
0,0.08,0.23556,0.11686,5-6 hours,"LKR 9,000 - 12,000"
2,0.09325,0.27608,0.13803,5-6 hours,"LKR 9,000 - 12,000"
1,0.04,0.08443,0.0871,4-5 hours,"LKR 7,000 - 9,000"
1,0.04,0.09083,0.07238,4-5 hours,"LKR 7,000 - 9,000"
1,0.04,0.07019,0.07725,4-5 hours,"LKR 7,000 - 9,000"
0,0.08,0.17313,0.16276,5-6 hours,"LKR 9,000 - 12,000"
1,0.04,0.1003,0.04621,4-5 hours,"LKR 7,000 - 9,000"
0,0.08,0.12853,0.16703,5-6 hours,"LKR 9,000 - 12,000"
2,0.1,0.33326,0.2391,5-6 hours,"LKR 9,000 - 12,000"
0,0.05844,0.14936,0.12625,6-7 hours,"LKR 12,000 - 15,000"
0,0.08,0.1705,0.16722,5-6 hours,"LKR 9,000 - 12,000"
0,0.08,0.15878,0.10977,5-6 hours,"LKR 9,000 - 12,000"
0,0.08,0.16259,0.19611,5-6 hours,"LKR 9,000 - 12,000"
1,0.04,0.09663,0.04873,4-5 hours,"LKR 7,000 - 9,000"
0,0.08,0.26453,0.08637,5-6 hours,"LKR 9,000 - 12,000"
1,0.04,0.10301,0.06203,4-5 hours,"LKR 7,000 - 9,000"
0,0.0707,0.1226,0.16985,5-6 hours,"LKR 9,000 - 12,000"
1,0.04,0.09794,0.08533,4-5 hours,"LKR 7,000 - 9,000"
0,0.08,0.2577,0.15471,6-7 hours,"LKR 12,000 - 15,000"
1,0.04,0.07371,0.07608,4-5 hours,"LKR 7,000 - 9,000"
0,0.08,0.25348,0.16372,5-6 hours,"LKR 9,000 - 12,000"
0,0.05152,0.13278,0.0732,6-7 hours,"LKR 12,000 - 15,000"
1,0.04,0.13938,0.04544,4-5 hours,"LKR 7,000 - 9,000"
1,0.04,0.09472,0.07712,4-5 hours,"LKR 7,000 - 9,000"
1,0.04,0.12027,0.07433,4-5 hours,"LKR 7,000 - 9,000"
1,0.0234,0.03919,0.03112,3-4 hours,"LKR 5,000 - 7,000"
0,0.08,0.13198,0.09622,5-6 hours,"LKR 9,000 - 12,000"
1,0.04,0.13021,0.08661,4-5 hours,"LKR 7,000 - 9,000"
0,0.08,0.22708,0.19643,5-6 hours,"LKR 9,000 - 12,000"
1,0.04,0.10417,0.08504,4-5 hours,"LKR 7,000 - 9,000"
2,0.1,0.34972,0.14983,5-6 hours,"LKR 9,000 - 12,000"
0,0.08,0.27333,0.17697,5-6 hours,"LKR 9,000 - 12,000"
0,0.08,0.21593,0.1974,5-6 hours,"LKR 9,000 - 12,000"
1,0.04,0.08957,0.04672,4-5 hours,"LKR 7,000 - 9,000"
0,0.08,0.21301,0.1506,5-6 hours,"LKR 9,000 - 12,000"
0,0.08,0.23623,0.13678,5-6 hours,"LKR 9,000 - 12,000"
0,0.08,0.1323,0.16562,6-7 hours,"LKR 12,000 - 15,000"
0,0.04309,0.14781,0.09837,4-5 hours,"LKR 7,000 - 9,000"
1,0.04,0.09241,0.07576,4-5 hours,"LKR 7,000 - 9,000"
0,0.08,0.12889,0.10131,5-6 hours,"LKR 9,000 - 12,000"
0,0.03777,0.06182,0.05919,4-5 hours,"LKR 7,000 - 9,000"
2,0.1,0.29136,0.15537,5-6 hours,"LKR 9,000 - 12,000"
1,0.04,0.06705,0.094,4-5 hours,"LKR 7,000 - 9,000"
1,0.04,0.12036,0.08914,4-5 hours,"LKR 7,000 - 9,000"
1,0.04,0.09257,0.04263,4-5 hours,"LKR 7,000 - 9,000"
0,0.08,0.26129,0.14125,5-6 hours,"LKR 9,000 - 12,000"
1,0.04,0.07541,0.05156,4-5 hours,"LKR 7,000 - 9,000"
1,0.04,0.07389,0.08772,4-5 hours,"LKR 7,000 - 9,000"
0,0.08,0.20307,0.09645,5-6 hours,"LKR 9,000 - 12,000"
0,0.08,0.1532,0.1091,5-6 hours,"LKR 9,000 - 12,000"
0,0.08,0.24369,0.15284,5-6 hours,"LKR 9,000 - 12,000"
1,0.04,0.11396,0.09492,4-5 hours,"LKR 7,000 - 9,000"
0,0.08,0.24913,0.18341,5-6 hours,"LKR 9,000 - 12,000"
0,0.08,0.24576,0.12127,5-6 hours,"LKR 9,000 - 12,000"
0,0.08,0.18645,0.08085,5-6 hours,"LKR 9,000 - 12,000"
2,0.1,0.34206,0.20676,5-6 hours,"LKR 9,000 - 12,000"
1,0.04,0.07275,0.0566,4-5 hours,"LKR 7,000 - 9,000"
1,0.04,0.08372,0.05679,4-5 hours,"LKR 7,000 - 9,000"
0,0.08,0.16869,0.19451,6-7 hours,"LKR 12,000 - 15,000"
1,0.04,0.09533,0.08188,4-5 hours,"LKR 7,000 - 9,000"
0,0.08,0.18356,0.16356,5-6 hours,"LKR 9,000 - 12,000"
2,0.1,0.27657,0.14083,5-6 hours,"LKR 9,000 - 12,000"
0,0.08,0.13169,0.13924,5-6 hours,"LKR 9,000 - 12,000"
2,0.1,0.2724,0.23409,5-6 hours,"LKR 9,000 - 12,000"
0,0.08,0.26247,0.1303,5-6 hours,"LKR 9,000 - 12,000"
0,0.08,0.23015,0.15173,5-6 hours,"LKR 9,000 - 12,000"
1,0.03864,0.07434,0.07519,4-5 hours,"LKR 7,000 - 9,000"
2,0.1,0.28946,0.14125,5-6 hours,"LKR 9,000 - 12,000"
2,0.1,0.16188,0.19459,5-6 hours,"LKR 9,000 - 12,000"
0,0.08,0.21236,0.139,5-6 hours,"LKR 9,000 - 12,000"
0,0.08,0.22718,0.13739,5-6 hours,"LKR 9,000 - 12,000"
0,0.08,0.21114,0.19144,5-6 hours,"LKR 9,000 - 12,000"
0,0.08,0.21884,0.14809,5-6 hours,"LKR 9,000 - 12,000"
1,0.04,0.08362,0.08002,4-5 hours,"LKR 7,000 - 9,000"
0,0.08,0.183,0.10702,5-6 hours,"LKR 9,000 - 12,000"
1,0.04,0.06549,0.04137,4-5 hours,"LKR 7,000 - 9,000"
2,0.06844,0.1792,0.12613,5-6 hours,"LKR 9,000 - 12,000"
0,0.08,0.23332,0.1989,5-6 hours,"LKR 9,000 - 12,000"
2,0.1,0.25416,0.1377,5-6 hours,"LKR 9,000 - 12,000"
2,0.1,0.16805,0.23341,5-6 hours,"LKR 9,000 - 12,000"
2,0.09978,0.31328,0.1498,5-6 hours,"LKR 9,000 - 12,000"
1,0.04,0.0792,0.06344,4-5 hours,"LKR 7,000 - 9,000"
0,0.08,0.20895,0.11667,5-6 hours,"LKR 9,000 - 12,000"
0,0.08,0.26861,0.13135,5-6 hours,"LKR 9,000 - 12,000"
0,0.08,0.16353,0.17478,5-6 hours,"LKR 9,000 - 12,000"
0,0.08,0.19786,0.17091,5-6 hours,"LKR 9,000 - 12,000"
0,0.08,0.20278,0.11283,5-6 hours,"LKR 9,000 - 12,000"
0,0.08,0.19295,0.19105,5-6 hours,"LKR 9,000 - 12,000"
0,0.08,0.24688,0.16384,6-7 hours,"LKR 12,000 - 15,000"
0,0.08,0.1834,0.08377,5-6 hours,"LKR 9,000 - 12,000"
1,0.01894,0.04836,0.02115,4-5 hours,"LKR 7,000 - 9,000"
0,0.03599,0.11656,0.05355,4-5 hours,"LKR 7,000 - 9,000"
1,0.04,0.097,0.05609,4-5 hours,"LKR 7,000 - 9,000"
2,0.1,0.20204,0.15219,5-6 hours,"LKR 9,000 - 12,000"
1,0.04,0.06316,0.07057,4-5 hours,"LKR 7,000 - 9,000"
0,0.08,0.14337,0.16684,5-6 hours,"LKR 9,000 - 12,000"
2,0.1,0.27146,0.24268,5-6 hours,"LKR 9,000 - 12,000"
1,0.04,0.07598,0.05812,4-5 hours,"LKR 7,000 - 9,000"
0,0.08,0.13827,0.16977,5-6 hours,"LKR 9,000 - 12,000"
2,0.1,0.29637,0.11175,5-6 hours,"LKR 9,000 - 12,000"
0,0.02799,0.04381,0.0674,4-5 hours,"LKR 7,000 - 9,000"
1,0.04,0.09484,0.05702,5-6 hours,"LKR 9,000 - 12,000"
0,0.08,0.25218,0.18656,5-6 hours,"LKR 9,000 - 12,000"
0,0.08,0.14439,0.12217,5-6 hours,"LKR 9,000 - 12,000"
0,0.08,0.21666,0.12468,5-6 hours,"LKR 9,000 - 12,000"
1,0.04,0.07603,0.09052,4-5 hours,"LKR 7,000 - 9,000"
2,0.1,0.22745,0.18908,5-6 hours,"LKR 9,000 - 12,000"
1,0.04,0.12339,0.04389,4-5 hours,"LKR 7,000 - 9,000"
0,0.04229,0.12142,0.09216,4-5 hours,"LKR 7,000 - 9,000"
1,0.04,0.06574,0.09373,4-5 hours,"LKR 7,000 - 9,000"
1,0.04,0.08043,0.06232,4-5 hours,"LKR 7,000 - 9,000"
1,0.04,0.11128,0.08846,4-5 hours,"LKR 7,000 - 9,000"
0,0.08,0.17305,0.18419,5-6 hours,"LKR 9,000 - 12,000"
1,0.04,0.07813,0.06924,4-5 hours,"LKR 7,000 - 9,000"
2,0.1,0.18808,0.17972,5-6 hours,"LKR 9,000 - 12,000"
1,0.04,0.07806,0.06571,4-5 hours,"LKR 7,000 - 9,000"
1,0.04,0.12284,0.08921,5-6 hours,"LKR 9,000 - 12,000"
0,0.08,0.13043,0.14159,5-6 hours,"LKR 9,000 - 12,000"
1,0.04,0.11297,0.09223,4-5 hours,"LKR 7,000 - 9,000"
2,0.1,0.33391,0.18445,5-6 hours,"LKR 9,000 - 12,000"
0,0.08,0.23898,0.12057,5-6 hours,"LKR 9,000 - 12,000"
1,0.04,0.07391,0.06585,4-5 hours,"LKR 7,000 - 9,000"
0,0.08,0.25717,0.1509,5-6 hours,"LKR 9,000 - 12,000"
0,0.08,0.12165,0.127,5-6 hours,"LKR 9,000 - 12,000"
2,0.1,0.18825,0.22494,5-6 hours,"LKR 9,000 - 12,000"
0,0.06295,0.18148,0.13969,5-6 hours,"LKR 9,000 - 12,000"
0,0.08,0.13612,0.1608,5-6 hours,"LKR 9,000 - 12,000"
0,0.08,0.26019,0.13848,5-6 hours,"LKR 9,000 - 12,000"
0,0.08,0.12641,0.10892,5-6 hours,"LKR 9,000 - 12,000"
0,0.08,0.12886,0.13652,5-6 hours,"LKR 9,000 - 12,000"
1,0.04,0.09634,0.06974,4-5 hours,"LKR 7,000 - 9,000"
0,0.08,0.12045,0.19053,5-6 hours,"LKR 9,000 - 12,000"
2,0.1,0.15805,0.21727,5-6 hours,"LKR 9,000 - 12,000"
1,0.04,0.07456,0.07074,4-5 hours,"LKR 7,000 - 9,000"
1,0.04,0.13756,0.04542,4-5 hours,"LKR 7,000 - 9,000"
1,0.04,0.0696,0.09514,4-5 hours,"LKR 7,000 - 9,000"
2,0.1,0.16176,0.18532,5-6 hours,"LKR 9,000 - 12,000"
1,0.04,0.06124,0.06752,4-5 hours,"LKR 7,000 - 9,000"
1,0.04,0.0928,0.06318,4-5 hours,"LKR 7,000 - 9,000"
0,0.08,0.27241,0.11573,5-6 hours,"LKR 9,000 - 12,000"
0,0.08,0.14513,0.10422,6-7 hours,"LKR 12,000 - 15,000"
1,0.04,0.13248,0.08615,4-5 hours,"LKR 7,000 - 9,000"
0,0.08,0.1215,0.13413,5-6 hours,"LKR 9,000 - 12,000"
1,0.02536,0.05352,0.02576,3-4 hours,"LKR 5,000 - 7,000"
1,0.04,0.11485,0.08159,4-5 hours,"LKR 7,000 - 9,000"
1,0.04,0.08225,0.07456,4-5 hours,"LKR 7,000 - 9,000"
0,0.08,0.21879,0.12293,5-6 hours,"LKR 9,000 - 12,000"
0,0.08,0.16515,0.18252,5-6 hours,"LKR 9,000 - 12,000"
0,0.08,0.22913,0.17233,5-6 hours,"LKR 9,000 - 12,000"
0,0.08,0.2106,0.16544,5-6 hours,"LKR 9,000 - 12,000"
0,0.06069,0.11032,0.15131,5-6 hours,"LKR 9,000 - 12,000"
0,0.08,0.20418,0.19609,5-6 hours,"LKR 9,000 - 12,000"
1,0.04,0.07562,0.06811,4-5 hours,"LKR 7,000 - 9,000"
0,0.08,0.15877,0.17418,5-6 hours,"LKR 9,000 - 12,000"
1,0.03133,0.05429,0.06789,4-5 hours,"LKR 7,000 - 9,000"
1,0.04,0.10188,0.08065,4-5 hours,"LKR 7,000 - 9,000"
2,0.1,0.2748,0.22332,5-6 hours,"LKR 9,000 - 12,000"
2,0.1,0.29599,0.24629,5-6 hours,"LKR 9,000 - 12,000"
0,0.08,0.23347,0.16089,5-6 hours,"LKR 9,000 - 12,000"
1,0.04,0.13037,0.07358,4-5 hours,"LKR 7,000 - 9,000"
1,0.04,0.07311,0.05351,4-5 hours,"LKR 7,000 - 9,000"
0,0.08,0.13589,0.12973,5-6 hours,"LKR 9,000 - 12,000"
0,0.08,0.23777,0.1844,6-7 hours,"LKR 12,000 - 15,000"
2,0.1,0.22074,0.19732,5-6 hours,"LKR 9,000 - 12,000"
0,0.08,0.20886,0.1792,5-6 hours,"LKR 9,000 - 12,000"
1,0.00959,0.03153,0.01607,2-3 hours,"LKR 3,000 - 5,000"
0,0.08,0.2799,0.19697,5-6 hours,"LKR 9,000 - 12,000"
1,0.04,0.13807,0.07237,4-5 hours,"LKR 7,000 - 9,000"
0,0.08,0.18293,0.19628,5-6 hours,"LKR 9,000 - 12,000"
0,0.08,0.27164,0.08643,5-6 hours,"LKR 9,000 - 12,000"
0,0.08,0.2187,0.17416,5-6 hours,"LKR 9,000 - 12,000"
1,0.04,0.06094,0.05267,4-5 hours,"LKR 7,000 - 9,000"
1,0.04,0.09525,0.06666,4-5 hours,"LKR 7,000 - 9,000"
0,0.08,0.16206,0.11049,5-6 hours,"LKR 9,000 - 12,000"
0,0.00747,0.02384,0.01,2-3 hours,"LKR 3,000 - 5,000"
0,0.08,0.23722,0.13623,5-6 hours,"LKR 9,000 - 12,000"
1,0.04,0.08519,0.07316,4-5 hours,"LKR 7,000 - 9,000"
0,0.08,0.15447,0.12757,6-7 hours,"LKR 12,000 - 15,000"
0,0.08,0.1813,0.09805,5-6 hours,"LKR 9,000 - 12,000"
0,0.08,0.27375,0.16296,5-6 hours,"LKR 9,000 - 12,000"
0,0.08,0.1707,0.17276,6-7 hours,"LKR 12,000 - 15,000"
0,0.08,0.18278,0.16951,5-6 hours,"LKR 9,000 - 12,000"
0,0.08,0.24888,0.17217,5-6 hours,"LKR 9,000 - 12,000"
0,0.08,0.20486,0.16688,5-6 hours,"LKR 9,000 - 12,000"
0,0.08,0.16857,0.16092,5-6 hours,"LKR 9,000 - 12,000"
0,0.08,0.24933,0.17892,5-6 hours,"LKR 9,000 - 12,000"
1,0.04,0.11108,0.06185,4-5 hours,"LKR 7,000 - 9,000"
0,0.08,0.16602,0.08165,5-6 hours,"LKR 9,000 - 12,000"
2,0.1,0.23711,0.22505,5-6 hours,"LKR 9,000 - 12,000"
0,0.05322,0.08174,0.10936,5-6 hours,"LKR 9,000 - 12,000"
0,0.08,0.23702,0.10754,6-7 hours,"LKR 12,000 - 15,000"
0,0.08,0.26604,0.08624,5-6 hours,"LKR 9,000 - 12,000"
1,0.04,0.07984,0.06785,4-5 hours,"LKR 7,000 - 9,000"
0,0.08,0.25837,0.11838,5-6 hours,"LKR 9,000 - 12,000"
1,0.04,0.12295,0.09959,4-5 hours,"LKR 7,000 - 9,000"
0,0.08,0.26429,0.08584,5-6 hours,"LKR 9,000 - 12,000"
0,0.08,0.17789,0.11126,5-6 hours,"LKR 9,000 - 12,000"
2,0.1,0.2637,0.20539,5-6 hours,"LKR 9,000 - 12,000"
1,0.04,0.10215,0.0867,5-6 hours,"LKR 9,000 - 12,000"
2,0.1,0.30319,0.12564,6-7 hours,"LKR 12,000 - 15,000"
0,0.08,0.20269,0.17074,5-6 hours,"LKR 9,000 - 12,000"
1,0.04,0.0643,0.09426,4-5 hours,"LKR 7,000 - 9,000"
1,0.04,0.07478,0.04486,4-5 hours,"LKR 7,000 - 9,000"
0,0.08,0.21932,0.09525,5-6 hours,"LKR 9,000 - 12,000"
0,0.08,0.20301,0.1307,5-6 hours,"LKR 9,000 - 12,000"
2,0.1,0.25611,0.2119,5-6 hours,"LKR 9,000 - 12,000"
0,0.05765,0.11485,0.11108,5-6 hours,"LKR 9,000 - 12,000"
1,0.04,0.1081,0.05738,4-5 hours,"LKR 7,000 - 9,000"
0,0.08,0.16866,0.09937,5-6 hours,"LKR 9,000 - 12,000"
0,0.08,0.12889,0.11984,5-6 hours,"LKR 9,000 - 12,000"
1,0.04,0.11913,0.05277,4-5 hours,"LKR 7,000 - 9,000"
1,0.04,0.09406,0.09632,4-5 hours,"LKR 7,000 - 9,000"
0,0.08,0.1771,0.08204,5-6 hours,"LKR 9,000 - 12,000"
2,0.09763,0.23693,0.18905,5-6 hours,"LKR 9,000 - 12,000"
0,0.08,0.2617,0.14086,5-6 hours,"LKR 9,000 - 12,000"
0,0.08,0.20623,0.10093,5-6 hours,"LKR 9,000 - 12,000"
0,0.08,0.25803,0.15776,5-6 hours,"LKR 9,000 - 12,000"
2,0.1,0.28509,0.13022,5-6 hours,"LKR 9,000 - 12,000"
1,0.04,0.13506,0.06281,4-5 hours,"LKR 7,000 - 9,000"
0,0.08,0.24061,0.13666,5-6 hours,"LKR 9,000 - 12,000"
1,0.04,0.07095,0.0805,4-5 hours,"LKR 7,000 - 9,000"
0,0.08,0.17243,0.08653,5-6 hours,"LKR 9,000 - 12,000"
0,0.06552,0.13015,0.14217,5-6 hours,"LKR 9,000 - 12,000"
0,0.08,0.17072,0.17745,5-6 hours,"LKR 9,000 - 12,000"
1,0.04,0.09414,0.08734,4-5 hours,"LKR 7,000 - 9,000"
1,0.04,0.081,0.09735,4-5 hours,"LKR 7,000 - 9,000"
1,0.04,0.09051,0.04396,4-5 hours,"LKR 7,000 - 9,000"
2,0.1,0.29,0.23228,5-6 hours,"LKR 9,000 - 12,000"
2,0.1,0.15444,0.14973,5-6 hours,"LKR 9,000 - 12,000"
0,0.08,0.25651,0.09707,5-6 hours,"LKR 9,000 - 12,000"
1,0.01375,0.02383,0.02149,2-3 hours,"LKR 3,000 - 5,000"
0,0.08,0.15475,0.16804,5-6 hours,"LKR 9,000 - 12,000"
0,0.08,0.16592,0.09002,5-6 hours,"LKR 9,000 - 12,000"
0,0.08,0.16266,0.14158,6-7 hours,"LKR 12,000 - 15,000"
2,0.1,0.18698,0.24858,5-6 hours,"LKR 9,000 - 12,000"
1,0.02876,0.06629,0.05785,3-4 hours,"LKR 5,000 - 7,000"
1,0.03752,0.06848,0.04848,4-5 hours,"LKR 7,000 - 9,000"
0,0.08,0.25835,0.19448,5-6 hours,"LKR 9,000 - 12,000"
2,0.1,0.3304,0.18927,5-6 hours,"LKR 9,000 - 12,000"
1,0.04,0.10638,0.08807,4-5 hours,"LKR 7,000 - 9,000"
1,0.02414,0.03673,0.03101,3-4 hours,"LKR 5,000 - 7,000"
2,0.1,0.19844,0.12764,5-6 hours,"LKR 9,000 - 12,000"
0,0.08,0.22714,0.17805,5-6 hours,"LKR 9,000 - 12,000"
1,0.04,0.11479,0.04291,4-5 hours,"LKR 7,000 - 9,000"
1,0.04,0.11004,0.0619,4-5 hours,"LKR 7,000 - 9,000"
1,0.04,0.06367,0.08953,4-5 hours,"LKR 7,000 - 9,000"
1,0.04,0.07613,0.06733,4-5 hours,"LKR 7,000 - 9,000"
2,0.1,0.23301,0.16374,5-6 hours,"LKR 9,000 - 12,000"
0,0.08,0.25903,0.13795,5-6 hours,"LKR 9,000 - 12,000"
1,0.04,0.12857,0.0909,4-5 hours,"LKR 7,000 - 9,000"
2,0.1,0.23506,0.13918,5-6 hours,"LKR 9,000 - 12,000"
0,0.07345,0.16455,0.17503,5-6 hours,"LKR 9,000 - 12,000"
0,0.08,0.24118,0.09319,5-6 hours,"LKR 9,000 - 12,000"
0,0.08,0.27375,0.18232,5-6 hours,"LKR 9,000 - 12,000"
1,0.04,0.11145,0.0474,4-5 hours,"LKR 7,000 - 9,000"
1,0.04,0.09446,0.05682,4-5 hours,"LKR 7,000 - 9,000"
0,0.08,0.21949,0.18826,5-6 hours,"LKR 9,000 - 12,000"
1,0.04,0.07915,0.09089,4-5 hours,"LKR 7,000 - 9,000"
2,0.1,0.25962,0.18802,5-6 hours,"LKR 9,000 - 12,000"
0,0.08,0.14091,0.17168,5-6 hours,"LKR 9,000 - 12,000"
0,0.01425,0.04089,0.024,3-4 hours,"LKR 5,000 - 7,000"
2,0.1,0.31471,0.10188,5-6 hours,"LKR 9,000 - 12,000"
0,0.08,0.209,0.18263,5-6 hours,"LKR 9,000 - 12,000"
0,0.08,0.18807,0.10514,5-6 hours,"LKR 9,000 - 12,000"
0,0.08,0.13284,0.16193,5-6 hours,"LKR 9,000 - 12,000"
0,0.06528,0.10144,0.10593,5-6 hours,"LKR 9,000 - 12,000"
0,0.08,0.16023,0.14289,5-6 hours,"LKR 9,000 - 12,000"
0,0.04835,0.13321,0.11663,4-5 hours,"LKR 7,000 - 9,000"
0,0.08,0.14603,0.17325,5-6 hours,"LKR 9,000 - 12,000"
0,0.08,0.18183,0.15436,5-6 hours,"LKR 9,000 - 12,000"
0,0.08,0.15101,0.15519,5-6 hours,"LKR 9,000 - 12,000"
0,0.08,0.2506,0.15633,5-6 hours,"LKR 9,000 - 12,000"
1,0.04,0.12519,0.06004,4-5 hours,"LKR 7,000 - 9,000"
0,0.08,0.26391,0.1246,5-6 hours,"LKR 9,000 - 12,000"
0,0.08,0.26897,0.14397,5-6 hours,"LKR 9,000 - 12,000"
0,0.08,0.25423,0.19224,5-6 hours,"LKR 9,000 - 12,000"
1,0.04,0.12135,0.05597,4-5 hours,"LKR 7,000 - 9,000"
1,0.04,0.11799,0.0407,4-5 hours,"LKR 7,000 - 9,000"
1,0.04,0.12289,0.06411,4-5 hours,"LKR 7,000 - 9,000"
0,0.08,0.21098,0.0987,5-6 hours,"LKR 9,000 - 12,000"
1,0.04,0.12687,0.0896,4-5 hours,"LKR 7,000 - 9,000"
1,0.04,0.12982,0.06536,4-5 hours,"LKR 7,000 - 9,000"
0,0.08,0.16734,0.10645,5-6 hours,"LKR 9,000 - 12,000"
0,0.08,0.25494,0.19617,6-7 hours,"LKR 12,000 - 15,000"
0,0.08,0.21551,0.08379,5-6 hours,"LKR 9,000 - 12,000"
2,0.1,0.34787,0.23733,5-6 hours,"LKR 9,000 - 12,000"
1,0.04,0.07911,0.0734,4-5 hours,"LKR 7,000 - 9,000"
2,0.1,0.20728,0.22136,5-6 hours,"LKR 9,000 - 12,000"
1,0.04,0.11187,0.09738,4-5 hours,"LKR 7,000 - 9,000"
1,0.03023,0.08686,0.0725,4-5 hours,"LKR 7,000 - 9,000"
2,0.1,0.19957,0.20401,5-6 hours,"LKR 9,000 - 12,000"
0,0.08,0.16631,0.19645,5-6 hours,"LKR 9,000 - 12,000"
1,0.04,0.13186,0.04509,5-6 hours,"LKR 9,000 - 12,000"
2,0.1,0.17357,0.19656,6-7 hours,"LKR 12,000 - 15,000"
0,0.08,0.17732,0.08511,5-6 hours,"LKR 9,000 - 12,000"
0,0.08,0.27292,0.14333,5-6 hours,"LKR 9,000 - 12,000"
0,0.08,0.24759,0.17428,5-6 hours,"LKR 9,000 - 12,000"
0,0.08,0.26701,0.17929,5-6 hours,"LKR 9,000 - 12,000"
0,0.08,0.13486,0.16504,5-6 hours,"LKR 9,000 - 12,000"
0,0.08,0.13488,0.15097,5-6 hours,"LKR 9,000 - 12,000"
0,0.08,0.16015,0.11046,5-6 hours,"LKR 9,000 - 12,000"
0,0.07214,0.12179,0.13073,5-6 hours,"LKR 9,000 - 12,000"
1,0.03905,0.10759,0.04262,4-5 hours,"LKR 7,000 - 9,000"
1,0.03786,0.09316,0.08428,4-5 hours,"LKR 7,000 - 9,000"
0,0.08,0.23453,0.15993,5-6 hours,"LKR 9,000 - 12,000"
1,0.04,0.11931,0.05894,4-5 hours,"LKR 7,000 - 9,000"
2,0.1,0.19704,0.24515,5-6 hours,"LKR 9,000 - 12,000"
2,0.1,0.15841,0.23274,5-6 hours,"LKR 9,000 - 12,000"
1,0.04,0.09161,0.05952,4-5 hours,"LKR 7,000 - 9,000"
1,0.04,0.13013,0.09849,4-5 hours,"LKR 7,000 - 9,000"
0,0.08,0.1848,0.15858,5-6 hours,"LKR 9,000 - 12,000"
0,0.06921,0.10745,0.09019,5-6 hours,"LKR 9,000 - 12,000"
0,0.08,0.26972,0.11685,6-7 hours,"LKR 12,000 - 15,000"
1,0.04,0.09563,0.07347,4-5 hours,"LKR 7,000 - 9,000"
0,0.08,0.23983,0.13651,6-7 hours,"LKR 12,000 - 15,000"
1,0.04,0.11126,0.09991,5-6 hours,"LKR 9,000 - 12,000"
0,0.08,0.22355,0.13663,5-6 hours,"LKR 9,000 - 12,000"
1,0.04,0.07911,0.04199,4-5 hours,"LKR 7,000 - 9,000"
0,0.08,0.24029,0.16833,5-6 hours,"LKR 9,000 - 12,000"
0,0.08,0.26207,0.11434,5-6 hours,"LKR 9,000 - 12,000"
1,0.04,0.13107,0.05234,4-5 hours,"LKR 7,000 - 9,000"
0,0.08,0.17908,0.10421,5-6 hours,"LKR 9,000 - 12,000"
1,0.04,0.09413,0.05014,5-6 hours,"LKR 9,000 - 12,000"
1,0.04,0.13985,0.06902,4-5 hours,"LKR 7,000 - 9,000"
0,0.08,0.15137,0.1745,5-6 hours,"LKR 9,000 - 12,000"
0,0.08,0.17814,0.11676,5-6 hours,"LKR 9,000 - 12,000"
1,0.04,0.1159,0.0826,4-5 hours,"LKR 7,000 - 9,000"
0,0.08,0.24354,0.08047,5-6 hours,"LKR 9,000 - 12,000"
0,0.08,0.25042,0.15349,5-6 hours,"LKR 9,000 - 12,000"
1,0.04,0.06459,0.05539,4-5 hours,"LKR 7,000 - 9,000"
0,0.08,0.15638,0.13701,5-6 hours,"LKR 9,000 - 12,000"
2,0.01946,0.03561,0.03288,4-5 hours,"LKR 7,000 - 9,000"
1,0.04,0.10933,0.07414,4-5 hours,"LKR 7,000 - 9,000"
0,0.08,0.14579,0.11672,5-6 hours,"LKR 9,000 - 12,000"
2,0.1,0.18548,0.19073,5-6 hours,"LKR 9,000 - 12,000"
1,0.04,0.08097,0.06664,4-5 hours,"LKR 7,000 - 9,000"
0,0.03452,0.09277,0.06444,4-5 hours,"LKR 7,000 - 9,000"
1,0.04,0.09116,0.08784,4-5 hours,"LKR 7,000 - 9,000"
0,0.08,0.13124,0.12199,6-7 hours,"LKR 12,000 - 15,000"
0,0.08,0.14661,0.10668,5-6 hours,"LKR 9,000 - 12,000"
1,0.04,0.08558,0.05628,4-5 hours,"LKR 7,000 - 9,000"
1,0.04,0.10678,0.05702,4-5 hours,"LKR 7,000 - 9,000"
1,0.04,0.10639,0.06919,4-5 hours,"LKR 7,000 - 9,000"
0,0.08,0.26578,0.16993,6-7 hours,"LKR 12,000 - 15,000"
0,0.08,0.14642,0.1892,5-6 hours,"LKR 9,000 - 12,000"
0,0.08,0.2382,0.08693,5-6 hours,"LKR 9,000 - 12,000"
2,0.1,0.28642,0.24535,5-6 hours,"LKR 9,000 - 12,000"
0,0.08,0.16554,0.14361,5-6 hours,"LKR 9,000 - 12,000"
2,0.1,0.20646,0.10773,5-6 hours,"LKR 9,000 - 12,000"
0,0.08,0.15577,0.14747,5-6 hours,"LKR 9,000 - 12,000"
0,0.08,0.19674,0.17644,5-6 hours,"LKR 9,000 - 12,000"
2,0.1,0.19404,0.11444,5-6 hours,"LKR 9,000 - 12,000"
0,0.07699,0.13078,0.11279,5-6 hours,"LKR 9,000 - 12,000"
1,0.04,0.09054,0.04055,4-5 hours,"LKR 7,000 - 9,000"
0,0.08,0.23998,0.11938,5-6 hours,"LKR 9,000 - 12,000"
1,0.04,0.07566,0.09467,4-5 hours,"LKR 7,000 - 9,000"
2,0.1,0.26635,0.17214,5-6 hours,"LKR 9,000 - 12,000"
1,0.04,0.13809,0.07898,4-5 hours,"LKR 7,000 - 9,000"
0,0.08,0.18361,0.19416,5-6 hours,"LKR 9,000 - 12,000"
0,0.08,0.26562,0.08549,5-6 hours,"LKR 9,000 - 12,000"
0,0.08,0.23789,0.16242,5-6 hours,"LKR 9,000 - 12,000"
0,0.08,0.20621,0.19174,6-7 hours,"LKR 12,000 - 15,000"
0,0.08,0.23404,0.08449,5-6 hours,"LKR 9,000 - 12,000"
0,0.06038,0.13935,0.15011,5-6 hours,"LKR 9,000 - 12,000"
0,0.08,0.15816,0.14251,5-6 hours,"LKR 9,000 - 12,000"
0,0.08,0.19956,0.09694,5-6 hours,"LKR 9,000 - 12,000"
0,0.08,0.1555,0.11651,5-6 hours,"LKR 9,000 - 12,000"
1,0.04,0.12814,0.07434,4-5 hours,"LKR 7,000 - 9,000"
0,0.06402,0.19716,0.08908,5-6 hours,"LKR 9,000 - 12,000"
0,0.08,0.12853,0.1273,5-6 hours,"LKR 9,000 - 12,000"
1,0.04,0.13846,0.06626,4-5 hours,"LKR 7,000 - 9,000"
1,0.04,0.09259,0.04206,4-5 hours,"LKR 7,000 - 9,000"
0,0.08,0.14511,0.14196,5-6 hours,"LKR 9,000 - 12,000"
1,0.04,0.07896,0.05844,4-5 hours,"LKR 7,000 - 9,000"
1,0.04,0.13476,0.04984,4-5 hours,"LKR 7,000 - 9,000"
0,0.08,0.1798,0.12703,5-6 hours,"LKR 9,000 - 12,000"
1,0.04,0.11392,0.08302,4-5 hours,"LKR 7,000 - 9,000"
1,0.04,0.08255,0.0472,4-5 hours,"LKR 7,000 - 9,000"
0,0.08,0.21813,0.14566,5-6 hours,"LKR 9,000 - 12,000"
0,0.08,0.27192,0.12299,5-6 hours,"LKR 9,000 - 12,000"
1,0.04,0.06094,0.08195,5-6 hours,"LKR 9,000 - 12,000"
0,0.08,0.13707,0.17582,5-6 hours,"LKR 9,000 - 12,000"
0,0.08,0.12608,0.11542,5-6 hours,"LKR 9,000 - 12,000"
2,0.1,0.33773,0.24898,5-6 hours,"LKR 9,000 - 12,000"
0,0.08,0.24428,0.14194,5-6 hours,"LKR 9,000 - 12,000"
0,0.08,0.21449,0.15945,5-6 hours,"LKR 9,000 - 12,000"
1,0.04,0.12097,0.04744,5-6 hours,"LKR 9,000 - 12,000"
0,0.08,0.21426,0.15868,5-6 hours,"LKR 9,000 - 12,000"
2,0.1,0.24144,0.10588,5-6 hours,"LKR 9,000 - 12,000"
2,0.1,0.2471,0.12278,5-6 hours,"LKR 9,000 - 12,000"
0,0.02828,0.07775,0.07022,4-5 hours,"LKR 7,000 - 9,000"
1,0.04,0.13164,0.08176,4-5 hours,"LKR 7,000 - 9,000"
1,0.04,0.10913,0.088,4-5 hours,"LKR 7,000 - 9,000"
0,0.08,0.2108,0.15499,5-6 hours,"LKR 9,000 - 12,000"
0,0.08,0.22076,0.15426,6-7 hours,"LKR 12,000 - 15,000"
0,0.01501,0.03124,0.02284,3-4 hours,"LKR 5,000 - 7,000"
1,0.04,0.12818,0.07354,4-5 hours,"LKR 7,000 - 9,000"
1,0.04,0.10245,0.07718,4-5 hours,"LKR 7,000 - 9,000"
1,0.04,0.11195,0.06645,4-5 hours,"LKR 7,000 - 9,000"
0,0.05926,0.17049,0.07156,5-6 hours,"LKR 9,000 - 12,000"
1,0.04,0.0817,0.04431,4-5 hours,"LKR 7,000 - 9,000"
0,0.08,0.25899,0.12666,5-6 hours,"LKR 9,000 - 12,000"
1,0.04,0.08829,0.05453,4-5 hours,"LKR 7,000 - 9,000"
1,0.04,0.11915,0.09298,5-6 hours,"LKR 9,000 - 12,000"
1,0.01327,0.03275,0.03158,2-3 hours,"LKR 3,000 - 5,000"
0,0.08,0.12944,0.12499,5-6 hours,"LKR 9,000 - 12,000"
1,0.04,0.12307,0.09336,4-5 hours,"LKR 7,000 - 9,000"
0,0.08,0.1279,0.16263,5-6 hours,"LKR 9,000 - 12,000"
0,0.08,0.1639,0.08018,5-6 hours,"LKR 9,000 - 12,000"
0,0.08,0.2299,0.10061,5-6 hours,"LKR 9,000 - 12,000"
2,0.1,0.18346,0.12263,5-6 hours,"LKR 9,000 - 12,000"
2,0.1,0.22804,0.15453,6-7 hours,"LKR 12,000 - 15,000"
1,0.04,0.13111,0.09605,4-5 hours,"LKR 7,000 - 9,000"
0,0.08,0.22452,0.16601,5-6 hours,"LKR 9,000 - 12,000"
1,0.04,0.13382,0.04885,4-5 hours,"LKR 7,000 - 9,000"
0,0.08,0.13115,0.13012,5-6 hours,"LKR 9,000 - 12,000"
1,0.04,0.09901,0.05956,4-5 hours,"LKR 7,000 - 9,000"
0,0.04072,0.12137,0.06802,4-5 hours,"LKR 7,000 - 9,000"
1,0.04,0.13649,0.05858,4-5 hours,"LKR 7,000 - 9,000"
0,0.08,0.15243,0.15327,5-6 hours,"LKR 9,000 - 12,000"
1,0.04,0.13991,0.04305,4-5 hours,"LKR 7,000 - 9,000"
1,0.04,0.13402,0.07855,4-5 hours,"LKR 7,000 - 9,000"
1,0.04,0.07657,0.0552,4-5 hours,"LKR 7,000 - 9,000"
0,0.08,0.19317,0.13554,5-6 hours,"LKR 9,000 - 12,000"
1,0.04,0.10451,0.06803,4-5 hours,"LKR 7,000 - 9,000"
0,0.08,0.2748,0.18461,5-6 hours,"LKR 9,000 - 12,000"
0,0.08,0.21263,0.14069,5-6 hours,"LKR 9,000 - 12,000"
1,0.03485,0.0671,0.04901,4-5 hours,"LKR 7,000 - 9,000"
1,0.04,0.09197,0.04676,4-5 hours,"LKR 7,000 - 9,000"
0,0.08,0.20383,0.17025,5-6 hours,"LKR 9,000 - 12,000"
0,0.08,0.13991,0.1392,5-6 hours,"LKR 9,000 - 12,000"
0,0.08,0.1288,0.08804,5-6 hours,"LKR 9,000 - 12,000"
0,0.08,0.13696,0.16051,5-6 hours,"LKR 9,000 - 12,000"
0,0.08,0.12424,0.15631,5-6 hours,"LKR 9,000 - 12,000"
0,0.08,0.17022,0.14005,5-6 hours,"LKR 9,000 - 12,000"
1,0.04,0.07952,0.04906,4-5 hours,"LKR 7,000 - 9,000"
1,0.04,0.06492,0.04859,4-5 hours,"LKR 7,000 - 9,000"
2,0.1,0.3243,0.14751,5-6 hours,"LKR 9,000 - 12,000"
2,0.1,0.1728,0.19243,5-6 hours,"LKR 9,000 - 12,000"
1,0.04,0.11497,0.07137,4-5 hours,"LKR 7,000 - 9,000"
0,0.08,0.17697,0.09014,5-6 hours,"LKR 9,000 - 12,000"
0,0.08,0.13079,0.14757,6-7 hours,"LKR 12,000 - 15,000"
2,0.0673,0.14681,0.09205,5-6 hours,"LKR 9,000 - 12,000"
0,0.08,0.23056,0.15289,5-6 hours,"LKR 9,000 - 12,000"
0,0.07843,0.18976,0.11313,5-6 hours,"LKR 9,000 - 12,000"
0,0.08,0.26907,0.13271,5-6 hours,"LKR 9,000 - 12,000"
2,0.1,0.16087,0.24856,5-6 hours,"LKR 9,000 - 12,000"
0,0.08,0.17763,0.08078,5-6 hours,"LKR 9,000 - 12,000"
2,0.1,0.21819,0.24976,5-6 hours,"LKR 9,000 - 12,000"
0,0.04035,0.06208,0.05577,4-5 hours,"LKR 7,000 - 9,000"
0,0.08,0.17813,0.133,5-6 hours,"LKR 9,000 - 12,000"
1,0.0366,0.0885,0.07812,4-5 hours,"LKR 7,000 - 9,000"
0,0.08,0.14271,0.12302,5-6 hours,"LKR 9,000 - 12,000"
2,0.1,0.21619,0.22637,6-7 hours,"LKR 12,000 - 15,000"
0,0.03359,0.11582,0.05944,5-6 hours,"LKR 9,000 - 12,000"
0,0.08,0.17886,0.17293,5-6 hours,"LKR 9,000 - 12,000"
0,0.07408,0.23152,0.13552,5-6 hours,"LKR 9,000 - 12,000"
0,0.08,0.25186,0.13374,5-6 hours,"LKR 9,000 - 12,000"
0,0.08,0.22538,0.15883,5-6 hours,"LKR 9,000 - 12,000"
0,0.08,0.25611,0.12819,5-6 hours,"LKR 9,000 - 12,000"
1,0.03965,0.07154,0.08699,4-5 hours,"LKR 7,000 - 9,000"
2,0.1,0.30162,0.1434,5-6 hours,"LKR 9,000 - 12,000"
0,0.08,0.13035,0.16806,5-6 hours,"LKR 9,000 - 12,000"
1,0.04,0.12755,0.08068,4-5 hours,"LKR 7,000 - 9,000"
0,0.05493,0.09969,0.12959,5-6 hours,"LKR 9,000 - 12,000"
1,0.04,0.07504,0.09199,4-5 hours,"LKR 7,000 - 9,000"
0,0.0484,0.1124,0.08137,4-5 hours,"LKR 7,000 - 9,000"
1,0.04,0.13418,0.0606,4-5 hours,"LKR 7,000 - 9,000"
0,0.08,0.17089,0.1681,5-6 hours,"LKR 9,000 - 12,000"
1,0.04,0.12669,0.08749,4-5 hours,"LKR 7,000 - 9,000"
1,0.04,0.07134,0.06673,4-5 hours,"LKR 7,000 - 9,000"
1,0.04,0.09874,0.06901,4-5 hours,"LKR 7,000 - 9,000"
2,0.1,0.32412,0.13144,5-6 hours,"LKR 9,000 - 12,000"
0,0.08,0.26521,0.10386,5-6 hours,"LKR 9,000 - 12,000"
1,0.04,0.06178,0.07402,4-5 hours,"LKR 7,000 - 9,000"
2,0.1,0.17163,0.11559,5-6 hours,"LKR 9,000 - 12,000"
0,0.08,0.25118,0.16652,5-6 hours,"LKR 9,000 - 12,000"
1,0.04,0.10965,0.06171,5-6 hours,"LKR 9,000 - 12,000"
1,0.04,0.13552,0.04645,4-5 hours,"LKR 7,000 - 9,000"
0,0.08,0.24493,0.18814,5-6 hours,"LKR 9,000 - 12,000"
0,0.08,0.23603,0.10165,5-6 hours,"LKR 9,000 - 12,000"
0,0.07649,0.21079,0.16536,5-6 hours,"LKR 9,000 - 12,000"
1,0.04,0.13314,0.09856,4-5 hours,"LKR 7,000 - 9,000"
0,0.08,0.20764,0.14728,5-6 hours,"LKR 9,000 - 12,000"
2,0.1,0.33402,0.17414,6-7 hours,"LKR 12,000 - 15,000"
1,0.04,0.12623,0.08205,4-5 hours,"LKR 7,000 - 9,000"
0,0.07344,0.15855,0.08605,5-6 hours,"LKR 9,000 - 12,000"
1,0.04,0.12355,0.08687,4-5 hours,"LKR 7,000 - 9,000"
1,0.04,0.08402,0.04625,4-5 hours,"LKR 7,000 - 9,000"
1,0.04,0.12766,0.06033,4-5 hours,"LKR 7,000 - 9,000"
1,0.04,0.12994,0.07427,4-5 hours,"LKR 7,000 - 9,000"
0,0.08,0.23927,0.13033,5-6 hours,"LKR 9,000 - 12,000"
1,0.04,0.08322,0.07736,4-5 hours,"LKR 7,000 - 9,000"
1,0.04,0.07782,0.05535,5-6 hours,"LKR 9,000 - 12,000"
0,0.08,0.24996,0.18859,5-6 hours,"LKR 9,000 - 12,000"
0,0.08,0.1314,0.15137,5-6 hours,"LKR 9,000 - 12,000"
1,0.04,0.06666,0.0846,4-5 hours,"LKR 7,000 - 9,000"
0,0.0349,0.08668,0.04986,4-5 hours,"LKR 7,000 - 9,000"
1,0.04,0.06962,0.07657,4-5 hours,"LKR 7,000 - 9,000"
0,0.08,0.20571,0.16845,5-6 hours,"LKR 9,000 - 12,000"
0,0.08,0.13505,0.12764,5-6 hours,"LKR 9,000 - 12,000"
1,0.03091,0.07016,0.05607,4-5 hours,"LKR 7,000 - 9,000"
0,0.08,0.22657,0.12227,5-6 hours,"LKR 9,000 - 12,000"
0,0.08,0.25067,0.17033,5-6 hours,"LKR 9,000 - 12,000"
1,0.04,0.13046,0.08109,4-5 hours,"LKR 7,000 - 9,000"
1,0.04,0.06885,0.0409,4-5 hours,"LKR 7,000 - 9,000"
0,0.08,0.13126,0.16713,5-6 hours,"LKR 9,000 - 12,000"
0,0.08,0.26346,0.17339,6-7 hours,"LKR 12,000 - 15,000"
0,0.08,0.1431,0.13634,5-6 hours,"LKR 9,000 - 12,000"
0,0.08,0.23193,0.13195,5-6 hours,"LKR 9,000 - 12,000"
1,0.04,0.08936,0.09491,4-5 hours,"LKR 7,000 - 9,000"
0,0.08,0.2701,0.11455,5-6 hours,"LKR 9,000 - 12,000"
0,0.08,0.24953,0.16583,6-7 hours,"LKR 12,000 - 15,000"
0,0.08,0.24625,0.13128,5-6 hours,"LKR 9,000 - 12,000"
0,0.08,0.15815,0.10851,5-6 hours,"LKR 9,000 - 12,000"
1,0.03459,0.10507,0.08244,4-5 hours,"LKR 7,000 - 9,000"
0,0.08,0.21349,0.11463,5-6 hours,"LKR 9,000 - 12,000"
2,0.1,0.32136,0.19167,5-6 hours,"LKR 9,000 - 12,000"
0,0.08,0.14948,0.19547,6-7 hours,"LKR 12,000 - 15,000"
0,0.08,0.24561,0.13913,5-6 hours,"LKR 9,000 - 12,000"
0,0.08,0.24273,0.16752,5-6 hours,"LKR 9,000 - 12,000"
1,0.04,0.07328,0.08662,4-5 hours,"LKR 7,000 - 9,000"
0,0.08,0.24951,0.11071,5-6 hours,"LKR 9,000 - 12,000"
1,0.04,0.0874,0.09567,4-5 hours,"LKR 7,000 - 9,000"
1,0.04,0.1397,0.06563,4-5 hours,"LKR 7,000 - 9,000"
0,0.08,0.27438,0.19417,5-6 hours,"LKR 9,000 - 12,000"
1,0.04,0.07127,0.08782,4-5 hours,"LKR 7,000 - 9,000"
1,0.04,0.12721,0.08868,5-6 hours,"LKR 9,000 - 12,000"
0,0.08,0.22433,0.08644,5-6 hours,"LKR 9,000 - 12,000"
0,0.04638,0.09192,0.10759,5-6 hours,"LKR 9,000 - 12,000"
0,0.08,0.27875,0.1546,5-6 hours,"LKR 9,000 - 12,000"
1,0.04,0.10225,0.08214,5-6 hours,"LKR 9,000 - 12,000"
1,0.04,0.10187,0.08786,4-5 hours,"LKR 7,000 - 9,000"
0,0.08,0.13546,0.15375,5-6 hours,"LKR 9,000 - 12,000"
0,0.03437,0.10414,0.03459,5-6 hours,"LKR 9,000 - 12,000"
0,0.07781,0.12802,0.18443,5-6 hours,"LKR 9,000 - 12,000"
0,0.08,0.2253,0.12244,5-6 hours,"LKR 9,000 - 12,000"
0,0.08,0.13896,0.14393,5-6 hours,"LKR 9,000 - 12,000"
0,0.08,0.17758,0.16879,5-6 hours,"LKR 9,000 - 12,000"
1,0.04,0.06154,0.06438,4-5 hours,"LKR 7,000 - 9,000"
0,0.08,0.12429,0.13595,5-6 hours,"LKR 9,000 - 12,000"
0,0.08,0.17401,0.14915,5-6 hours,"LKR 9,000 - 12,000"
0,0.08,0.14239,0.18284,5-6 hours,"LKR 9,000 - 12,000"
1,0.04,0.10846,0.05104,4-5 hours,"LKR 7,000 - 9,000"
1,0.04,0.11501,0.06921,4-5 hours,"LKR 7,000 - 9,000"
1,0.03167,0.06973,0.03888,4-5 hours,"LKR 7,000 - 9,000"
1,0.04,0.11253,0.09969,4-5 hours,"LKR 7,000 - 9,000"
0,0.08,0.16514,0.13918,5-6 hours,"LKR 9,000 - 12,000"
0,0.08,0.18606,0.14004,5-6 hours,"LKR 9,000 - 12,000"
0,0.08,0.13735,0.18137,5-6 hours,"LKR 9,000 - 12,000"
0,0.08,0.15059,0.09575,5-6 hours,"LKR 9,000 - 12,000"
2,0.1,0.24153,0.1407,6-7 hours,"LKR 12,000 - 15,000"
1,0.04,0.06588,0.06729,4-5 hours,"LKR 7,000 - 9,000"
0,0.057,0.10099,0.0878,5-6 hours,"LKR 9,000 - 12,000"
0,0.08,0.24265,0.15007,5-6 hours,"LKR 9,000 - 12,000"
2,0.1,0.28102,0.18234,5-6 hours,"LKR 9,000 - 12,000"
0,0.08,0.27907,0.16138,5-6 hours,"LKR 9,000 - 12,000"
1,0.04,0.12971,0.08082,4-5 hours,"LKR 7,000 - 9,000"
0,0.08,0.20283,0.08505,5-6 hours,"LKR 9,000 - 12,000"
0,0.08,0.22547,0.11349,5-6 hours,"LKR 9,000 - 12,000"
0,0.05834,0.09093,0.11326,5-6 hours,"LKR 9,000 - 12,000"
0,0.08,0.13705,0.1895,5-6 hours,"LKR 9,000 - 12,000"
2,0.1,0.15783,0.19788,5-6 hours,"LKR 9,000 - 12,000"
1,0.04,0.11525,0.06493,4-5 hours,"LKR 7,000 - 9,000"
2,0.1,0.23675,0.22315,5-6 hours,"LKR 9,000 - 12,000"
0,0.08,0.26951,0.18302,5-6 hours,"LKR 9,000 - 12,000"
1,0.04,0.11152,0.05397,4-5 hours,"LKR 7,000 - 9,000"
1,0.04,0.12887,0.09697,5-6 hours,"LKR 9,000 - 12,000"
1,0.04,0.0834,0.07577,4-5 hours,"LKR 7,000 - 9,000"
0,0.08,0.21823,0.11088,5-6 hours,"LKR 9,000 - 12,000"
0,0.08,0.16668,0.19675,5-6 hours,"LKR 9,000 - 12,000"
1,0.0154,0.04192,0.0297,3-4 hours,"LKR 5,000 - 7,000"
2,0.1,0.23363,0.20673,5-6 hours,"LKR 9,000 - 12,000"
0,0.08,0.12767,0.13691,5-6 hours,"LKR 9,000 - 12,000"
1,0.04,0.12188,0.05258,4-5 hours,"LKR 7,000 - 9,000"
0,0.08,0.12349,0.17775,5-6 hours,"LKR 9,000 - 12,000"
2,0.07599,0.18549,0.12249,5-6 hours,"LKR 9,000 - 12,000"
1,0.04,0.06674,0.04367,4-5 hours,"LKR 7,000 - 9,000"
1,0.04,0.09645,0.09221,5-6 hours,"LKR 9,000 - 12,000"
1,0.04,0.11405,0.04965,4-5 hours,"LKR 7,000 - 9,000"
0,0.08,0.19849,0.19222,5-6 hours,"LKR 9,000 - 12,000"
0,0.08,0.20362,0.09809,5-6 hours,"LKR 9,000 - 12,000"
1,0.04,0.10413,0.07367,4-5 hours,"LKR 7,000 - 9,000"
0,0.08,0.13876,0.10663,5-6 hours,"LKR 9,000 - 12,000"
0,0.08,0.22345,0.12531,5-6 hours,"LKR 9,000 - 12,000"
1,0.03887,0.0868,0.08698,4-5 hours,"LKR 7,000 - 9,000"
1,0.02659,0.07656,0.04772,3-4 hours,"LKR 5,000 - 7,000"
0,0.08,0.2003,0.08393,5-6 hours,"LKR 9,000 - 12,000"
2,0.1,0.32526,0.11484,5-6 hours,"LKR 9,000 - 12,000"
1,0.04,0.11828,0.07455,4-5 hours,"LKR 7,000 - 9,000"
0,0.08,0.2685,0.12569,5-6 hours,"LKR 9,000 - 12,000"
0,0.08,0.18945,0.14062,5-6 hours,"LKR 9,000 - 12,000"
1,0.04,0.08526,0.06575,4-5 hours,"LKR 7,000 - 9,000"
0,0.08,0.15901,0.12316,5-6 hours,"LKR 9,000 - 12,000"
0,0.08,0.25203,0.15699,5-6 hours,"LKR 9,000 - 12,000"
1,0.04,0.08596,0.04314,4-5 hours,"LKR 7,000 - 9,000"
1,0.04,0.08168,0.04835,4-5 hours,"LKR 7,000 - 9,000"
0,0.08,0.25811,0.16934,5-6 hours,"LKR 9,000 - 12,000"
0,0.08,0.2269,0.10789,5-6 hours,"LKR 9,000 - 12,000"
1,0.04,0.11225,0.09172,4-5 hours,"LKR 7,000 - 9,000"
0,0.08,0.17747,0.17968,5-6 hours,"LKR 9,000 - 12,000"
0,0.08,0.24205,0.12552,5-6 hours,"LKR 9,000 - 12,000"
0,0.08,0.19495,0.11907,5-6 hours,"LKR 9,000 - 12,000"
1,0.04,0.10624,0.09131,4-5 hours,"LKR 7,000 - 9,000"
1,0.04,0.1159,0.06105,4-5 hours,"LKR 7,000 - 9,000"
0,0.08,0.25874,0.10445,5-6 hours,"LKR 9,000 - 12,000"
0,0.08,0.19826,0.14086,5-6 hours,"LKR 9,000 - 12,000"
1,0.04,0.08148,0.07684,4-5 hours,"LKR 7,000 - 9,000"
0,0.08,0.24514,0.15852,6-7 hours,"LKR 12,000 - 15,000"
1,0.04,0.06241,0.0462,4-5 hours,"LKR 7,000 - 9,000"
2,0.1,0.19921,0.1968,5-6 hours,"LKR 9,000 - 12,000"
0,0.08,0.13637,0.17734,5-6 hours,"LKR 9,000 - 12,000"
1,0.04,0.06814,0.09218,4-5 hours,"LKR 7,000 - 9,000"
0,0.08,0.14114,0.16874,5-6 hours,"LKR 9,000 - 12,000"
1,0.04,0.08517,0.09115,4-5 hours,"LKR 7,000 - 9,000"
2,0.1,0.27789,0.2003,5-6 hours,"LKR 9,000 - 12,000"
1,0.04,0.08826,0.06718,4-5 hours,"LKR 7,000 - 9,000"
2,0.1,0.26967,0.12952,6-7 hours,"LKR 12,000 - 15,000"
2,0.1,0.23889,0.23727,5-6 hours,"LKR 9,000 - 12,000"
0,0.08,0.23642,0.16503,5-6 hours,"LKR 9,000 - 12,000"
1,0.04,0.12594,0.04445,4-5 hours,"LKR 7,000 - 9,000"
1,0.04,0.09442,0.07552,4-5 hours,"LKR 7,000 - 9,000"
1,0.04,0.09109,0.07793,4-5 hours,"LKR 7,000 - 9,000"
1,0.04,0.08558,0.06662,4-5 hours,"LKR 7,000 - 9,000"
1,0.04,0.06032,0.09629,4-5 hours,"LKR 7,000 - 9,000"
0,0.08,0.25018,0.18297,5-6 hours,"LKR 9,000 - 12,000"
0,0.08,0.17177,0.10274,5-6 hours,"LKR 9,000 - 12,000"
0,0.08,0.2396,0.19768,6-7 hours,"LKR 12,000 - 15,000"
1,0.04,0.11202,0.06503,4-5 hours,"LKR 7,000 - 9,000"
1,0.02179,0.03716,0.04571,3-4 hours,"LKR 5,000 - 7,000"
0,0.08,0.25548,0.18582,6-7 hours,"LKR 12,000 - 15,000"
1,0.01561,0.04259,0.02748,3-4 hours,"LKR 5,000 - 7,000"
0,0.08,0.21412,0.10035,6-7 hours,"LKR 12,000 - 15,000"
0,0.08,0.18305,0.1812,5-6 hours,"LKR 9,000 - 12,000"
1,0.02291,0.03652,0.02687,4-5 hours,"LKR 7,000 - 9,000"
0,0.08,0.12118,0.11748,5-6 hours,"LKR 9,000 - 12,000"
2,0.1,0.31268,0.21581,5-6 hours,"LKR 9,000 - 12,000"
0,0.08,0.15261,0.13059,5-6 hours,"LKR 9,000 - 12,000"
1,0.04,0.07277,0.0553,4-5 hours,"LKR 7,000 - 9,000"
2,0.08996,0.20076,0.13887,5-6 hours,"LKR 9,000 - 12,000"
0,0.08,0.15684,0.15908,5-6 hours,"LKR 9,000 - 12,000"
2,0.1,0.32043,0.11109,5-6 hours,"LKR 9,000 - 12,000"
1,0.04,0.1063,0.05973,4-5 hours,"LKR 7,000 - 9,000"
2,0.1,0.31069,0.14901,5-6 hours,"LKR 9,000 - 12,000"
0,0.08,0.18813,0.17396,5-6 hours,"LKR 9,000 - 12,000"
0,0.02828,0.08686,0.06333,4-5 hours,"LKR 7,000 - 9,000"
1,0.04,0.10962,0.06281,5-6 hours,"LKR 9,000 - 12,000"
0,0.08,0.27102,0.09764,5-6 hours,"LKR 9,000 - 12,000"
0,0.08,0.24183,0.08231,5-6 hours,"LKR 9,000 - 12,000"
1,0.04,0.12751,0.06508,4-5 hours,"LKR 7,000 - 9,000"
1,0.02051,0.04416,0.03869,3-4 hours,"LKR 5,000 - 7,000"
1,0.04,0.10509,0.09646,4-5 hours,"LKR 7,000 - 9,000"
0,0.05689,0.12481,0.06116,5-6 hours,"LKR 9,000 - 12,000"
1,0.04,0.10856,0.09784,4-5 hours,"LKR 7,000 - 9,000"
0,0.08,0.22467,0.18516,5-6 hours,"LKR 9,000 - 12,000"
1,0.04,0.11156,0.04845,4-5 hours,"LKR 7,000 - 9,000"
1,0.04,0.10428,0.07365,4-5 hours,"LKR 7,000 - 9,000"
0,0.08,0.1858,0.12067,5-6 hours,"LKR 9,000 - 12,000"
0,0.08,0.18226,0.18951,5-6 hours,"LKR 9,000 - 12,000"
0,0.08,0.15126,0.12613,5-6 hours,"LKR 9,000 - 12,000"
0,0.08,0.22579,0.0942,5-6 hours,"LKR 9,000 - 12,000"
0,0.08,0.2515,0.16567,5-6 hours,"LKR 9,000 - 12,000"
0,0.08,0.22856,0.09676,5-6 hours,"LKR 9,000 - 12,000"
1,0.04,0.12208,0.05746,5-6 hours,"LKR 9,000 - 12,000"
1,0.04,0.13401,0.08597,4-5 hours,"LKR 7,000 - 9,000"
2,0.1,0.29019,0.12569,5-6 hours,"LKR 9,000 - 12,000"
0,0.08,0.26554,0.16581,5-6 hours,"LKR 9,000 - 12,000"
0,0.08,0.14281,0.11701,5-6 hours,"LKR 9,000 - 12,000"
1,0.04,0.06859,0.07871,4-5 hours,"LKR 7,000 - 9,000"
0,0.08,0.1508,0.1929,6-7 hours,"LKR 12,000 - 15,000"
0,0.08,0.18525,0.17936,5-6 hours,"LKR 9,000 - 12,000"
0,0.02222,0.07172,0.02666,4-5 hours,"LKR 7,000 - 9,000"
1,0.04,0.10326,0.06452,4-5 hours,"LKR 7,000 - 9,000"
2,0.1,0.17842,0.24873,5-6 hours,"LKR 9,000 - 12,000"
0,0.08,0.23654,0.19344,5-6 hours,"LKR 9,000 - 12,000"
1,0.04,0.1249,0.06111,5-6 hours,"LKR 9,000 - 12,000"
0,0.08,0.27515,0.08239,5-6 hours,"LKR 9,000 - 12,000"
2,0.1,0.15249,0.2426,5-6 hours,"LKR 9,000 - 12,000"
0,0.08,0.19491,0.16039,5-6 hours,"LKR 9,000 - 12,000"
0,0.08,0.21883,0.1247,5-6 hours,"LKR 9,000 - 12,000"
0,0.08,0.12475,0.1841,5-6 hours,"LKR 9,000 - 12,000"
1,0.04,0.12732,0.09962,4-5 hours,"LKR 7,000 - 9,000"
1,0.04,0.10115,0.08696,4-5 hours,"LKR 7,000 - 9,000"
1,0.04,0.11916,0.07182,4-5 hours,"LKR 7,000 - 9,000"
1,0.04,0.13709,0.04343,4-5 hours,"LKR 7,000 - 9,000"
1,0.04,0.11491,0.08972,4-5 hours,"LKR 7,000 - 9,000"
1,0.04,0.09722,0.06998,4-5 hours,"LKR 7,000 - 9,000"
0,0.08,0.15051,0.17868,5-6 hours,"LKR 9,000 - 12,000"
0,0.08,0.16641,0.13027,5-6 hours,"LKR 9,000 - 12,000"
1,0.04,0.0606,0.05244,4-5 hours,"LKR 7,000 - 9,000"
0,0.05622,0.18745,0.12524,5-6 hours,"LKR 9,000 - 12,000"
2,0.1,0.22837,0.19017,5-6 hours,"LKR 9,000 - 12,000"
1,0.04,0.0853,0.06174,4-5 hours,"LKR 7,000 - 9,000"
2,0.1,0.15623,0.16827,5-6 hours,"LKR 9,000 - 12,000"
0,0.08,0.12935,0.11469,5-6 hours,"LKR 9,000 - 12,000"
0,0.08,0.2558,0.14474,5-6 hours,"LKR 9,000 - 12,000"
2,0.1,0.29521,0.13498,5-6 hours,"LKR 9,000 - 12,000"
0,0.08,0.19679,0.13927,5-6 hours,"LKR 9,000 - 12,000"
0,0.08,0.15514,0.09457,5-6 hours,"LKR 9,000 - 12,000"
0,0.08,0.19123,0.10683,5-6 hours,"LKR 9,000 - 12,000"
0,0.05711,0.10223,0.09004,5-6 hours,"LKR 9,000 - 12,000"
0,0.08,0.25282,0.14405,5-6 hours,"LKR 9,000 - 12,000"
1,0.04,0.08023,0.05547,5-6 hours,"LKR 9,000 - 12,000"
0,0.08,0.16762,0.17782,5-6 hours,"LKR 9,000 - 12,000"
0,0.08,0.13166,0.18818,5-6 hours,"LKR 9,000 - 12,000"
1,0.04,0.08371,0.0675,4-5 hours,"LKR 7,000 - 9,000"
0,0.08,0.13851,0.19531,5-6 hours,"LKR 9,000 - 12,000"
0,0.08,0.20813,0.08425,5-6 hours,"LKR 9,000 - 12,000"
2,0.1,0.27889,0.21552,5-6 hours,"LKR 9,000 - 12,000"
0,0.08,0.25581,0.13805,5-6 hours,"LKR 9,000 - 12,000"
0,0.08,0.15218,0.11622,5-6 hours,"LKR 9,000 - 12,000"
0,0.08,0.16321,0.12784,5-6 hours,"LKR 9,000 - 12,000"
0,0.08,0.19359,0.18542,5-6 hours,"LKR 9,000 - 12,000"
2,0.1,0.18337,0.24446,5-6 hours,"LKR 9,000 - 12,000"
0,0.08,0.18336,0.16837,5-6 hours,"LKR 9,000 - 12,000"
2,0.1,0.21134,0.1964,5-6 hours,"LKR 9,000 - 12,000"
2,0.1,0.21549,0.24491,5-6 hours,"LKR 9,000 - 12,000"
1,0.04,0.13033,0.07297,4-5 hours,"LKR 7,000 - 9,000"
0,0.08,0.1237,0.10862,5-6 hours,"LKR 9,000 - 12,000"
2,0.1,0.28975,0.19837,5-6 hours,"LKR 9,000 - 12,000"
2,0.1,0.26805,0.23776,5-6 hours,"LKR 9,000 - 12,000"
2,0.1,0.15847,0.10938,5-6 hours,"LKR 9,000 - 12,000"
0,0.08,0.2287,0.12751,5-6 hours,"LKR 9,000 - 12,000"
0,0.08,0.2343,0.19862,5-6 hours,"LKR 9,000 - 12,000"
1,0.04,0.06026,0.06122,4-5 hours,"LKR 7,000 - 9,000"
1,0.04,0.12395,0.04185,4-5 hours,"LKR 7,000 - 9,000"
0,0.08,0.27038,0.15325,5-6 hours,"LKR 9,000 - 12,000"
1,0.04,0.09928,0.08685,4-5 hours,"LKR 7,000 - 9,000"
0,0.08,0.17773,0.12207,5-6 hours,"LKR 9,000 - 12,000"
1,0.04,0.13196,0.05929,5-6 hours,"LKR 9,000 - 12,000"
1,0.04,0.09397,0.08086,4-5 hours,"LKR 7,000 - 9,000"
0,0.08,0.1949,0.09703,6-7 hours,"LKR 12,000 - 15,000"
0,0.0095,0.02142,0.02086,3-4 hours,"LKR 5,000 - 7,000"
0,0.08,0.19539,0.08542,5-6 hours,"LKR 9,000 - 12,000"
0,0.08,0.24756,0.09789,6-7 hours,"LKR 12,000 - 15,000"
2,0.1,0.2746,0.12552,5-6 hours,"LKR 9,000 - 12,000"
2,0.1,0.15018,0.16852,5-6 hours,"LKR 9,000 - 12,000"
2,0.1,0.21817,0.20254,5-6 hours,"LKR 9,000 - 12,000"
1,0.04,0.06177,0.05522,4-5 hours,"LKR 7,000 - 9,000"
0,0.08,0.2211,0.10876,6-7 hours,"LKR 12,000 - 15,000"
1,0.04,0.07646,0.07249,4-5 hours,"LKR 7,000 - 9,000"
0,0.07023,0.11914,0.16377,5-6 hours,"LKR 9,000 - 12,000"
0,0.08,0.12958,0.19006,5-6 hours,"LKR 9,000 - 12,000"
0,0.08,0.12331,0.13807,5-6 hours,"LKR 9,000 - 12,000"
1,0.04,0.10162,0.05866,4-5 hours,"LKR 7,000 - 9,000"
0,0.06631,0.18281,0.13281,5-6 hours,"LKR 9,000 - 12,000"
0,0.0498,0.13636,0.09606,4-5 hours,"LKR 7,000 - 9,000"
2,0.1,0.1641,0.10744,5-6 hours,"LKR 9,000 - 12,000"
1,0.04,0.0877,0.05289,4-5 hours,"LKR 7,000 - 9,000"
1,0.04,0.13951,0.08854,4-5 hours,"LKR 7,000 - 9,000"
1,0.04,0.12045,0.05336,4-5 hours,"LKR 7,000 - 9,000"
0,0.08,0.12276,0.11509,5-6 hours,"LKR 9,000 - 12,000"
0,0.08,0.26201,0.08341,5-6 hours,"LKR 9,000 - 12,000"
0,0.08,0.15225,0.12119,5-6 hours,"LKR 9,000 - 12,000"
0,0.08,0.2177,0.13725,5-6 hours,"LKR 9,000 - 12,000"
1,0.04,0.12936,0.09375,4-5 hours,"LKR 7,000 - 9,000"
1,0.04,0.07472,0.09469,4-5 hours,"LKR 7,000 - 9,000"
0,0.04521,0.1509,0.04572,4-5 hours,"LKR 7,000 - 9,000"
0,0.08,0.149,0.15967,5-6 hours,"LKR 9,000 - 12,000"
2,0.1,0.20677,0.14278,6-7 hours,"LKR 12,000 - 15,000"
1,0.04,0.13192,0.07098,4-5 hours,"LKR 7,000 - 9,000"
0,0.08,0.26642,0.19917,5-6 hours,"LKR 9,000 - 12,000"
1,0.04,0.07123,0.04626,4-5 hours,"LKR 7,000 - 9,000"
1,0.04,0.0761,0.0665,4-5 hours,"LKR 7,000 - 9,000"
0,0.08,0.17717,0.18984,6-7 hours,"LKR 12,000 - 15,000"
0,0.08,0.18358,0.15983,5-6 hours,"LKR 9,000 - 12,000"
0,0.08,0.21364,0.18541,5-6 hours,"LKR 9,000 - 12,000"
0,0.08,0.14054,0.19968,5-6 hours,"LKR 9,000 - 12,000"
0,0.08,0.16338,0.19476,5-6 hours,"LKR 9,000 - 12,000"
0,0.03998,0.06308,0.06479,4-5 hours,"LKR 7,000 - 9,000"
0,0.08,0.21001,0.08884,5-6 hours,"LKR 9,000 - 12,000"
0,0.08,0.12766,0.18635,5-6 hours,"LKR 9,000 - 12,000"
1,0.04,0.12017,0.05601,4-5 hours,"LKR 7,000 - 9,000"
2,0.1,0.28691,0.10232,5-6 hours,"LKR 9,000 - 12,000"
1,0.04,0.07337,0.05627,4-5 hours,"LKR 7,000 - 9,000"
1,0.04,0.11155,0.0408,4-5 hours,"LKR 7,000 - 9,000"
1,0.04,0.11877,0.07281,4-5 hours,"LKR 7,000 - 9,000"
1,0.04,0.08007,0.06633,4-5 hours,"LKR 7,000 - 9,000"
0,0.08,0.19846,0.14977,5-6 hours,"LKR 9,000 - 12,000"
2,0.1,0.21457,0.1533,5-6 hours,"LKR 9,000 - 12,000"
0,0.08,0.27086,0.10442,6-7 hours,"LKR 12,000 - 15,000"
2,0.1,0.30488,0.18952,5-6 hours,"LKR 9,000 - 12,000"
0,0.08,0.26963,0.15914,5-6 hours,"LKR 9,000 - 12,000"
0,0.08,0.20578,0.17157,5-6 hours,"LKR 9,000 - 12,000"
1,0.04,0.11475,0.07868,5-6 hours,"LKR 9,000 - 12,000"
1,0.04,0.13503,0.0988,4-5 hours,"LKR 7,000 - 9,000"
0,0.08,0.26705,0.14718,5-6 hours,"LKR 9,000 - 12,000"
2,0.1,0.29618,0.20682,5-6 hours,"LKR 9,000 - 12,000"
1,0.04,0.08548,0.08463,4-5 hours,"LKR 7,000 - 9,000"
0,0.08,0.21656,0.14035,5-6 hours,"LKR 9,000 - 12,000"
0,0.08,0.13339,0.08632,5-6 hours,"LKR 9,000 - 12,000"
1,0.04,0.11201,0.08958,4-5 hours,"LKR 7,000 - 9,000"
0,0.05288,0.11285,0.12946,5-6 hours,"LKR 9,000 - 12,000"
1,0.04,0.07849,0.04835,4-5 hours,"LKR 7,000 - 9,000"
0,0.08,0.18732,0.11453,5-6 hours,"LKR 9,000 - 12,000"
0,0.05359,0.09886,0.09419,5-6 hours,"LKR 9,000 - 12,000"
1,0.04,0.08117,0.09025,5-6 hours,"LKR 9,000 - 12,000"
0,0.08,0.27573,0.16832,6-7 hours,"LKR 12,000 - 15,000"
0,0.08,0.21224,0.13221,5-6 hours,"LKR 9,000 - 12,000"
2,0.1,0.33994,0.20466,5-6 hours,"LKR 9,000 - 12,000"
0,0.08,0.14713,0.13346,5-6 hours,"LKR 9,000 - 12,000"
2,0.1,0.22677,0.18864,5-6 hours,"LKR 9,000 - 12,000"
1,0.04,0.08717,0.07134,4-5 hours,"LKR 7,000 - 9,000"
0,0.08,0.27936,0.08798,5-6 hours,"LKR 9,000 - 12,000"
0,0.08,0.23324,0.12264,5-6 hours,"LKR 9,000 - 12,000"
0,0.00323,0.01,0.01,2-3 hours,"LKR 3,000 - 5,000"
1,0.04,0.10384,0.08837,4-5 hours,"LKR 7,000 - 9,000"
0,0.08,0.21578,0.14515,5-6 hours,"LKR 9,000 - 12,000"
1,0.04,0.1201,0.06734,4-5 hours,"LKR 7,000 - 9,000"
0,0.08,0.17537,0.09888,5-6 hours,"LKR 9,000 - 12,000"
0,0.08,0.25438,0.17911,5-6 hours,"LKR 9,000 - 12,000"
0,0.08,0.21989,0.16325,5-6 hours,"LKR 9,000 - 12,000"
2,0.1,0.25649,0.16694,6-7 hours,"LKR 12,000 - 15,000"
1,0.04,0.06278,0.0736,4-5 hours,"LKR 7,000 - 9,000"
0,0.08,0.22016,0.10776,5-6 hours,"LKR 9,000 - 12,000"
2,0.1,0.26399,0.14204,5-6 hours,"LKR 9,000 - 12,000"
0,0.08,0.22384,0.08055,5-6 hours,"LKR 9,000 - 12,000"
1,0.04,0.06076,0.09099,4-5 hours,"LKR 7,000 - 9,000"
0,0.08,0.24934,0.19696,5-6 hours,"LKR 9,000 - 12,000"
0,0.06617,0.12722,0.15193,5-6 hours,"LKR 9,000 - 12,000"
0,0.08,0.20476,0.10495,5-6 hours,"LKR 9,000 - 12,000"
0,0.08,0.12786,0.13717,5-6 hours,"LKR 9,000 - 12,000"
2,0.1,0.25972,0.20455,5-6 hours,"LKR 9,000 - 12,000"
0,0.08,0.12057,0.15122,6-7 hours,"LKR 12,000 - 15,000"
2,0.1,0.25801,0.22952,5-6 hours,"LKR 9,000 - 12,000"
0,0.08,0.18646,0.14727,5-6 hours,"LKR 9,000 - 12,000"
1,0.04,0.07908,0.08893,4-5 hours,"LKR 7,000 - 9,000"
2,0.1,0.21603,0.10706,5-6 hours,"LKR 9,000 - 12,000"
0,0.07972,0.19646,0.1601,5-6 hours,"LKR 9,000 - 12,000"
1,0.04,0.11783,0.04263,5-6 hours,"LKR 9,000 - 12,000"
1,0.04,0.0893,0.08174,4-5 hours,"LKR 7,000 - 9,000"
0,0.08,0.17841,0.1061,5-6 hours,"LKR 9,000 - 12,000"
0,0.08,0.17603,0.15888,5-6 hours,"LKR 9,000 - 12,000"
1,0.04,0.10553,0.06874,4-5 hours,"LKR 7,000 - 9,000"
2,0.1,0.17738,0.19346,5-6 hours,"LKR 9,000 - 12,000"
2,0.07166,0.20745,0.17596,5-6 hours,"LKR 9,000 - 12,000"
2,0.1,0.29015,0.16616,5-6 hours,"LKR 9,000 - 12,000"
2,0.1,0.29444,0.1413,5-6 hours,"LKR 9,000 - 12,000"
1,0.04,0.06724,0.09132,4-5 hours,"LKR 7,000 - 9,000"
0,0.08,0.22874,0.09109,5-6 hours,"LKR 9,000 - 12,000"
2,0.1,0.2822,0.16851,5-6 hours,"LKR 9,000 - 12,000"
1,0.03292,0.06842,0.0698,4-5 hours,"LKR 7,000 - 9,000"
0,0.08,0.24309,0.14732,5-6 hours,"LKR 9,000 - 12,000"
0,0.08,0.13961,0.17623,5-6 hours,"LKR 9,000 - 12,000"
0,0.08,0.13261,0.14329,5-6 hours,"LKR 9,000 - 12,000"
1,0.04,0.07058,0.08339,4-5 hours,"LKR 7,000 - 9,000"
0,0.07484,0.12432,0.16696,5-6 hours,"LKR 9,000 - 12,000"
0,0.08,0.17085,0.16269,5-6 hours,"LKR 9,000 - 12,000"
0,0.0204,0.03124,0.03547,4-5 hours,"LKR 7,000 - 9,000"
1,0.04,0.08447,0.08985,4-5 hours,"LKR 7,000 - 9,000"
0,0.08,0.17236,0.09319,5-6 hours,"LKR 9,000 - 12,000"
0,0.00655,0.01936,0.01514,2-3 hours,"LKR 3,000 - 5,000"
0,0.08,0.25975,0.16103,5-6 hours,"LKR 9,000 - 12,000"
0,0.08,0.18483,0.1756,5-6 hours,"LKR 9,000 - 12,000"
2,0.1,0.29197,0.23027,5-6 hours,"LKR 9,000 - 12,000"
0,0.08,0.25311,0.16614,5-6 hours,"LKR 9,000 - 12,000"
1,0.04,0.07864,0.04289,5-6 hours,"LKR 9,000 - 12,000"
0,0.08,0.19924,0.11879,5-6 hours,"LKR 9,000 - 12,000"
0,0.08,0.25619,0.15854,5-6 hours,"LKR 9,000 - 12,000"
1,0.04,0.0739,0.09738,4-5 hours,"LKR 7,000 - 9,000"
0,0.08,0.26918,0.15025,5-6 hours,"LKR 9,000 - 12,000"
2,0.1,0.32661,0.24944,6-7 hours,"LKR 12,000 - 15,000"
2,0.1,0.30188,0.10802,5-6 hours,"LKR 9,000 - 12,000"
0,0.07803,0.20638,0.1685,5-6 hours,"LKR 9,000 - 12,000"
0,0.08,0.21777,0.19306,5-6 hours,"LKR 9,000 - 12,000"
1,0.04,0.06697,0.04754,4-5 hours,"LKR 7,000 - 9,000"
0,0.08,0.21742,0.15156,5-6 hours,"LKR 9,000 - 12,000"
0,0.08,0.14544,0.17401,5-6 hours,"LKR 9,000 - 12,000"
0,0.08,0.19553,0.1814,5-6 hours,"LKR 9,000 - 12,000"
0,0.03242,0.08102,0.03931,4-5 hours,"LKR 7,000 - 9,000"
0,0.08,0.15344,0.19983,5-6 hours,"LKR 9,000 - 12,000"
1,0.04,0.11546,0.06161,4-5 hours,"LKR 7,000 - 9,000"
1,0.04,0.07217,0.05304,4-5 hours,"LKR 7,000 - 9,000"
0,0.08,0.14662,0.1703,5-6 hours,"LKR 9,000 - 12,000"
0,0.08,0.23229,0.1638,5-6 hours,"LKR 9,000 - 12,000"
0,0.08,0.22222,0.15426,5-6 hours,"LKR 9,000 - 12,000"
2,0.1,0.3306,0.19822,5-6 hours,"LKR 9,000 - 12,000"
1,0.04,0.1178,0.04589,4-5 hours,"LKR 7,000 - 9,000"
1,0.04,0.06253,0.06808,4-5 hours,"LKR 7,000 - 9,000"
2,0.1,0.21517,0.20173,5-6 hours,"LKR 9,000 - 12,000"
0,0.04514,0.10834,0.0789,4-5 hours,"LKR 7,000 - 9,000"
0,0.08,0.25037,0.15105,5-6 hours,"LKR 9,000 - 12,000"
0,0.08,0.23991,0.16333,5-6 hours,"LKR 9,000 - 12,000"
1,0.04,0.1355,0.08281,5-6 hours,"LKR 9,000 - 12,000"
1,0.04,0.06241,0.0401,4-5 hours,"LKR 7,000 - 9,000"
1,0.04,0.11004,0.04963,4-5 hours,"LKR 7,000 - 9,000"
2,0.1,0.16773,0.23885,5-6 hours,"LKR 9,000 - 12,000"
1,0.02921,0.07767,0.03667,3-4 hours,"LKR 5,000 - 7,000"
2,0.1,0.34658,0.16854,5-6 hours,"LKR 9,000 - 12,000"
0,0.08,0.18686,0.16742,5-6 hours,"LKR 9,000 - 12,000"
1,0.04,0.062,0.08787,4-5 hours,"LKR 7,000 - 9,000"
2,0.1,0.22888,0.18503,5-6 hours,"LKR 9,000 - 12,000"
0,0.08,0.19718,0.14725,5-6 hours,"LKR 9,000 - 12,000"
0,0.08,0.23747,0.12182,5-6 hours,"LKR 9,000 - 12,000"
0,0.08,0.15841,0.13918,5-6 hours,"LKR 9,000 - 12,000"
2,0.1,0.19009,0.1985,5-6 hours,"LKR 9,000 - 12,000"
0,0.08,0.16365,0.16297,5-6 hours,"LKR 9,000 - 12,000"
1,0.04,0.06971,0.05983,4-5 hours,"LKR 7,000 - 9,000"
0,0.08,0.21125,0.15915,5-6 hours,"LKR 9,000 - 12,000"
1,0.04,0.07879,0.08906,4-5 hours,"LKR 7,000 - 9,000"
2,0.1,0.21603,0.1415,5-6 hours,"LKR 9,000 - 12,000"
1,0.04,0.07836,0.0572,4-5 hours,"LKR 7,000 - 9,000"
1,0.04,0.13684,0.06283,4-5 hours,"LKR 7,000 - 9,000"
0,0.08,0.1549,0.09244,5-6 hours,"LKR 9,000 - 12,000"
0,0.08,0.26902,0.09404,5-6 hours,"LKR 9,000 - 12,000"
1,0.04,0.12747,0.09494,4-5 hours,"LKR 7,000 - 9,000"
2,0.1,0.19452,0.21115,5-6 hours,"LKR 9,000 - 12,000"
0,0.08,0.14261,0.15254,5-6 hours,"LKR 9,000 - 12,000"
1,0.04,0.0781,0.09041,4-5 hours,"LKR 7,000 - 9,000"
1,0.04,0.06286,0.04368,4-5 hours,"LKR 7,000 - 9,000"
0,0.08,0.18706,0.11449,5-6 hours,"LKR 9,000 - 12,000"
0,0.08,0.24149,0.10372,5-6 hours,"LKR 9,000 - 12,000"
0,0.08,0.25226,0.12313,5-6 hours,"LKR 9,000 - 12,000"
0,0.08,0.1966,0.16022,5-6 hours,"LKR 9,000 - 12,000"
0,0.08,0.17373,0.12145,5-6 hours,"LKR 9,000 - 12,000"
2,0.1,0.32964,0.21085,5-6 hours,"LKR 9,000 - 12,000"
0,0.08,0.26502,0.18064,6-7 hours,"LKR 12,000 - 15,000"
0,0.08,0.15306,0.15243,5-6 hours,"LKR 9,000 - 12,000"
0,0.08,0.19533,0.18452,5-6 hours,"LKR 9,000 - 12,000"
1,0.04,0.09668,0.08131,4-5 hours,"LKR 7,000 - 9,000"
0,0.00784,0.01339,0.01,3-4 hours,"LKR 5,000 - 7,000"
0,0.08,0.25764,0.11919,5-6 hours,"LKR 9,000 - 12,000"
0,0.08,0.23923,0.10268,5-6 hours,"LKR 9,000 - 12,000"
0,0.08,0.12949,0.1719,5-6 hours,"LKR 9,000 - 12,000"
1,0.04,0.09629,0.04867,4-5 hours,"LKR 7,000 - 9,000"
0,0.03235,0.07067,0.0744,4-5 hours,"LKR 7,000 - 9,000"
1,0.02657,0.04715,0.02759,3-4 hours,"LKR 5,000 - 7,000"
1,0.04,0.11934,0.09777,4-5 hours,"LKR 7,000 - 9,000"
2,0.1,0.3097,0.23546,5-6 hours,"LKR 9,000 - 12,000"
2,0.1,0.30364,0.13181,5-6 hours,"LKR 9,000 - 12,000"
1,0.04,0.09523,0.06592,4-5 hours,"LKR 7,000 - 9,000"
1,0.04,0.08662,0.09716,4-5 hours,"LKR 7,000 - 9,000"
1,0.04,0.08711,0.08295,4-5 hours,"LKR 7,000 - 9,000"
0,0.08,0.14116,0.0859,5-6 hours,"LKR 9,000 - 12,000"
1,0.04,0.12552,0.04014,4-5 hours,"LKR 7,000 - 9,000"
1,0.04,0.09743,0.09775,4-5 hours,"LKR 7,000 - 9,000"
0,0.08,0.20002,0.12097,6-7 hours,"LKR 12,000 - 15,000"
1,0.04,0.0829,0.06752,5-6 hours,"LKR 9,000 - 12,000"
2,0.03813,0.07903,0.06376,5-6 hours,"LKR 9,000 - 12,000"
0,0.08,0.15657,0.11025,5-6 hours,"LKR 9,000 - 12,000"
2,0.1,0.173,0.11171,5-6 hours,"LKR 9,000 - 12,000"
1,0.04,0.11802,0.06494,4-5 hours,"LKR 7,000 - 9,000"
1,0.04,0.09403,0.04437,4-5 hours,"LKR 7,000 - 9,000"
1,0.04,0.10302,0.04124,4-5 hours,"LKR 7,000 - 9,000"
0,0.08,0.26122,0.19131,5-6 hours,"LKR 9,000 - 12,000"
0,0.08,0.13614,0.11265,5-6 hours,"LKR 9,000 - 12,000"
0,0.08,0.21079,0.17898,5-6 hours,"LKR 9,000 - 12,000"
0,0.08,0.25285,0.08193,5-6 hours,"LKR 9,000 - 12,000"
0,0.08,0.18769,0.15711,5-6 hours,"LKR 9,000 - 12,000"
1,0.04,0.1387,0.09478,4-5 hours,"LKR 7,000 - 9,000"
0,0.08,0.21748,0.09338,5-6 hours,"LKR 9,000 - 12,000"
0,0.08,0.2235,0.19292,5-6 hours,"LKR 9,000 - 12,000"
0,0.08,0.19496,0.13987,5-6 hours,"LKR 9,000 - 12,000"
1,0.04,0.11421,0.09311,4-5 hours,"LKR 7,000 - 9,000"
0,0.08,0.15052,0.15931,5-6 hours,"LKR 9,000 - 12,000"
0,0.08,0.25016,0.10901,5-6 hours,"LKR 9,000 - 12,000"
1,0.04,0.1345,0.0908,4-5 hours,"LKR 7,000 - 9,000"
0,0.08,0.24085,0.16702,6-7 hours,"LKR 12,000 - 15,000"
0,0.08,0.25407,0.13647,5-6 hours,"LKR 9,000 - 12,000"
1,0.04,0.12083,0.0469,4-5 hours,"LKR 7,000 - 9,000"
0,0.08,0.13514,0.18137,5-6 hours,"LKR 9,000 - 12,000"
1,0.04,0.07745,0.07673,5-6 hours,"LKR 9,000 - 12,000"
0,0.08,0.19443,0.15607,6-7 hours,"LKR 12,000 - 15,000"
1,0.04,0.13281,0.08531,4-5 hours,"LKR 7,000 - 9,000"
0,0.08,0.12166,0.08219,5-6 hours,"LKR 9,000 - 12,000"
2,0.1,0.34581,0.13483,5-6 hours,"LKR 9,000 - 12,000"
0,0.08,0.21095,0.16811,5-6 hours,"LKR 9,000 - 12,000"
1,0.04,0.07268,0.04892,4-5 hours,"LKR 7,000 - 9,000"
1,0.04,0.09024,0.07725,4-5 hours,"LKR 7,000 - 9,000"
0,0.08,0.15259,0.11899,5-6 hours,"LKR 9,000 - 12,000"
1,0.04,0.09593,0.07489,4-5 hours,"LKR 7,000 - 9,000"
0,0.08,0.20138,0.11642,5-6 hours,"LKR 9,000 - 12,000"
2,0.1,0.20238,0.21042,5-6 hours,"LKR 9,000 - 12,000"
0,0.08,0.24041,0.17519,5-6 hours,"LKR 9,000 - 12,000"
0,0.08,0.23572,0.10674,5-6 hours,"LKR 9,000 - 12,000"
0,0.08,0.25873,0.09072,5-6 hours,"LKR 9,000 - 12,000"
0,0.08,0.16518,0.10468,5-6 hours,"LKR 9,000 - 12,000"
0,0.08,0.2509,0.13713,5-6 hours,"LKR 9,000 - 12,000"
2,0.1,0.27993,0.22459,5-6 hours,"LKR 9,000 - 12,000"
1,0.04,0.12963,0.0999,4-5 hours,"LKR 7,000 - 9,000"
0,0.04676,0.11569,0.07278,5-6 hours,"LKR 9,000 - 12,000"
1,0.04,0.11699,0.05373,5-6 hours,"LKR 9,000 - 12,000"
1,0.04,0.11157,0.09083,4-5 hours,"LKR 7,000 - 9,000"
2,0.1,0.32146,0.24297,5-6 hours,"LKR 9,000 - 12,000"
1,0.04,0.13107,0.05262,4-5 hours,"LKR 7,000 - 9,000"
0,0.08,0.13906,0.14595,5-6 hours,"LKR 9,000 - 12,000"
0,0.05463,0.08632,0.06482,5-6 hours,"LKR 9,000 - 12,000"
2,0.1,0.33708,0.19342,5-6 hours,"LKR 9,000 - 12,000"
1,0.04,0.08463,0.04823,4-5 hours,"LKR 7,000 - 9,000"
0,0.08,0.2133,0.18367,5-6 hours,"LKR 9,000 - 12,000"
1,0.04,0.09713,0.08571,4-5 hours,"LKR 7,000 - 9,000"
1,0.04,0.06694,0.04986,4-5 hours,"LKR 7,000 - 9,000"
1,0.04,0.09499,0.06336,4-5 hours,"LKR 7,000 - 9,000"
2,0.1,0.23272,0.13208,5-6 hours,"LKR 9,000 - 12,000"
0,0.08,0.2686,0.1881,6-7 hours,"LKR 12,000 - 15,000"
0,0.08,0.20197,0.16643,5-6 hours,"LKR 9,000 - 12,000"
1,0.04,0.13242,0.09484,4-5 hours,"LKR 7,000 - 9,000"
0,0.08,0.15839,0.12782,5-6 hours,"LKR 9,000 - 12,000"
1,0.04,0.12342,0.04379,4-5 hours,"LKR 7,000 - 9,000"
2,0.09194,0.18008,0.12568,5-6 hours,"LKR 9,000 - 12,000"
0,0.08,0.15189,0.13901,5-6 hours,"LKR 9,000 - 12,000"
0,0.08,0.19926,0.15623,5-6 hours,"LKR 9,000 - 12,000"
0,0.08,0.20285,0.12792,6-7 hours,"LKR 12,000 - 15,000"
2,0.1,0.25544,0.20335,5-6 hours,"LKR 9,000 - 12,000"
1,0.04,0.10214,0.05903,4-5 hours,"LKR 7,000 - 9,000"
0,0.08,0.16088,0.12342,5-6 hours,"LKR 9,000 - 12,000"
0,0.08,0.13483,0.10781,5-6 hours,"LKR 9,000 - 12,000"
2,0.1,0.28117,0.10569,5-6 hours,"LKR 9,000 - 12,000"
0,0.08,0.23071,0.13118,5-6 hours,"LKR 9,000 - 12,000"
0,0.05658,0.12379,0.06023,6-7 hours,"LKR 12,000 - 15,000"
2,0.1,0.29723,0.24029,5-6 hours,"LKR 9,000 - 12,000"
1,0.04,0.10789,0.09355,4-5 hours,"LKR 7,000 - 9,000"
0,0.0589,0.17461,0.09406,5-6 hours,"LKR 9,000 - 12,000"
0,0.08,0.20128,0.10046,5-6 hours,"LKR 9,000 - 12,000"
0,0.02963,0.04924,0.06816,4-5 hours,"LKR 7,000 - 9,000"
1,0.03472,0.08665,0.05631,4-5 hours,"LKR 7,000 - 9,000"
0,0.08,0.20749,0.08741,5-6 hours,"LKR 9,000 - 12,000"
1,0.01336,0.0436,0.0265,2-3 hours,"LKR 3,000 - 5,000"
1,0.04,0.06393,0.0753,5-6 hours,"LKR 9,000 - 12,000"
1,0.04,0.11913,0.0819,4-5 hours,"LKR 7,000 - 9,000"
2,0.1,0.22923,0.16146,5-6 hours,"LKR 9,000 - 12,000"
0,0.08,0.2139,0.17,5-6 hours,"LKR 9,000 - 12,000"
0,0.08,0.16503,0.18558,5-6 hours,"LKR 9,000 - 12,000"
0,0.08,0.18724,0.10437,5-6 hours,"LKR 9,000 - 12,000"
1,0.04,0.07569,0.06898,4-5 hours,"LKR 7,000 - 9,000"
0,0.08,0.25014,0.127,5-6 hours,"LKR 9,000 - 12,000"
0,0.08,0.24055,0.1874,5-6 hours,"LKR 9,000 - 12,000"
0,0.08,0.18792,0.14758,5-6 hours,"LKR 9,000 - 12,000"
0,0.01261,0.04238,0.01902,3-4 hours,"LKR 5,000 - 7,000"
0,0.08,0.1239,0.08893,5-6 hours,"LKR 9,000 - 12,000"
1,0.04,0.09527,0.05074,4-5 hours,"LKR 7,000 - 9,000"
0,0.08,0.20636,0.12496,5-6 hours,"LKR 9,000 - 12,000"
0,0.08,0.17677,0.14873,5-6 hours,"LKR 9,000 - 12,000"
1,0.04,0.13775,0.07468,4-5 hours,"LKR 7,000 - 9,000"
0,0.08,0.25853,0.15672,5-6 hours,"LKR 9,000 - 12,000"
0,0.08,0.27875,0.10126,5-6 hours,"LKR 9,000 - 12,000"
0,0.08,0.27647,0.11998,5-6 hours,"LKR 9,000 - 12,000"
0,0.08,0.20144,0.15366,5-6 hours,"LKR 9,000 - 12,000"
1,0.04,0.10878,0.09132,4-5 hours,"LKR 7,000 - 9,000"
1,0.04,0.13022,0.07616,4-5 hours,"LKR 7,000 - 9,000"
0,0.08,0.24825,0.11338,5-6 hours,"LKR 9,000 - 12,000"
0,0.04133,0.13232,0.04986,5-6 hours,"LKR 9,000 - 12,000"
2,0.1,0.17982,0.20299,5-6 hours,"LKR 9,000 - 12,000"
1,0.04,0.10347,0.05656,4-5 hours,"LKR 7,000 - 9,000"
0,0.08,0.27442,0.10286,5-6 hours,"LKR 9,000 - 12,000"
0,0.08,0.27824,0.19999,5-6 hours,"LKR 9,000 - 12,000"
1,0.0163,0.03178,0.03885,3-4 hours,"LKR 5,000 - 7,000"
0,0.08,0.13096,0.13525,5-6 hours,"LKR 9,000 - 12,000"
1,0.04,0.12447,0.07134,4-5 hours,"LKR 7,000 - 9,000"
0,0.00667,0.01949,0.01202,2-3 hours,"LKR 3,000 - 5,000"
0,0.08,0.20157,0.1043,5-6 hours,"LKR 9,000 - 12,000"
0,0.08,0.18485,0.13537,5-6 hours,"LKR 9,000 - 12,000"
0,0.04439,0.12052,0.05798,4-5 hours,"LKR 7,000 - 9,000"
0,0.08,0.22587,0.11793,5-6 hours,"LKR 9,000 - 12,000"
1,0.04,0.10696,0.09572,4-5 hours,"LKR 7,000 - 9,000"
1,0.04,0.11092,0.05447,4-5 hours,"LKR 7,000 - 9,000"
0,0.08,0.14923,0.1381,5-6 hours,"LKR 9,000 - 12,000"
0,0.08,0.2641,0.16481,5-6 hours,"LKR 9,000 - 12,000"
0,0.08,0.12111,0.19181,5-6 hours,"LKR 9,000 - 12,000"
0,0.08,0.19529,0.09936,5-6 hours,"LKR 9,000 - 12,000"
1,0.04,0.06683,0.0673,4-5 hours,"LKR 7,000 - 9,000"
1,0.03433,0.10524,0.05921,4-5 hours,"LKR 7,000 - 9,000"
1,0.04,0.08534,0.06512,4-5 hours,"LKR 7,000 - 9,000"
2,0.07604,0.18131,0.18895,5-6 hours,"LKR 9,000 - 12,000"
0,0.08,0.24415,0.19155,5-6 hours,"LKR 9,000 - 12,000"
1,0.04,0.06903,0.05821,5-6 hours,"LKR 9,000 - 12,000"
0,0.08,0.13647,0.1704,5-6 hours,"LKR 9,000 - 12,000"
0,0.08,0.26169,0.0835,5-6 hours,"LKR 9,000 - 12,000"
0,0.03699,0.06549,0.08435,4-5 hours,"LKR 7,000 - 9,000"
1,0.04,0.08452,0.05401,4-5 hours,"LKR 7,000 - 9,000"
1,0.04,0.10961,0.04431,4-5 hours,"LKR 7,000 - 9,000"
0,0.08,0.14925,0.09921,5-6 hours,"LKR 9,000 - 12,000"
0,0.08,0.14975,0.10079,5-6 hours,"LKR 9,000 - 12,000"
1,0.04,0.0713,0.08878,5-6 hours,"LKR 9,000 - 12,000"
1,0.02447,0.0458,0.05716,3-4 hours,"LKR 5,000 - 7,000"
1,0.04,0.06969,0.08568,4-5 hours,"LKR 7,000 - 9,000"
0,0.08,0.13355,0.11912,5-6 hours,"LKR 9,000 - 12,000"
1,0.04,0.11247,0.0951,4-5 hours,"LKR 7,000 - 9,000"
0,0.08,0.23893,0.19046,5-6 hours,"LKR 9,000 - 12,000"
2,0.1,0.30547,0.20283,5-6 hours,"LKR 9,000 - 12,000"
1,0.04,0.13139,0.05044,4-5 hours,"LKR 7,000 - 9,000"
2,0.1,0.19866,0.24245,5-6 hours,"LKR 9,000 - 12,000"
0,0.08,0.15238,0.10229,5-6 hours,"LKR 9,000 - 12,000"
2,0.1,0.32815,0.17607,5-6 hours,"LKR 9,000 - 12,000"
2,0.1,0.34277,0.21634,5-6 hours,"LKR 9,000 - 12,000"
2,0.08421,0.17281,0.18169,5-6 hours,"LKR 9,000 - 12,000"
0,0.08,0.1419,0.13748,5-6 hours,"LKR 9,000 - 12,000"
1,0.04,0.07684,0.05301,5-6 hours,"LKR 9,000 - 12,000"
2,0.1,0.16421,0.12846,5-6 hours,"LKR 9,000 - 12,000"
1,0.04,0.09871,0.07786,5-6 hours,"LKR 9,000 - 12,000"
0,0.08,0.17145,0.10449,5-6 hours,"LKR 9,000 - 12,000"
1,0.04,0.13962,0.07995,4-5 hours,"LKR 7,000 - 9,000"
0,0.08,0.27082,0.1596,5-6 hours,"LKR 9,000 - 12,000"
2,0.08066,0.17725,0.18114,5-6 hours,"LKR 9,000 - 12,000"
0,0.08,0.27628,0.10904,5-6 hours,"LKR 9,000 - 12,000"
1,0.04,0.12736,0.06625,4-5 hours,"LKR 7,000 - 9,000"
1,0.03765,0.11361,0.07826,4-5 hours,"LKR 7,000 - 9,000"
1,0.04,0.1372,0.06576,4-5 hours,"LKR 7,000 - 9,000"
0,0.08,0.12151,0.08142,5-6 hours,"LKR 9,000 - 12,000"
1,0.04,0.07087,0.0947,4-5 hours,"LKR 7,000 - 9,000"
0,0.08,0.19945,0.16634,5-6 hours,"LKR 9,000 - 12,000"
1,0.04,0.07648,0.04534,4-5 hours,"LKR 7,000 - 9,000"
0,0.08,0.23919,0.1758,5-6 hours,"LKR 9,000 - 12,000"
0,0.0522,0.1033,0.1135,5-6 hours,"LKR 9,000 - 12,000"
1,0.01938,0.05901,0.02871,3-4 hours,"LKR 5,000 - 7,000"
1,0.04,0.10457,0.07353,4-5 hours,"LKR 7,000 - 9,000"
0,0.08,0.18977,0.10369,5-6 hours,"LKR 9,000 - 12,000"
0,0.08,0.25349,0.11598,5-6 hours,"LKR 9,000 - 12,000"
2,0.1,0.24807,0.16846,5-6 hours,"LKR 9,000 - 12,000"
0,0.08,0.20156,0.1046,5-6 hours,"LKR 9,000 - 12,000"
1,0.04,0.11315,0.08458,4-5 hours,"LKR 7,000 - 9,000"
1,0.04,0.10687,0.0971,4-5 hours,"LKR 7,000 - 9,000"
0,0.08,0.16032,0.11137,5-6 hours,"LKR 9,000 - 12,000"
0,0.06577,0.2211,0.06834,5-6 hours,"LKR 9,000 - 12,000"
1,0.04,0.09528,0.06883,4-5 hours,"LKR 7,000 - 9,000"
0,0.08,0.27281,0.11692,5-6 hours,"LKR 9,000 - 12,000"
0,0.08,0.20979,0.10028,5-6 hours,"LKR 9,000 - 12,000"
1,0.04,0.06373,0.0825,4-5 hours,"LKR 7,000 - 9,000"
1,0.04,0.10573,0.06466,4-5 hours,"LKR 7,000 - 9,000"
2,0.1,0.21512,0.17699,5-6 hours,"LKR 9,000 - 12,000"
1,0.04,0.09754,0.05621,4-5 hours,"LKR 7,000 - 9,000"
0,0.08,0.20351,0.15832,5-6 hours,"LKR 9,000 - 12,000"
0,0.08,0.16367,0.1033,5-6 hours,"LKR 9,000 - 12,000"
0,0.08,0.23942,0.19091,5-6 hours,"LKR 9,000 - 12,000"
0,0.08,0.25805,0.09566,5-6 hours,"LKR 9,000 - 12,000"
0,0.08,0.23098,0.16188,5-6 hours,"LKR 9,000 - 12,000"
2,0.1,0.15867,0.21547,6-7 hours,"LKR 12,000 - 15,000"
0,0.06391,0.22264,0.11425,6-7 hours,"LKR 12,000 - 15,000"
0,0.08,0.19593,0.14218,5-6 hours,"LKR 9,000 - 12,000"
0,0.08,0.2024,0.13514,5-6 hours,"LKR 9,000 - 12,000"
0,0.08,0.16165,0.09497,6-7 hours,"LKR 12,000 - 15,000"
0,0.08,0.19586,0.15486,5-6 hours,"LKR 9,000 - 12,000"
0,0.08,0.25395,0.14395,5-6 hours,"LKR 9,000 - 12,000"
1,0.02634,0.08335,0.03823,4-5 hours,"LKR 7,000 - 9,000"
1,0.04,0.10051,0.08291,5-6 hours,"LKR 9,000 - 12,000"
1,0.04,0.07544,0.05798,4-5 hours,"LKR 7,000 - 9,000"
0,0.00376,0.01,0.01,2-3 hours,"LKR 3,000 - 5,000"
0,0.08,0.25597,0.14913,5-6 hours,"LKR 9,000 - 12,000"
0,0.08,0.12863,0.10347,5-6 hours,"LKR 9,000 - 12,000"
0,0.06179,0.18814,0.09603,5-6 hours,"LKR 9,000 - 12,000"
1,0.04,0.12349,0.06246,4-5 hours,"LKR 7,000 - 9,000"
2,0.1,0.20258,0.11334,6-7 hours,"LKR 12,000 - 15,000"
0,0.08,0.16209,0.18301,5-6 hours,"LKR 9,000 - 12,000"
1,0.04,0.12535,0.08787,4-5 hours,"LKR 7,000 - 9,000"
0,0.08,0.20843,0.11552,5-6 hours,"LKR 9,000 - 12,000"
0,0.08,0.25966,0.12077,5-6 hours,"LKR 9,000 - 12,000"
0,0.08,0.24599,0.10368,5-6 hours,"LKR 9,000 - 12,000"
0,0.08,0.27302,0.14684,5-6 hours,"LKR 9,000 - 12,000"
1,0.04,0.07441,0.06305,4-5 hours,"LKR 7,000 - 9,000"
1,0.04,0.13902,0.04958,4-5 hours,"LKR 7,000 - 9,000"
0,0.08,0.2779,0.19287,5-6 hours,"LKR 9,000 - 12,000"
0,0.08,0.16577,0.13539,5-6 hours,"LKR 9,000 - 12,000"
1,0.02141,0.06132,0.04439,3-4 hours,"LKR 5,000 - 7,000"
0,0.08,0.26014,0.09159,5-6 hours,"LKR 9,000 - 12,000"
0,0.02755,0.0668,0.03769,4-5 hours,"LKR 7,000 - 9,000"
0,0.06715,0.13764,0.12643,6-7 hours,"LKR 12,000 - 15,000"
2,0.1,0.22331,0.11742,5-6 hours,"LKR 9,000 - 12,000"
0,0.08,0.24316,0.11881,5-6 hours,"LKR 9,000 - 12,000"
1,0.04,0.07657,0.08487,4-5 hours,"LKR 7,000 - 9,000"
0,0.08,0.27606,0.08751,5-6 hours,"LKR 9,000 - 12,000"
0,0.08,0.13632,0.16938,5-6 hours,"LKR 9,000 - 12,000"
2,0.1,0.15086,0.13493,5-6 hours,"LKR 9,000 - 12,000"
2,0.1,0.23461,0.20332,5-6 hours,"LKR 9,000 - 12,000"
1,0.04,0.11711,0.08656,4-5 hours,"LKR 7,000 - 9,000"
2,0.1,0.30553,0.14372,5-6 hours,"LKR 9,000 - 12,000"
0,0.08,0.1549,0.15333,5-6 hours,"LKR 9,000 - 12,000"
2,0.1,0.18426,0.1049,5-6 hours,"LKR 9,000 - 12,000"
1,0.00952,0.02574,0.01593,3-4 hours,"LKR 5,000 - 7,000"
0,0.06546,0.20885,0.09393,5-6 hours,"LKR 9,000 - 12,000"
0,0.08,0.14444,0.19631,5-6 hours,"LKR 9,000 - 12,000"
0,0.08,0.16522,0.12457,5-6 hours,"LKR 9,000 - 12,000"
1,0.04,0.11152,0.07197,5-6 hours,"LKR 9,000 - 12,000"
0,0.08,0.14471,0.15949,5-6 hours,"LKR 9,000 - 12,000"
0,0.03129,0.05868,0.03759,4-5 hours,"LKR 7,000 - 9,000"
1,0.04,0.08561,0.08358,4-5 hours,"LKR 7,000 - 9,000"
1,0.04,0.13099,0.07456,4-5 hours,"LKR 7,000 - 9,000"
0,0.08,0.16807,0.12455,5-6 hours,"LKR 9,000 - 12,000"
2,0.1,0.1649,0.20792,5-6 hours,"LKR 9,000 - 12,000"
1,0.04,0.11295,0.0512,4-5 hours,"LKR 7,000 - 9,000"
2,0.1,0.21576,0.23925,5-6 hours,"LKR 9,000 - 12,000"
0,0.06058,0.15138,0.10317,5-6 hours,"LKR 9,000 - 12,000"
0,0.07323,0.18162,0.08996,5-6 hours,"LKR 9,000 - 12,000"
0,0.08,0.21258,0.1462,6-7 hours,"LKR 12,000 - 15,000"
0,0.07573,0.14409,0.09454,5-6 hours,"LKR 9,000 - 12,000"
0,0.08,0.20622,0.08766,5-6 hours,"LKR 9,000 - 12,000"
0,0.08,0.23544,0.08498,5-6 hours,"LKR 9,000 - 12,000"
2,0.1,0.25355,0.17183,5-6 hours,"LKR 9,000 - 12,000"
0,0.08,0.23835,0.09986,5-6 hours,"LKR 9,000 - 12,000"
0,0.04152,0.12119,0.08223,4-5 hours,"LKR 7,000 - 9,000"
1,0.04,0.09841,0.07484,4-5 hours,"LKR 7,000 - 9,000"
1,0.04,0.06007,0.05879,4-5 hours,"LKR 7,000 - 9,000"
0,0.08,0.15798,0.17708,5-6 hours,"LKR 9,000 - 12,000"
1,0.04,0.11121,0.09714,4-5 hours,"LKR 7,000 - 9,000"
0,0.08,0.12395,0.17907,6-7 hours,"LKR 12,000 - 15,000"
0,0.06691,0.19889,0.16128,5-6 hours,"LKR 9,000 - 12,000"
2,0.1,0.24163,0.23639,5-6 hours,"LKR 9,000 - 12,000"
1,0.04,0.08275,0.07915,4-5 hours,"LKR 7,000 - 9,000"
0,0.08,0.18222,0.19661,6-7 hours,"LKR 12,000 - 15,000"
2,0.1,0.24216,0.24089,5-6 hours,"LKR 9,000 - 12,000"
1,0.04,0.11913,0.0414,4-5 hours,"LKR 7,000 - 9,000"
1,0.04,0.10064,0.07097,4-5 hours,"LKR 7,000 - 9,000"
0,0.08,0.2188,0.09111,5-6 hours,"LKR 9,000 - 12,000"
0,0.08,0.26966,0.17957,5-6 hours,"LKR 9,000 - 12,000"
0,0.08,0.22045,0.08926,5-6 hours,"LKR 9,000 - 12,000"
1,0.04,0.06398,0.05042,4-5 hours,"LKR 7,000 - 9,000"
1,0.03071,0.09259,0.0384,5-6 hours,"LKR 9,000 - 12,000"
1,0.04,0.07231,0.05744,4-5 hours,"LKR 7,000 - 9,000"
0,0.08,0.27842,0.10528,5-6 hours,"LKR 9,000 - 12,000"
1,0.04,0.08999,0.07661,4-5 hours,"LKR 7,000 - 9,000"
0,0.08,0.27409,0.1701,5-6 hours,"LKR 9,000 - 12,000"
0,0.08,0.19971,0.14423,5-6 hours,"LKR 9,000 - 12,000"
1,0.04,0.12573,0.05252,5-6 hours,"LKR 9,000 - 12,000"
1,0.04,0.08385,0.0579,4-5 hours,"LKR 7,000 - 9,000"
2,0.1,0.15346,0.11816,6-7 hours,"LKR 12,000 - 15,000"
0,0.08,0.26087,0.09245,5-6 hours,"LKR 9,000 - 12,000"
0,0.0207,0.03264,0.04849,4-5 hours,"LKR 7,000 - 9,000"
1,0.04,0.13974,0.04413,4-5 hours,"LKR 7,000 - 9,000"
0,0.08,0.24275,0.17839,5-6 hours,"LKR 9,000 - 12,000"
0,0.08,0.24752,0.15085,5-6 hours,"LKR 9,000 - 12,000"
2,0.1,0.24332,0.17203,5-6 hours,"LKR 9,000 - 12,000"
2,0.1,0.24383,0.22805,5-6 hours,"LKR 9,000 - 12,000"
1,0.04,0.06828,0.05758,4-5 hours,"LKR 7,000 - 9,000"
1,0.04,0.06041,0.07142,4-5 hours,"LKR 7,000 - 9,000"
0,0.00805,0.02013,0.01797,3-4 hours,"LKR 5,000 - 7,000"
1,0.04,0.11753,0.07614,4-5 hours,"LKR 7,000 - 9,000"
1,0.04,0.12788,0.08927,4-5 hours,"LKR 7,000 - 9,000"
0,0.08,0.26412,0.09553,5-6 hours,"LKR 9,000 - 12,000"
0,0.08,0.13846,0.1909,6-7 hours,"LKR 12,000 - 15,000"
0,0.08,0.23071,0.17626,5-6 hours,"LKR 9,000 - 12,000"
0,0.08,0.2033,0.1784,5-6 hours,"LKR 9,000 - 12,000"
1,0.04,0.07227,0.06061,4-5 hours,"LKR 7,000 - 9,000"
0,0.08,0.2343,0.15507,5-6 hours,"LKR 9,000 - 12,000"
0,0.04181,0.09086,0.08789,4-5 hours,"LKR 7,000 - 9,000"
0,0.08,0.14368,0.08737,5-6 hours,"LKR 9,000 - 12,000"
0,0.08,0.16834,0.18976,6-7 hours,"LKR 12,000 - 15,000"
0,0.08,0.19252,0.19857,6-7 hours,"LKR 12,000 - 15,000"
1,0.04,0.1178,0.06777,4-5 hours,"LKR 7,000 - 9,000"
1,0.04,0.13843,0.05285,4-5 hours,"LKR 7,000 - 9,000"
0,0.08,0.12724,0.11842,5-6 hours,"LKR 9,000 - 12,000"
2,0.1,0.27766,0.2498,5-6 hours,"LKR 9,000 - 12,000"
0,0.08,0.15365,0.12791,5-6 hours,"LKR 9,000 - 12,000"
2,0.1,0.25251,0.23031,5-6 hours,"LKR 9,000 - 12,000"
1,0.04,0.10827,0.09389,4-5 hours,"LKR 7,000 - 9,000"
0,0.08,0.23564,0.08083,5-6 hours,"LKR 9,000 - 12,000"
1,0.04,0.13016,0.04594,4-5 hours,"LKR 7,000 - 9,000"
1,0.04,0.06999,0.09588,4-5 hours,"LKR 7,000 - 9,000"
1,0.04,0.09064,0.07318,4-5 hours,"LKR 7,000 - 9,000"
1,0.04,0.07236,0.06099,4-5 hours,"LKR 7,000 - 9,000"
1,0.04,0.11573,0.09979,4-5 hours,"LKR 7,000 - 9,000"
2,0.1,0.27596,0.22642,6-7 hours,"LKR 12,000 - 15,000"
1,0.04,0.109,0.04702,4-5 hours,"LKR 7,000 - 9,000"
1,0.04,0.0754,0.06377,4-5 hours,"LKR 7,000 - 9,000"
0,0.08,0.22557,0.08216,5-6 hours,"LKR 9,000 - 12,000"
0,0.08,0.21579,0.1762,5-6 hours,"LKR 9,000 - 12,000"
0,0.08,0.2043,0.12345,5-6 hours,"LKR 9,000 - 12,000"
1,0.04,0.06847,0.07876,4-5 hours,"LKR 7,000 - 9,000"
2,0.09623,0.30296,0.2174,5-6 hours,"LKR 9,000 - 12,000"
0,0.08,0.2295,0.19523,5-6 hours,"LKR 9,000 - 12,000"
1,0.04,0.06309,0.09938,4-5 hours,"LKR 7,000 - 9,000"
0,0.08,0.20772,0.08673,5-6 hours,"LKR 9,000 - 12,000"
1,0.04,0.11881,0.06219,4-5 hours,"LKR 7,000 - 9,000"
1,0.04,0.10815,0.04986,4-5 hours,"LKR 7,000 - 9,000"
1,0.04,0.10006,0.05879,4-5 hours,"LKR 7,000 - 9,000"
0,0.08,0.21649,0.19652,5-6 hours,"LKR 9,000 - 12,000"
0,0.08,0.19472,0.11955,5-6 hours,"LKR 9,000 - 12,000"
0,0.08,0.16606,0.19878,5-6 hours,"LKR 9,000 - 12,000"
0,0.08,0.18626,0.11527,5-6 hours,"LKR 9,000 - 12,000"
1,0.00283,0.01,0.01,1-2 hours,"LKR 1,000 - 3,000"
0,0.08,0.18867,0.19548,5-6 hours,"LKR 9,000 - 12,000"
1,0.04,0.09751,0.08736,4-5 hours,"LKR 7,000 - 9,000"
2,0.1,0.22845,0.1343,5-6 hours,"LKR 9,000 - 12,000"
0,0.08,0.25311,0.08884,5-6 hours,"LKR 9,000 - 12,000"
2,0.1,0.19431,0.24248,5-6 hours,"LKR 9,000 - 12,000"
0,0.08,0.26963,0.11454,5-6 hours,"LKR 9,000 - 12,000"
1,0.04,0.13382,0.06332,4-5 hours,"LKR 7,000 - 9,000"
2,0.1,0.34922,0.17189,5-6 hours,"LKR 9,000 - 12,000"
0,0.08,0.14233,0.18999,5-6 hours,"LKR 9,000 - 12,000"
1,0.04,0.13272,0.05517,5-6 hours,"LKR 9,000 - 12,000"
0,0.08,0.25737,0.10576,5-6 hours,"LKR 9,000 - 12,000"
0,0.08,0.17368,0.1697,5-6 hours,"LKR 9,000 - 12,000"
1,0.04,0.11842,0.09613,4-5 hours,"LKR 7,000 - 9,000"
1,0.04,0.09564,0.06392,4-5 hours,"LKR 7,000 - 9,000"
2,0.1,0.17734,0.11346,5-6 hours,"LKR 9,000 - 12,000"
1,0.04,0.13919,0.07711,4-5 hours,"LKR 7,000 - 9,000"
2,0.1,0.21187,0.10458,5-6 hours,"LKR 9,000 - 12,000"
2,0.1,0.17938,0.15884,5-6 hours,"LKR 9,000 - 12,000"
1,0.04,0.10526,0.06681,4-5 hours,"LKR 7,000 - 9,000"
0,0.08,0.19421,0.11771,5-6 hours,"LKR 9,000 - 12,000"
1,0.04,0.13227,0.0767,4-5 hours,"LKR 7,000 - 9,000"
1,0.04,0.06402,0.06076,4-5 hours,"LKR 7,000 - 9,000"
0,0.05199,0.08894,0.05796,5-6 hours,"LKR 9,000 - 12,000"
2,0.1,0.34011,0.21675,5-6 hours,"LKR 9,000 - 12,000"
0,0.08,0.23252,0.11301,5-6 hours,"LKR 9,000 - 12,000"
1,0.04,0.11861,0.04038,4-5 hours,"LKR 7,000 - 9,000"
2,0.1,0.28447,0.13187,5-6 hours,"LKR 9,000 - 12,000"
0,0.05865,0.18343,0.13512,5-6 hours,"LKR 9,000 - 12,000"
1,0.04,0.07628,0.07999,4-5 hours,"LKR 7,000 - 9,000"
0,0.08,0.12134,0.09819,5-6 hours,"LKR 9,000 - 12,000"
0,0.0481,0.11915,0.09469,4-5 hours,"LKR 7,000 - 9,000"
2,0.1,0.19507,0.12053,5-6 hours,"LKR 9,000 - 12,000"
0,0.08,0.24147,0.10611,5-6 hours,"LKR 9,000 - 12,000"
2,0.1,0.18528,0.21263,5-6 hours,"LKR 9,000 - 12,000"
0,0.08,0.1866,0.1582,5-6 hours,"LKR 9,000 - 12,000"
0,0.08,0.22017,0.14127,5-6 hours,"LKR 9,000 - 12,000"
1,0.04,0.06097,0.09499,4-5 hours,"LKR 7,000 - 9,000"
0,0.06737,0.12969,0.16373,5-6 hours,"LKR 9,000 - 12,000"
0,0.08,0.22297,0.19038,5-6 hours,"LKR 9,000 - 12,000"
1,0.04,0.09232,0.06453,4-5 hours,"LKR 7,000 - 9,000"
1,0.04,0.06138,0.07772,4-5 hours,"LKR 7,000 - 9,000"
1,0.04,0.10148,0.0837,4-5 hours,"LKR 7,000 - 9,000"
2,0.1,0.16289,0.11826,5-6 hours,"LKR 9,000 - 12,000"
0,0.08,0.2577,0.18279,5-6 hours,"LKR 9,000 - 12,000"
1,0.04,0.1025,0.07048,4-5 hours,"LKR 7,000 - 9,000"
1,0.04,0.07901,0.04748,4-5 hours,"LKR 7,000 - 9,000"
0,0.07777,0.15597,0.13283,5-6 hours,"LKR 9,000 - 12,000"
1,0.04,0.0936,0.08992,5-6 hours,"LKR 9,000 - 12,000"
0,0.08,0.1763,0.11402,5-6 hours,"LKR 9,000 - 12,000"
1,0.04,0.13238,0.06007,4-5 hours,"LKR 7,000 - 9,000"
0,0.08,0.21624,0.19699,5-6 hours,"LKR 9,000 - 12,000"
1,0.04,0.07048,0.05577,4-5 hours,"LKR 7,000 - 9,000"
1,0.04,0.13966,0.05021,4-5 hours,"LKR 7,000 - 9,000"
1,0.04,0.09227,0.08709,4-5 hours,"LKR 7,000 - 9,000"
1,0.04,0.12854,0.0525,4-5 hours,"LKR 7,000 - 9,000"
0,0.08,0.26832,0.18028,5-6 hours,"LKR 9,000 - 12,000"
0,0.08,0.23795,0.19899,5-6 hours,"LKR 9,000 - 12,000"
1,0.04,0.12072,0.08021,4-5 hours,"LKR 7,000 - 9,000"
1,0.04,0.11132,0.04303,4-5 hours,"LKR 7,000 - 9,000"
2,0.1,0.22973,0.16524,5-6 hours,"LKR 9,000 - 12,000"
1,0.01433,0.03739,0.0301,3-4 hours,"LKR 5,000 - 7,000"
1,0.04,0.09914,0.0581,4-5 hours,"LKR 7,000 - 9,000"
2,0.1,0.17977,0.10261,5-6 hours,"LKR 9,000 - 12,000"
1,0.04,0.10752,0.06608,4-5 hours,"LKR 7,000 - 9,000"
1,0.04,0.09434,0.04699,5-6 hours,"LKR 9,000 - 12,000"
0,0.08,0.26488,0.14827,6-7 hours,"LKR 12,000 - 15,000"
1,0.04,0.13582,0.05532,4-5 hours,"LKR 7,000 - 9,000"
2,0.1,0.24025,0.17283,5-6 hours,"LKR 9,000 - 12,000"
0,0.08,0.17321,0.11228,5-6 hours,"LKR 9,000 - 12,000"
1,0.04,0.10036,0.04288,4-5 hours,"LKR 7,000 - 9,000"
1,0.04,0.07969,0.06233,4-5 hours,"LKR 7,000 - 9,000"
0,0.08,0.18679,0.14747,5-6 hours,"LKR 9,000 - 12,000"
1,0.04,0.12653,0.06842,4-5 hours,"LKR 7,000 - 9,000"
2,0.1,0.24662,0.19785,5-6 hours,"LKR 9,000 - 12,000"
0,0.08,0.23442,0.08768,5-6 hours,"LKR 9,000 - 12,000"
0,0.08,0.19713,0.16502,6-7 hours,"LKR 12,000 - 15,000"
2,0.1,0.21711,0.11736,6-7 hours,"LKR 12,000 - 15,000"
0,0.08,0.22099,0.13183,5-6 hours,"LKR 9,000 - 12,000"
0,0.08,0.23264,0.12803,5-6 hours,"LKR 9,000 - 12,000"
0,0.08,0.17017,0.08358,5-6 hours,"LKR 9,000 - 12,000"
2,0.1,0.32348,0.21045,5-6 hours,"LKR 9,000 - 12,000"
0,0.08,0.13489,0.14798,5-6 hours,"LKR 9,000 - 12,000"
2,0.1,0.32628,0.20055,5-6 hours,"LKR 9,000 - 12,000"
0,0.08,0.20417,0.08025,5-6 hours,"LKR 9,000 - 12,000"
2,0.1,0.29018,0.12106,5-6 hours,"LKR 9,000 - 12,000"
0,0.08,0.23797,0.10556,5-6 hours,"LKR 9,000 - 12,000"
0,0.05728,0.13606,0.06758,5-6 hours,"LKR 9,000 - 12,000"
0,0.08,0.20652,0.15498,5-6 hours,"LKR 9,000 - 12,000"
0,0.08,0.2547,0.1039,5-6 hours,"LKR 9,000 - 12,000"
1,0.0392,0.12371,0.06804,4-5 hours,"LKR 7,000 - 9,000"
0,0.07908,0.22915,0.13957,5-6 hours,"LKR 9,000 - 12,000"
0,0.08,0.14721,0.08477,5-6 hours,"LKR 9,000 - 12,000"
0,0.0767,0.15528,0.18512,5-6 hours,"LKR 9,000 - 12,000"
1,0.04,0.0729,0.05575,4-5 hours,"LKR 7,000 - 9,000"
0,0.08,0.23957,0.17946,5-6 hours,"LKR 9,000 - 12,000"
1,0.04,0.06488,0.09899,4-5 hours,"LKR 7,000 - 9,000"
0,0.08,0.12057,0.17461,5-6 hours,"LKR 9,000 - 12,000"
0,0.08,0.26307,0.18952,5-6 hours,"LKR 9,000 - 12,000"
0,0.08,0.21298,0.14281,6-7 hours,"LKR 12,000 - 15,000"
0,0.05306,0.11816,0.11764,5-6 hours,"LKR 9,000 - 12,000"
0,0.08,0.20702,0.16418,5-6 hours,"LKR 9,000 - 12,000"
0,0.08,0.13352,0.10968,5-6 hours,"LKR 9,000 - 12,000"
1,0.04,0.07332,0.0585,4-5 hours,"LKR 7,000 - 9,000"
1,0.04,0.07987,0.06791,4-5 hours,"LKR 7,000 - 9,000"
2,0.1,0.23082,0.12201,5-6 hours,"LKR 9,000 - 12,000"
1,0.04,0.12285,0.04325,4-5 hours,"LKR 7,000 - 9,000"
0,0.08,0.16683,0.17678,5-6 hours,"LKR 9,000 - 12,000"
0,0.08,0.18643,0.11691,5-6 hours,"LKR 9,000 - 12,000"
2,0.1,0.16675,0.21449,5-6 hours,"LKR 9,000 - 12,000"
0,0.08,0.25784,0.08705,5-6 hours,"LKR 9,000 - 12,000"
1,0.04,0.06985,0.07372,5-6 hours,"LKR 9,000 - 12,000"
0,0.08,0.15496,0.1335,5-6 hours,"LKR 9,000 - 12,000"
0,0.08,0.19993,0.09742,5-6 hours,"LKR 9,000 - 12,000"
2,0.1,0.18866,0.17269,5-6 hours,"LKR 9,000 - 12,000"
0,0.08,0.1428,0.12447,5-6 hours,"LKR 9,000 - 12,000"
1,0.04,0.07215,0.08544,5-6 hours,"LKR 9,000 - 12,000"
0,0.08,0.14412,0.13112,6-7 hours,"LKR 12,000 - 15,000"
2,0.03552,0.10733,0.04518,5-6 hours,"LKR 9,000 - 12,000"
1,0.04,0.08531,0.09957,4-5 hours,"LKR 7,000 - 9,000"
0,0.08,0.2134,0.11842,5-6 hours,"LKR 9,000 - 12,000"
0,0.08,0.27816,0.1168,5-6 hours,"LKR 9,000 - 12,000"
1,0.04,0.13199,0.07932,4-5 hours,"LKR 7,000 - 9,000"
1,0.04,0.11255,0.09086,4-5 hours,"LKR 7,000 - 9,000"
2,0.1,0.29025,0.10376,5-6 hours,"LKR 9,000 - 12,000"
1,0.04,0.11061,0.05596,4-5 hours,"LKR 7,000 - 9,000"
1,0.04,0.11395,0.04885,4-5 hours,"LKR 7,000 - 9,000"
0,0.08,0.17515,0.103,5-6 hours,"LKR 9,000 - 12,000"
0,0.08,0.20853,0.19014,5-6 hours,"LKR 9,000 - 12,000"
1,0.04,0.12388,0.08543,4-5 hours,"LKR 7,000 - 9,000"
0,0.08,0.17738,0.08072,5-6 hours,"LKR 9,000 - 12,000"
0,0.08,0.22513,0.15791,5-6 hours,"LKR 9,000 - 12,000"
0,0.08,0.2592,0.12699,6-7 hours,"LKR 12,000 - 15,000"
0,0.08,0.12337,0.08771,5-6 hours,"LKR 9,000 - 12,000"
1,0.04,0.12293,0.07024,4-5 hours,"LKR 7,000 - 9,000"
1,0.04,0.12849,0.09211,4-5 hours,"LKR 7,000 - 9,000"
2,0.09896,0.228,0.20358,5-6 hours,"LKR 9,000 - 12,000"
1,0.04,0.10203,0.09999,4-5 hours,"LKR 7,000 - 9,000"
0,0.08,0.13847,0.1593,6-7 hours,"LKR 12,000 - 15,000"
0,0.08,0.26472,0.14718,5-6 hours,"LKR 9,000 - 12,000"
2,0.1,0.18829,0.21665,5-6 hours,"LKR 9,000 - 12,000"
0,0.08,0.16122,0.19034,5-6 hours,"LKR 9,000 - 12,000"
1,0.04,0.07267,0.04463,4-5 hours,"LKR 7,000 - 9,000"
0,0.08,0.14713,0.17498,5-6 hours,"LKR 9,000 - 12,000"
1,0.04,0.07307,0.09296,5-6 hours,"LKR 9,000 - 12,000"
0,0.08,0.25787,0.09704,5-6 hours,"LKR 9,000 - 12,000"
1,0.04,0.06165,0.08577,4-5 hours,"LKR 7,000 - 9,000"
0,0.08,0.19177,0.18925,5-6 hours,"LKR 9,000 - 12,000"
0,0.08,0.21602,0.14665,5-6 hours,"LKR 9,000 - 12,000"
1,0.04,0.0882,0.08747,4-5 hours,"LKR 7,000 - 9,000"
2,0.1,0.18202,0.16643,5-6 hours,"LKR 9,000 - 12,000"
1,0.04,0.0841,0.06855,4-5 hours,"LKR 7,000 - 9,000"
1,0.04,0.1241,0.06792,4-5 hours,"LKR 7,000 - 9,000"
2,0.1,0.19363,0.2463,5-6 hours,"LKR 9,000 - 12,000"
0,0.08,0.23276,0.17515,5-6 hours,"LKR 9,000 - 12,000"
1,0.04,0.1291,0.05302,4-5 hours,"LKR 7,000 - 9,000"
1,0.04,0.06398,0.0507,5-6 hours,"LKR 9,000 - 12,000"
0,0.08,0.21875,0.12512,5-6 hours,"LKR 9,000 - 12,000"
1,0.04,0.06742,0.08566,4-5 hours,"LKR 7,000 - 9,000"
1,0.04,0.09198,0.06556,4-5 hours,"LKR 7,000 - 9,000"
0,0.08,0.25695,0.11767,5-6 hours,"LKR 9,000 - 12,000"
2,0.1,0.32254,0.21662,5-6 hours,"LKR 9,000 - 12,000"
2,0.1,0.24269,0.13977,5-6 hours,"LKR 9,000 - 12,000"
0,0.08,0.23148,0.08152,5-6 hours,"LKR 9,000 - 12,000"
0,0.06819,0.11889,0.07006,5-6 hours,"LKR 9,000 - 12,000"
2,0.03825,0.09318,0.08771,5-6 hours,"LKR 9,000 - 12,000"
0,0.08,0.26388,0.19675,5-6 hours,"LKR 9,000 - 12,000"
0,0.08,0.22067,0.17481,5-6 hours,"LKR 9,000 - 12,000"
2,0.1,0.16974,0.14983,5-6 hours,"LKR 9,000 - 12,000"
2,0.1,0.28567,0.15211,5-6 hours,"LKR 9,000 - 12,000"
1,0.02608,0.05959,0.04823,3-4 hours,"LKR 5,000 - 7,000"
0,0.08,0.18157,0.13017,5-6 hours,"LKR 9,000 - 12,000"
1,0.01129,0.02292,0.02285,2-3 hours,"LKR 3,000 - 5,000"
1,0.04,0.09104,0.04549,5-6 hours,"LKR 9,000 - 12,000"
0,0.08,0.17084,0.15491,5-6 hours,"LKR 9,000 - 12,000"
0,0.08,0.18664,0.10877,5-6 hours,"LKR 9,000 - 12,000"
2,0.1,0.34844,0.22612,5-6 hours,"LKR 9,000 - 12,000"
0,0.08,0.12315,0.17977,5-6 hours,"LKR 9,000 - 12,000"
0,0.08,0.15799,0.0916,5-6 hours,"LKR 9,000 - 12,000"
2,0.1,0.23617,0.12234,5-6 hours,"LKR 9,000 - 12,000"
0,0.08,0.21175,0.11539,5-6 hours,"LKR 9,000 - 12,000"
0,0.02389,0.04022,0.03164,4-5 hours,"LKR 7,000 - 9,000"
0,0.04307,0.10528,0.09247,4-5 hours,"LKR 7,000 - 9,000"
0,0.08,0.22083,0.11405,5-6 hours,"LKR 9,000 - 12,000"
1,0.04,0.12033,0.07262,4-5 hours,"LKR 7,000 - 9,000"
0,0.08,0.25155,0.16189,5-6 hours,"LKR 9,000 - 12,000"
2,0.1,0.16989,0.1942,5-6 hours,"LKR 9,000 - 12,000"
0,0.08,0.25233,0.1775,6-7 hours,"LKR 12,000 - 15,000"
0,0.08,0.18289,0.15815,5-6 hours,"LKR 9,000 - 12,000"
0,0.08,0.21452,0.09395,5-6 hours,"LKR 9,000 - 12,000"
1,0.04,0.08552,0.0904,4-5 hours,"LKR 7,000 - 9,000"
1,0.04,0.08651,0.08704,4-5 hours,"LKR 7,000 - 9,000"
0,0.07692,0.14027,0.11367,5-6 hours,"LKR 9,000 - 12,000"
1,0.04,0.1051,0.08692,4-5 hours,"LKR 7,000 - 9,000"
1,0.04,0.12764,0.08192,4-5 hours,"LKR 7,000 - 9,000"
0,0.08,0.25247,0.17998,5-6 hours,"LKR 9,000 - 12,000"
2,0.1,0.32426,0.10265,5-6 hours,"LKR 9,000 - 12,000"
2,0.1,0.19512,0.14463,5-6 hours,"LKR 9,000 - 12,000"
0,0.08,0.15269,0.15222,5-6 hours,"LKR 9,000 - 12,000"
0,0.08,0.12659,0.08564,5-6 hours,"LKR 9,000 - 12,000"
0,0.08,0.18672,0.14193,5-6 hours,"LKR 9,000 - 12,000"
0,0.08,0.2166,0.14677,5-6 hours,"LKR 9,000 - 12,000"
0,0.08,0.16581,0.1147,5-6 hours,"LKR 9,000 - 12,000"
0,0.08,0.15696,0.18291,5-6 hours,"LKR 9,000 - 12,000"
2,0.1,0.27378,0.14532,5-6 hours,"LKR 9,000 - 12,000"
0,0.04405,0.12437,0.09445,4-5 hours,"LKR 7,000 - 9,000"
0,0.08,0.162,0.15499,5-6 hours,"LKR 9,000 - 12,000"
1,0.04,0.07609,0.05688,4-5 hours,"LKR 7,000 - 9,000"
0,0.08,0.13654,0.09142,5-6 hours,"LKR 9,000 - 12,000"
1,0.04,0.07191,0.04861,4-5 hours,"LKR 7,000 - 9,000"
1,0.04,0.08368,0.04018,4-5 hours,"LKR 7,000 - 9,000"
2,0.1,0.187,0.17996,5-6 hours,"LKR 9,000 - 12,000"
0,0.08,0.13,0.19608,5-6 hours,"LKR 9,000 - 12,000"
0,0.02971,0.09809,0.04424,4-5 hours,"LKR 7,000 - 9,000"
1,0.04,0.06753,0.06441,4-5 hours,"LKR 7,000 - 9,000"
0,0.08,0.27591,0.15088,5-6 hours,"LKR 9,000 - 12,000"
1,0.04,0.0755,0.07709,4-5 hours,"LKR 7,000 - 9,000"
1,0.04,0.13343,0.09007,5-6 hours,"LKR 9,000 - 12,000"
0,0.08,0.2767,0.10337,5-6 hours,"LKR 9,000 - 12,000"
1,0.04,0.09346,0.04141,4-5 hours,"LKR 7,000 - 9,000"
1,0.04,0.10727,0.0696,4-5 hours,"LKR 7,000 - 9,000"
0,0.08,0.16121,0.1835,5-6 hours,"LKR 9,000 - 12,000"
0,0.08,0.26254,0.16652,5-6 hours,"LKR 9,000 - 12,000"
0,0.08,0.21348,0.13669,5-6 hours,"LKR 9,000 - 12,000"
1,0.04,0.07696,0.05108,4-5 hours,"LKR 7,000 - 9,000"
0,0.07945,0.22034,0.19313,5-6 hours,"LKR 9,000 - 12,000"
0,0.08,0.26602,0.13198,5-6 hours,"LKR 9,000 - 12,000"
0,0.08,0.17251,0.09766,5-6 hours,"LKR 9,000 - 12,000"
1,0.04,0.10149,0.05225,4-5 hours,"LKR 7,000 - 9,000"
2,0.1,0.32322,0.19899,5-6 hours,"LKR 9,000 - 12,000"
0,0.08,0.26866,0.08064,5-6 hours,"LKR 9,000 - 12,000"
0,0.08,0.26451,0.08079,5-6 hours,"LKR 9,000 - 12,000"
0,0.08,0.26298,0.19998,6-7 hours,"LKR 12,000 - 15,000"
1,0.01716,0.03801,0.0243,3-4 hours,"LKR 5,000 - 7,000"
2,0.08323,0.20536,0.10088,5-6 hours,"LKR 9,000 - 12,000"
0,0.04753,0.07901,0.07589,4-5 hours,"LKR 7,000 - 9,000"
0,0.08,0.23965,0.12129,5-6 hours,"LKR 9,000 - 12,000"
0,0.08,0.27238,0.14628,5-6 hours,"LKR 9,000 - 12,000"
0,0.08,0.1911,0.16756,5-6 hours,"LKR 9,000 - 12,000"
0,0.08,0.22759,0.14295,5-6 hours,"LKR 9,000 - 12,000"
1,0.04,0.06651,0.08357,4-5 hours,"LKR 7,000 - 9,000"
1,0.04,0.0937,0.08039,4-5 hours,"LKR 7,000 - 9,000"
0,0.08,0.14354,0.18812,5-6 hours,"LKR 9,000 - 12,000"
2,0.1,0.27024,0.10047,6-7 hours,"LKR 12,000 - 15,000"
0,0.08,0.25156,0.19724,5-6 hours,"LKR 9,000 - 12,000"
0,0.02139,0.03528,0.04171,4-5 hours,"LKR 7,000 - 9,000"
0,0.06746,0.19898,0.16802,5-6 hours,"LKR 9,000 - 12,000"
1,0.04,0.11691,0.08494,4-5 hours,"LKR 7,000 - 9,000"
0,0.08,0.22738,0.18812,5-6 hours,"LKR 9,000 - 12,000"
1,0.04,0.12428,0.06832,4-5 hours,"LKR 7,000 - 9,000"
0,0.08,0.2051,0.11649,5-6 hours,"LKR 9,000 - 12,000"
1,0.04,0.1152,0.08859,4-5 hours,"LKR 7,000 - 9,000"
1,0.04,0.127,0.04639,4-5 hours,"LKR 7,000 - 9,000"
0,0.08,0.22049,0.09296,5-6 hours,"LKR 9,000 - 12,000"
1,0.04,0.10479,0.0566,4-5 hours,"LKR 7,000 - 9,000"
0,0.08,0.25146,0.19993,5-6 hours,"LKR 9,000 - 12,000"
0,0.08,0.26992,0.08742,5-6 hours,"LKR 9,000 - 12,000"
2,0.1,0.23153,0.1487,5-6 hours,"LKR 9,000 - 12,000"
1,0.04,0.1253,0.04845,4-5 hours,"LKR 7,000 - 9,000"
1,0.04,0.10421,0.05792,4-5 hours,"LKR 7,000 - 9,000"
0,0.08,0.25784,0.12056,5-6 hours,"LKR 9,000 - 12,000"
0,0.08,0.13225,0.18181,5-6 hours,"LKR 9,000 - 12,000"
0,0.07188,0.12775,0.15436,6-7 hours,"LKR 12,000 - 15,000"
0,0.08,0.22935,0.17828,5-6 hours,"LKR 9,000 - 12,000"
0,0.08,0.15364,0.17052,5-6 hours,"LKR 9,000 - 12,000"
1,0.04,0.07632,0.09971,4-5 hours,"LKR 7,000 - 9,000"
0,0.08,0.15568,0.14011,5-6 hours,"LKR 9,000 - 12,000"
0,0.08,0.14234,0.15638,5-6 hours,"LKR 9,000 - 12,000"
1,0.04,0.11968,0.05147,4-5 hours,"LKR 7,000 - 9,000"
1,0.04,0.09653,0.04262,5-6 hours,"LKR 9,000 - 12,000"
0,0.08,0.16381,0.11842,5-6 hours,"LKR 9,000 - 12,000"
1,0.04,0.136,0.052,5-6 hours,"LKR 9,000 - 12,000"
0,0.08,0.15886,0.18512,5-6 hours,"LKR 9,000 - 12,000"
2,0.1,0.32006,0.1567,5-6 hours,"LKR 9,000 - 12,000"
1,0.04,0.13535,0.06739,4-5 hours,"LKR 7,000 - 9,000"
1,0.04,0.09354,0.07196,4-5 hours,"LKR 7,000 - 9,000"
0,0.03746,0.08384,0.07001,4-5 hours,"LKR 7,000 - 9,000"
0,0.08,0.21143,0.16142,5-6 hours,"LKR 9,000 - 12,000"
2,0.1,0.16373,0.11728,5-6 hours,"LKR 9,000 - 12,000"
0,0.08,0.238,0.1088,5-6 hours,"LKR 9,000 - 12,000"
2,0.1,0.18943,0.15376,5-6 hours,"LKR 9,000 - 12,000"
1,0.04,0.13145,0.0897,4-5 hours,"LKR 7,000 - 9,000"
1,0.02082,0.03843,0.04667,3-4 hours,"LKR 5,000 - 7,000"
0,0.08,0.18921,0.15246,5-6 hours,"LKR 9,000 - 12,000"
1,0.04,0.07838,0.05593,4-5 hours,"LKR 7,000 - 9,000"
0,0.08,0.14551,0.11592,5-6 hours,"LKR 9,000 - 12,000"
0,0.08,0.21703,0.13534,5-6 hours,"LKR 9,000 - 12,000"
2,0.1,0.26935,0.18272,5-6 hours,"LKR 9,000 - 12,000"
1,0.04,0.13561,0.07047,4-5 hours,"LKR 7,000 - 9,000"
1,0.04,0.08324,0.09542,4-5 hours,"LKR 7,000 - 9,000"
0,0.08,0.21392,0.13215,5-6 hours,"LKR 9,000 - 12,000"
0,0.08,0.13555,0.12382,5-6 hours,"LKR 9,000 - 12,000"
0,0.08,0.18097,0.16337,5-6 hours,"LKR 9,000 - 12,000"
0,0.08,0.26329,0.19033,5-6 hours,"LKR 9,000 - 12,000"
0,0.08,0.14731,0.18541,6-7 hours,"LKR 12,000 - 15,000"
1,0.04,0.07816,0.07901,4-5 hours,"LKR 7,000 - 9,000"
1,0.04,0.07028,0.06933,4-5 hours,"LKR 7,000 - 9,000"
2,0.1,0.19655,0.14705,5-6 hours,"LKR 9,000 - 12,000"
0,0.08,0.19229,0.1653,6-7 hours,"LKR 12,000 - 15,000"
0,0.08,0.27494,0.18607,5-6 hours,"LKR 9,000 - 12,000"
1,0.04,0.09554,0.08792,5-6 hours,"LKR 9,000 - 12,000"
2,0.1,0.22078,0.24084,5-6 hours,"LKR 9,000 - 12,000"
1,0.04,0.10297,0.06687,4-5 hours,"LKR 7,000 - 9,000"
0,0.08,0.1672,0.15519,5-6 hours,"LKR 9,000 - 12,000"
0,0.08,0.20491,0.14573,6-7 hours,"LKR 12,000 - 15,000"
2,0.1,0.25701,0.20163,5-6 hours,"LKR 9,000 - 12,000"
0,0.08,0.13659,0.17325,5-6 hours,"LKR 9,000 - 12,000"
2,0.1,0.21723,0.11789,5-6 hours,"LKR 9,000 - 12,000"
0,0.08,0.26601,0.13119,5-6 hours,"LKR 9,000 - 12,000"
0,0.08,0.21265,0.11308,6-7 hours,"LKR 12,000 - 15,000"
0,0.08,0.2006,0.15428,5-6 hours,"LKR 9,000 - 12,000"
0,0.05765,0.16285,0.08581,6-7 hours,"LKR 12,000 - 15,000"
0,0.07719,0.13727,0.14588,5-6 hours,"LKR 9,000 - 12,000"
1,0.04,0.06576,0.08559,4-5 hours,"LKR 7,000 - 9,000"
0,0.08,0.23099,0.1203,5-6 hours,"LKR 9,000 - 12,000"
1,0.04,0.12282,0.04044,4-5 hours,"LKR 7,000 - 9,000"
0,0.08,0.25419,0.10469,6-7 hours,"LKR 12,000 - 15,000"
1,0.04,0.13705,0.0868,4-5 hours,"LKR 7,000 - 9,000"
2,0.1,0.18218,0.15349,5-6 hours,"LKR 9,000 - 12,000"
1,0.04,0.10107,0.07301,4-5 hours,"LKR 7,000 - 9,000"
2,0.09895,0.30821,0.10711,5-6 hours,"LKR 9,000 - 12,000"
1,0.04,0.06447,0.05952,5-6 hours,"LKR 9,000 - 12,000"
0,0.08,0.19688,0.19495,5-6 hours,"LKR 9,000 - 12,000"
0,0.08,0.25203,0.08912,5-6 hours,"LKR 9,000 - 12,000"
0,0.08,0.19274,0.13914,5-6 hours,"LKR 9,000 - 12,000"
1,0.02389,0.04648,0.05317,3-4 hours,"LKR 5,000 - 7,000"
1,0.03233,0.07328,0.07368,4-5 hours,"LKR 7,000 - 9,000"
0,0.03577,0.08935,0.05481,4-5 hours,"LKR 7,000 - 9,000"
0,0.08,0.188,0.1989,6-7 hours,"LKR 12,000 - 15,000"
0,0.08,0.17428,0.15668,5-6 hours,"LKR 9,000 - 12,000"
1,0.04,0.1153,0.04403,4-5 hours,"LKR 7,000 - 9,000"
1,0.04,0.09266,0.0818,4-5 hours,"LKR 7,000 - 9,000"
1,0.04,0.06946,0.05069,5-6 hours,"LKR 9,000 - 12,000"
0,0.08,0.2628,0.1016,5-6 hours,"LKR 9,000 - 12,000"
1,0.04,0.07821,0.07807,4-5 hours,"LKR 7,000 - 9,000"
0,0.08,0.23871,0.12884,5-6 hours,"LKR 9,000 - 12,000"
0,0.08,0.20259,0.17074,5-6 hours,"LKR 9,000 - 12,000"
0,0.08,0.2049,0.08935,5-6 hours,"LKR 9,000 - 12,000"
1,0.04,0.12273,0.05352,4-5 hours,"LKR 7,000 - 9,000"
1,0.04,0.12073,0.09497,4-5 hours,"LKR 7,000 - 9,000"
1,0.04,0.12961,0.08802,4-5 hours,"LKR 7,000 - 9,000"
1,0.03835,0.07313,0.06905,4-5 hours,"LKR 7,000 - 9,000"
0,0.08,0.27055,0.13786,5-6 hours,"LKR 9,000 - 12,000"
1,0.04,0.11459,0.06259,4-5 hours,"LKR 7,000 - 9,000"
1,0.04,0.09323,0.0962,4-5 hours,"LKR 7,000 - 9,000"
1,0.04,0.12252,0.06425,4-5 hours,"LKR 7,000 - 9,000"
1,0.04,0.09606,0.05925,4-5 hours,"LKR 7,000 - 9,000"
1,0.03036,0.06136,0.03373,5-6 hours,"LKR 9,000 - 12,000"
2,0.1,0.21793,0.14639,5-6 hours,"LKR 9,000 - 12,000"
0,0.08,0.22477,0.13533,5-6 hours,"LKR 9,000 - 12,000"
0,0.08,0.12315,0.18725,5-6 hours,"LKR 9,000 - 12,000"
0,0.08,0.19323,0.15294,5-6 hours,"LKR 9,000 - 12,000"
1,0.04,0.12243,0.05534,4-5 hours,"LKR 7,000 - 9,000"
0,0.08,0.20534,0.1404,5-6 hours,"LKR 9,000 - 12,000"
1,0.04,0.13195,0.08944,5-6 hours,"LKR 9,000 - 12,000"
1,0.04,0.12955,0.0946,4-5 hours,"LKR 7,000 - 9,000"
2,0.1,0.26732,0.17824,5-6 hours,"LKR 9,000 - 12,000"
1,0.04,0.12804,0.08182,4-5 hours,"LKR 7,000 - 9,000"
0,0.08,0.22967,0.13849,5-6 hours,"LKR 9,000 - 12,000"
1,0.04,0.09723,0.0745,4-5 hours,"LKR 7,000 - 9,000"
1,0.04,0.06768,0.09106,4-5 hours,"LKR 7,000 - 9,000"
0,0.05989,0.17956,0.13026,6-7 hours,"LKR 12,000 - 15,000"
1,0.04,0.13584,0.0974,4-5 hours,"LKR 7,000 - 9,000"
0,0.08,0.23099,0.15875,6-7 hours,"LKR 12,000 - 15,000"
2,0.0941,0.28319,0.14563,5-6 hours,"LKR 9,000 - 12,000"
1,0.04,0.13886,0.09253,4-5 hours,"LKR 7,000 - 9,000"
0,0.08,0.12103,0.16424,5-6 hours,"LKR 9,000 - 12,000"
0,0.08,0.13548,0.15791,5-6 hours,"LKR 9,000 - 12,000"
1,0.03309,0.06774,0.06615,4-5 hours,"LKR 7,000 - 9,000"
0,0.08,0.27125,0.15312,5-6 hours,"LKR 9,000 - 12,000"
1,0.04,0.09645,0.07162,4-5 hours,"LKR 7,000 - 9,000"
0,0.05016,0.11165,0.05573,5-6 hours,"LKR 9,000 - 12,000"
1,0.04,0.12146,0.04442,5-6 hours,"LKR 9,000 - 12,000"
1,0.04,0.07264,0.08418,4-5 hours,"LKR 7,000 - 9,000"
0,0.08,0.16228,0.10583,5-6 hours,"LKR 9,000 - 12,000"
2,0.1,0.33936,0.13653,6-7 hours,"LKR 12,000 - 15,000"
1,0.03541,0.07859,0.05332,4-5 hours,"LKR 7,000 - 9,000"
1,0.04,0.10874,0.08298,4-5 hours,"LKR 7,000 - 9,000"
2,0.02644,0.05655,0.04467,5-6 hours,"LKR 9,000 - 12,000"
1,0.04,0.0864,0.05343,4-5 hours,"LKR 7,000 - 9,000"
1,0.04,0.09465,0.09505,5-6 hours,"LKR 9,000 - 12,000"
1,0.04,0.13282,0.04694,4-5 hours,"LKR 7,000 - 9,000"
0,0.08,0.14693,0.19382,5-6 hours,"LKR 9,000 - 12,000"
0,0.08,0.15591,0.13298,5-6 hours,"LKR 9,000 - 12,000"
1,0.04,0.06168,0.0985,4-5 hours,"LKR 7,000 - 9,000"
1,0.04,0.1107,0.07465,4-5 hours,"LKR 7,000 - 9,000"
0,0.08,0.25269,0.15437,5-6 hours,"LKR 9,000 - 12,000"
0,0.08,0.25003,0.14122,6-7 hours,"LKR 12,000 - 15,000"
0,0.08,0.12707,0.14086,5-6 hours,"LKR 9,000 - 12,000"
1,0.01804,0.02899,0.03597,3-4 hours,"LKR 5,000 - 7,000"
0,0.08,0.23831,0.19101,5-6 hours,"LKR 9,000 - 12,000"
0,0.07705,0.23287,0.086,5-6 hours,"LKR 9,000 - 12,000"
0,0.07804,0.21712,0.12873,5-6 hours,"LKR 9,000 - 12,000"
0,0.08,0.23984,0.09028,5-6 hours,"LKR 9,000 - 12,000"
0,0.08,0.14714,0.14408,5-6 hours,"LKR 9,000 - 12,000"
0,0.08,0.26421,0.09576,5-6 hours,"LKR 9,000 - 12,000"
2,0.1,0.34757,0.16441,5-6 hours,"LKR 9,000 - 12,000"
1,0.04,0.12913,0.04271,5-6 hours,"LKR 9,000 - 12,000"
1,0.04,0.10053,0.07214,4-5 hours,"LKR 7,000 - 9,000"
1,0.04,0.10596,0.06985,4-5 hours,"LKR 7,000 - 9,000"
0,0.03103,0.06495,0.04614,4-5 hours,"LKR 7,000 - 9,000"
0,0.08,0.212,0.18679,5-6 hours,"LKR 9,000 - 12,000"
1,0.01546,0.02881,0.02767,4-5 hours,"LKR 7,000 - 9,000"
2,0.1,0.25688,0.16675,5-6 hours,"LKR 9,000 - 12,000"
0,0.08,0.15204,0.13894,6-7 hours,"LKR 12,000 - 15,000"
1,0.04,0.11247,0.08554,4-5 hours,"LKR 7,000 - 9,000"
0,0.08,0.15884,0.16586,5-6 hours,"LKR 9,000 - 12,000"
2,0.08491,0.14166,0.09102,5-6 hours,"LKR 9,000 - 12,000"
1,0.04,0.1264,0.07095,4-5 hours,"LKR 7,000 - 9,000"
0,0.08,0.23834,0.15525,5-6 hours,"LKR 9,000 - 12,000"
0,0.08,0.14798,0.12073,5-6 hours,"LKR 9,000 - 12,000"
1,0.04,0.09376,0.04968,5-6 hours,"LKR 9,000 - 12,000"
1,0.04,0.06307,0.05828,4-5 hours,"LKR 7,000 - 9,000"
0,0.08,0.24284,0.08937,5-6 hours,"LKR 9,000 - 12,000"
0,0.08,0.27854,0.1988,5-6 hours,"LKR 9,000 - 12,000"
0,0.08,0.21869,0.09399,5-6 hours,"LKR 9,000 - 12,000"
2,0.1,0.1744,0.21623,6-7 hours,"LKR 12,000 - 15,000"
2,0.1,0.27236,0.11335,5-6 hours,"LKR 9,000 - 12,000"
1,0.04,0.06942,0.06635,4-5 hours,"LKR 7,000 - 9,000"
0,0.08,0.14022,0.14642,5-6 hours,"LKR 9,000 - 12,000"
2,0.1,0.16028,0.11063,6-7 hours,"LKR 12,000 - 15,000"
2,0.1,0.25258,0.2013,5-6 hours,"LKR 9,000 - 12,000"
1,0.04,0.10149,0.04417,4-5 hours,"LKR 7,000 - 9,000"
0,0.08,0.22715,0.15845,5-6 hours,"LKR 9,000 - 12,000"
1,0.04,0.07682,0.09157,4-5 hours,"LKR 7,000 - 9,000"
1,0.04,0.12498,0.073,4-5 hours,"LKR 7,000 - 9,000"
0,0.08,0.23104,0.19512,5-6 hours,"LKR 9,000 - 12,000"
0,0.08,0.21009,0.1291,5-6 hours,"LKR 9,000 - 12,000"
2,0.02255,0.0727,0.0552,4-5 hours,"LKR 7,000 - 9,000"
0,0.08,0.16595,0.17215,5-6 hours,"LKR 9,000 - 12,000"
2,0.1,0.18018,0.17627,5-6 hours,"LKR 9,000 - 12,000"
0,0.08,0.1321,0.16148,5-6 hours,"LKR 9,000 - 12,000"
0,0.08,0.25705,0.08755,5-6 hours,"LKR 9,000 - 12,000"
0,0.08,0.19611,0.12873,5-6 hours,"LKR 9,000 - 12,000"
2,0.1,0.16688,0.18612,5-6 hours,"LKR 9,000 - 12,000"
0,0.08,0.13128,0.08897,5-6 hours,"LKR 9,000 - 12,000"
0,0.08,0.26756,0.11261,6-7 hours,"LKR 12,000 - 15,000"
2,0.1,0.23944,0.1933,5-6 hours,"LKR 9,000 - 12,000"
0,0.08,0.1532,0.09316,5-6 hours,"LKR 9,000 - 12,000"
0,0.08,0.16733,0.12047,5-6 hours,"LKR 9,000 - 12,000"
2,0.1,0.24482,0.10927,5-6 hours,"LKR 9,000 - 12,000"
1,0.04,0.07551,0.05933,4-5 hours,"LKR 7,000 - 9,000"
1,0.04,0.06002,0.09332,4-5 hours,"LKR 7,000 - 9,000"
0,0.08,0.14677,0.15003,5-6 hours,"LKR 9,000 - 12,000"
0,0.08,0.25395,0.18996,5-6 hours,"LKR 9,000 - 12,000"
0,0.08,0.27018,0.14849,5-6 hours,"LKR 9,000 - 12,000"
2,0.1,0.25341,0.19348,5-6 hours,"LKR 9,000 - 12,000"
1,0.04,0.07022,0.09108,4-5 hours,"LKR 7,000 - 9,000"
1,0.04,0.07191,0.04435,4-5 hours,"LKR 7,000 - 9,000"
1,0.04,0.09759,0.09332,4-5 hours,"LKR 7,000 - 9,000"
1,0.04,0.09125,0.09549,5-6 hours,"LKR 9,000 - 12,000"
0,0.08,0.20935,0.14582,5-6 hours,"LKR 9,000 - 12,000"
1,0.04,0.12838,0.07397,4-5 hours,"LKR 7,000 - 9,000"
0,0.08,0.18279,0.13252,5-6 hours,"LKR 9,000 - 12,000"
0,0.08,0.12418,0.09062,5-6 hours,"LKR 9,000 - 12,000"
1,0.031,0.09901,0.03469,4-5 hours,"LKR 7,000 - 9,000"
0,0.07894,0.18993,0.13125,5-6 hours,"LKR 9,000 - 12,000"
2,0.1,0.31498,0.10236,5-6 hours,"LKR 9,000 - 12,000"
1,0.04,0.07543,0.04904,4-5 hours,"LKR 7,000 - 9,000"
0,0.08,0.27345,0.1199,5-6 hours,"LKR 9,000 - 12,000"
0,0.08,0.2015,0.16494,5-6 hours,"LKR 9,000 - 12,000"
0,0.08,0.15818,0.11736,5-6 hours,"LKR 9,000 - 12,000"
0,0.07537,0.11846,0.11552,5-6 hours,"LKR 9,000 - 12,000"
0,0.08,0.18022,0.18671,5-6 hours,"LKR 9,000 - 12,000"
0,0.08,0.19959,0.16557,5-6 hours,"LKR 9,000 - 12,000"
0,0.08,0.22459,0.15834,5-6 hours,"LKR 9,000 - 12,000"
0,0.08,0.23694,0.13314,5-6 hours,"LKR 9,000 - 12,000"
1,0.04,0.07655,0.07888,4-5 hours,"LKR 7,000 - 9,000"
1,0.04,0.072,0.08801,4-5 hours,"LKR 7,000 - 9,000"
1,0.04,0.09486,0.07383,4-5 hours,"LKR 7,000 - 9,000"
0,0.08,0.26649,0.14953,5-6 hours,"LKR 9,000 - 12,000"
0,0.04593,0.11992,0.09316,4-5 hours,"LKR 7,000 - 9,000"
0,0.08,0.26784,0.18673,6-7 hours,"LKR 12,000 - 15,000"
0,0.08,0.24131,0.11212,5-6 hours,"LKR 9,000 - 12,000"
1,0.04,0.12365,0.08243,4-5 hours,"LKR 7,000 - 9,000"
0,0.02204,0.06304,0.03102,4-5 hours,"LKR 7,000 - 9,000"
0,0.08,0.20791,0.11698,5-6 hours,"LKR 9,000 - 12,000"
0,0.08,0.14852,0.18561,5-6 hours,"LKR 9,000 - 12,000"
0,0.08,0.18961,0.18016,5-6 hours,"LKR 9,000 - 12,000"
0,0.08,0.16016,0.1438,5-6 hours,"LKR 9,000 - 12,000"
2,0.1,0.18661,0.13261,5-6 hours,"LKR 9,000 - 12,000"
0,0.08,0.16938,0.15911,5-6 hours,"LKR 9,000 - 12,000"
0,0.08,0.2625,0.09436,6-7 hours,"LKR 12,000 - 15,000"
1,0.04,0.06351,0.06633,4-5 hours,"LKR 7,000 - 9,000"
0,0.04852,0.09559,0.06044,4-5 hours,"LKR 7,000 - 9,000"
0,0.08,0.20819,0.17953,5-6 hours,"LKR 9,000 - 12,000"
1,0.04,0.12604,0.09351,4-5 hours,"LKR 7,000 - 9,000"
0,0.08,0.26852,0.08208,6-7 hours,"LKR 12,000 - 15,000"
0,0.08,0.17562,0.16034,5-6 hours,"LKR 9,000 - 12,000"
0,0.08,0.16915,0.09582,5-6 hours,"LKR 9,000 - 12,000"
1,0.04,0.09534,0.06563,5-6 hours,"LKR 9,000 - 12,000"
0,0.08,0.25809,0.18834,5-6 hours,"LKR 9,000 - 12,000"
0,0.08,0.25429,0.14785,5-6 hours,"LKR 9,000 - 12,000"
1,0.04,0.12908,0.08352,4-5 hours,"LKR 7,000 - 9,000"
0,0.08,0.21739,0.19894,5-6 hours,"LKR 9,000 - 12,000"
0,0.08,0.26557,0.17719,5-6 hours,"LKR 9,000 - 12,000"
1,0.04,0.08786,0.09244,4-5 hours,"LKR 7,000 - 9,000"
0,0.08,0.27223,0.18477,6-7 hours,"LKR 12,000 - 15,000"
2,0.1,0.18818,0.22963,5-6 hours,"LKR 9,000 - 12,000"
0,0.08,0.19572,0.18799,5-6 hours,"LKR 9,000 - 12,000"
0,0.08,0.26309,0.15124,5-6 hours,"LKR 9,000 - 12,000"
0,0.08,0.17348,0.10927,5-6 hours,"LKR 9,000 - 12,000"
2,0.1,0.28723,0.16858,5-6 hours,"LKR 9,000 - 12,000"
2,0.1,0.25538,0.13971,5-6 hours,"LKR 9,000 - 12,000"
0,0.08,0.17997,0.16509,5-6 hours,"LKR 9,000 - 12,000"
0,0.08,0.14118,0.12294,5-6 hours,"LKR 9,000 - 12,000"
0,0.08,0.25507,0.16173,5-6 hours,"LKR 9,000 - 12,000"
1,0.04,0.06727,0.07189,5-6 hours,"LKR 9,000 - 12,000"
1,0.04,0.09056,0.08536,4-5 hours,"LKR 7,000 - 9,000"
0,0.08,0.27597,0.11029,5-6 hours,"LKR 9,000 - 12,000"
0,0.08,0.13681,0.19143,5-6 hours,"LKR 9,000 - 12,000"
0,0.08,0.20989,0.1272,5-6 hours,"LKR 9,000 - 12,000"
1,0.04,0.13828,0.04375,4-5 hours,"LKR 7,000 - 9,000"
0,0.08,0.27032,0.11652,5-6 hours,"LKR 9,000 - 12,000"
0,0.08,0.27242,0.08857,6-7 hours,"LKR 12,000 - 15,000"
1,0.04,0.12094,0.05391,4-5 hours,"LKR 7,000 - 9,000"
0,0.08,0.22545,0.11984,5-6 hours,"LKR 9,000 - 12,000"
0,0.04521,0.11918,0.09273,4-5 hours,"LKR 7,000 - 9,000"
0,0.08,0.21126,0.16952,5-6 hours,"LKR 9,000 - 12,000"
1,0.04,0.06233,0.08821,4-5 hours,"LKR 7,000 - 9,000"
0,0.08,0.18527,0.14782,5-6 hours,"LKR 9,000 - 12,000"
2,0.1,0.26607,0.13023,5-6 hours,"LKR 9,000 - 12,000"
0,0.08,0.23798,0.13607,6-7 hours,"LKR 12,000 - 15,000"
0,0.08,0.20018,0.16691,5-6 hours,"LKR 9,000 - 12,000"
0,0.08,0.27202,0.1348,6-7 hours,"LKR 12,000 - 15,000"
0,0.08,0.25203,0.18703,5-6 hours,"LKR 9,000 - 12,000"
1,0.04,0.13748,0.08934,4-5 hours,"LKR 7,000 - 9,000"
2,0.1,0.17697,0.20189,5-6 hours,"LKR 9,000 - 12,000"
0,0.03443,0.08111,0.03592,4-5 hours,"LKR 7,000 - 9,000"
0,0.08,0.15704,0.12001,6-7 hours,"LKR 12,000 - 15,000"
0,0.08,0.26003,0.14112,5-6 hours,"LKR 9,000 - 12,000"
0,0.08,0.16524,0.11456,6-7 hours,"LKR 12,000 - 15,000"
2,0.1,0.16754,0.17968,5-6 hours,"LKR 9,000 - 12,000"
0,0.08,0.23315,0.1485,5-6 hours,"LKR 9,000 - 12,000"
0,0.08,0.21199,0.10001,5-6 hours,"LKR 9,000 - 12,000"
1,0.04,0.12891,0.08924,4-5 hours,"LKR 7,000 - 9,000"
1,0.03866,0.12506,0.08072,5-6 hours,"LKR 9,000 - 12,000"
2,0.1,0.17837,0.22342,5-6 hours,"LKR 9,000 - 12,000"
2,0.1,0.29271,0.18977,5-6 hours,"LKR 9,000 - 12,000"
0,0.08,0.27579,0.10334,5-6 hours,"LKR 9,000 - 12,000"
0,0.08,0.25946,0.08567,5-6 hours,"LKR 9,000 - 12,000"
0,0.07309,0.19021,0.11725,5-6 hours,"LKR 9,000 - 12,000"
2,0.1,0.26437,0.17322,5-6 hours,"LKR 9,000 - 12,000"
1,0.04,0.0612,0.07162,4-5 hours,"LKR 7,000 - 9,000"
1,0.04,0.11172,0.07328,4-5 hours,"LKR 7,000 - 9,000"
2,0.1,0.24926,0.13376,5-6 hours,"LKR 9,000 - 12,000"
0,0.08,0.17426,0.12208,5-6 hours,"LKR 9,000 - 12,000"
0,0.04275,0.12375,0.05898,4-5 hours,"LKR 7,000 - 9,000"
0,0.08,0.18668,0.198,5-6 hours,"LKR 9,000 - 12,000"
2,0.1,0.20875,0.11678,5-6 hours,"LKR 9,000 - 12,000"
1,0.04,0.09483,0.05859,4-5 hours,"LKR 7,000 - 9,000"
0,0.08,0.21963,0.16495,5-6 hours,"LKR 9,000 - 12,000"
1,0.02668,0.07309,0.05066,3-4 hours,"LKR 5,000 - 7,000"
0,0.07598,0.18444,0.10026,5-6 hours,"LKR 9,000 - 12,000"
0,0.08,0.18774,0.19218,5-6 hours,"LKR 9,000 - 12,000"
0,0.08,0.24978,0.17239,5-6 hours,"LKR 9,000 - 12,000"
1,0.03333,0.11472,0.07024,4-5 hours,"LKR 7,000 - 9,000"
0,0.08,0.14317,0.12961,5-6 hours,"LKR 9,000 - 12,000"
0,0.02091,0.05605,0.025,4-5 hours,"LKR 7,000 - 9,000"
0,0.08,0.25008,0.18924,5-6 hours,"LKR 9,000 - 12,000"
0,0.08,0.22348,0.19472,5-6 hours,"LKR 9,000 - 12,000"
0,0.05737,0.1236,0.11024,5-6 hours,"LKR 9,000 - 12,000"
0,0.08,0.16969,0.10656,5-6 hours,"LKR 9,000 - 12,000"
2,0.1,0.27516,0.1319,5-6 hours,"LKR 9,000 - 12,000"
2,0.1,0.19029,0.12562,5-6 hours,"LKR 9,000 - 12,000"
0,0.08,0.15245,0.19985,6-7 hours,"LKR 12,000 - 15,000"
0,0.00538,0.01529,0.01175,2-3 hours,"LKR 3,000 - 5,000"
0,0.03274,0.05816,0.05436,4-5 hours,"LKR 7,000 - 9,000"
0,0.08,0.23339,0.17326,5-6 hours,"LKR 9,000 - 12,000"
0,0.08,0.14604,0.156,5-6 hours,"LKR 9,000 - 12,000"
1,0.04,0.12686,0.05505,4-5 hours,"LKR 7,000 - 9,000"
1,0.03573,0.05944,0.05931,4-5 hours,"LKR 7,000 - 9,000"
0,0.08,0.15366,0.13651,5-6 hours,"LKR 9,000 - 12,000"
2,0.1,0.23539,0.22941,5-6 hours,"LKR 9,000 - 12,000"
0,0.08,0.12004,0.12004,5-6 hours,"LKR 9,000 - 12,000"
0,0.08,0.17544,0.16773,5-6 hours,"LKR 9,000 - 12,000"
0,0.08,0.22711,0.17385,5-6 hours,"LKR 9,000 - 12,000"
0,0.08,0.19746,0.16757,5-6 hours,"LKR 9,000 - 12,000"
0,0.06437,0.14115,0.13464,6-7 hours,"LKR 12,000 - 15,000"
0,0.05715,0.15599,0.07039,5-6 hours,"LKR 9,000 - 12,000"
2,0.1,0.20395,0.21203,5-6 hours,"LKR 9,000 - 12,000"
0,0.05654,0.10014,0.12141,5-6 hours,"LKR 9,000 - 12,000"
2,0.06833,0.10394,0.14058,5-6 hours,"LKR 9,000 - 12,000"
2,0.1,0.27674,0.14947,5-6 hours,"LKR 9,000 - 12,000"
0,0.08,0.17187,0.19966,5-6 hours,"LKR 9,000 - 12,000"
1,0.04,0.07107,0.06153,4-5 hours,"LKR 7,000 - 9,000"
1,0.04,0.09045,0.04112,4-5 hours,"LKR 7,000 - 9,000"
0,0.08,0.16098,0.16535,5-6 hours,"LKR 9,000 - 12,000"
0,0.08,0.20838,0.11341,6-7 hours,"LKR 12,000 - 15,000"
0,0.08,0.27215,0.0982,5-6 hours,"LKR 9,000 - 12,000"
1,0.04,0.06438,0.07245,4-5 hours,"LKR 7,000 - 9,000"
2,0.1,0.33642,0.17392,5-6 hours,"LKR 9,000 - 12,000"
1,0.04,0.08103,0.09222,4-5 hours,"LKR 7,000 - 9,000"
0,0.08,0.21074,0.13855,5-6 hours,"LKR 9,000 - 12,000"
2,0.1,0.22342,0.19589,5-6 hours,"LKR 9,000 - 12,000"
1,0.04,0.10988,0.08714,4-5 hours,"LKR 7,000 - 9,000"
2,0.1,0.31675,0.20949,5-6 hours,"LKR 9,000 - 12,000"
1,0.04,0.12582,0.0948,4-5 hours,"LKR 7,000 - 9,000"
1,0.04,0.07255,0.04847,5-6 hours,"LKR 9,000 - 12,000"
1,0.04,0.09517,0.07293,4-5 hours,"LKR 7,000 - 9,000"
0,0.08,0.26344,0.16833,5-6 hours,"LKR 9,000 - 12,000"
1,0.04,0.0867,0.05669,4-5 hours,"LKR 7,000 - 9,000"
1,0.04,0.06033,0.05195,4-5 hours,"LKR 7,000 - 9,000"
2,0.1,0.32616,0.19984,6-7 hours,"LKR 12,000 - 15,000"
0,0.03039,0.0602,0.03135,5-6 hours,"LKR 9,000 - 12,000"
0,0.08,0.19794,0.19943,5-6 hours,"LKR 9,000 - 12,000"
0,0.08,0.13382,0.14682,5-6 hours,"LKR 9,000 - 12,000"
0,0.08,0.15893,0.11798,5-6 hours,"LKR 9,000 - 12,000"
0,0.08,0.20724,0.08814,5-6 hours,"LKR 9,000 - 12,000"
1,0.04,0.1039,0.08651,4-5 hours,"LKR 7,000 - 9,000"
2,0.1,0.32372,0.17877,5-6 hours,"LKR 9,000 - 12,000"
0,0.08,0.2603,0.09947,5-6 hours,"LKR 9,000 - 12,000"
2,0.1,0.15337,0.2448,5-6 hours,"LKR 9,000 - 12,000"
0,0.08,0.19522,0.17688,5-6 hours,"LKR 9,000 - 12,000"
1,0.04,0.08797,0.07044,4-5 hours,"LKR 7,000 - 9,000"
0,0.03348,0.09295,0.07615,4-5 hours,"LKR 7,000 - 9,000"
0,0.08,0.2486,0.1407,5-6 hours,"LKR 9,000 - 12,000"
1,0.04,0.08926,0.08463,4-5 hours,"LKR 7,000 - 9,000"
1,0.04,0.11507,0.08364,4-5 hours,"LKR 7,000 - 9,000"
0,0.08,0.24026,0.19477,6-7 hours,"LKR 12,000 - 15,000"
0,0.08,0.12582,0.10346,5-6 hours,"LKR 9,000 - 12,000"
0,0.08,0.18971,0.13896,5-6 hours,"LKR 9,000 - 12,000"
0,0.08,0.23833,0.10207,5-6 hours,"LKR 9,000 - 12,000"
0,0.08,0.13583,0.08383,5-6 hours,"LKR 9,000 - 12,000"
1,0.04,0.11839,0.08309,5-6 hours,"LKR 9,000 - 12,000"
2,0.1,0.24012,0.23836,5-6 hours,"LKR 9,000 - 12,000"
1,0.04,0.09374,0.07967,4-5 hours,"LKR 7,000 - 9,000"
0,0.08,0.21836,0.14298,6-7 hours,"LKR 12,000 - 15,000"
0,0.08,0.16581,0.16712,6-7 hours,"LKR 12,000 - 15,000"
2,0.1,0.30772,0.14061,5-6 hours,"LKR 9,000 - 12,000"
0,0.08,0.2232,0.0875,5-6 hours,"LKR 9,000 - 12,000"
0,0.08,0.22888,0.19028,5-6 hours,"LKR 9,000 - 12,000"
0,0.08,0.25171,0.14611,5-6 hours,"LKR 9,000 - 12,000"
1,0.04,0.063,0.09801,4-5 hours,"LKR 7,000 - 9,000"
2,0.1,0.32173,0.14342,5-6 hours,"LKR 9,000 - 12,000"
0,0.05638,0.12759,0.13644,5-6 hours,"LKR 9,000 - 12,000"
1,0.04,0.07451,0.08598,4-5 hours,"LKR 7,000 - 9,000"
1,0.04,0.07201,0.0723,4-5 hours,"LKR 7,000 - 9,000"
1,0.04,0.0886,0.06711,4-5 hours,"LKR 7,000 - 9,000"
2,0.1,0.16468,0.2158,6-7 hours,"LKR 12,000 - 15,000"
0,0.08,0.25038,0.14458,6-7 hours,"LKR 12,000 - 15,000"
0,0.08,0.20405,0.10567,5-6 hours,"LKR 9,000 - 12,000"
2,0.1,0.18382,0.19679,5-6 hours,"LKR 9,000 - 12,000"
2,0.1,0.20478,0.22297,5-6 hours,"LKR 9,000 - 12,000"
1,0.04,0.07279,0.05325,4-5 hours,"LKR 7,000 - 9,000"
1,0.04,0.13954,0.04026,4-5 hours,"LKR 7,000 - 9,000"
0,0.0576,0.10821,0.0622,5-6 hours,"LKR 9,000 - 12,000"
0,0.08,0.24672,0.15448,5-6 hours,"LKR 9,000 - 12,000"
1,0.04,0.07652,0.04528,4-5 hours,"LKR 7,000 - 9,000"
0,0.02956,0.08423,0.03977,4-5 hours,"LKR 7,000 - 9,000"
1,0.04,0.06186,0.08812,4-5 hours,"LKR 7,000 - 9,000"
1,0.04,0.11349,0.09631,4-5 hours,"LKR 7,000 - 9,000"
2,0.1,0.20016,0.14068,5-6 hours,"LKR 9,000 - 12,000"
1,0.04,0.13911,0.09637,4-5 hours,"LKR 7,000 - 9,000"
1,0.04,0.09253,0.04354,4-5 hours,"LKR 7,000 - 9,000"
1,0.03951,0.11617,0.06924,4-5 hours,"LKR 7,000 - 9,000"
0,0.08,0.23005,0.16742,6-7 hours,"LKR 12,000 - 15,000"
1,0.04,0.0742,0.08885,4-5 hours,"LKR 7,000 - 9,000"
0,0.08,0.23264,0.14958,5-6 hours,"LKR 9,000 - 12,000"
0,0.08,0.23558,0.12201,5-6 hours,"LKR 9,000 - 12,000"
2,0.1,0.27406,0.11046,5-6 hours,"LKR 9,000 - 12,000"
1,0.04,0.10751,0.06679,4-5 hours,"LKR 7,000 - 9,000"
1,0.04,0.08428,0.06046,4-5 hours,"LKR 7,000 - 9,000"
0,0.08,0.12132,0.09803,5-6 hours,"LKR 9,000 - 12,000"
0,0.08,0.16254,0.10451,6-7 hours,"LKR 12,000 - 15,000"
0,0.08,0.18697,0.15138,5-6 hours,"LKR 9,000 - 12,000"
1,0.04,0.07442,0.04008,4-5 hours,"LKR 7,000 - 9,000"
1,0.04,0.11428,0.07643,4-5 hours,"LKR 7,000 - 9,000"
0,0.08,0.19436,0.16521,5-6 hours,"LKR 9,000 - 12,000"
0,0.08,0.20981,0.09228,5-6 hours,"LKR 9,000 - 12,000"
1,0.04,0.10093,0.0717,4-5 hours,"LKR 7,000 - 9,000"
0,0.08,0.15674,0.1492,5-6 hours,"LKR 9,000 - 12,000"
0,0.08,0.13653,0.17882,5-6 hours,"LKR 9,000 - 12,000"
1,0.03442,0.07584,0.03895,4-5 hours,"LKR 7,000 - 9,000"
0,0.08,0.19048,0.16515,5-6 hours,"LKR 9,000 - 12,000"
1,0.04,0.12611,0.07735,4-5 hours,"LKR 7,000 - 9,000"
0,0.01779,0.04751,0.03615,3-4 hours,"LKR 5,000 - 7,000"
2,0.1,0.26841,0.22274,5-6 hours,"LKR 9,000 - 12,000"
1,0.04,0.0971,0.04873,4-5 hours,"LKR 7,000 - 9,000"
1,0.04,0.1339,0.08181,4-5 hours,"LKR 7,000 - 9,000"
0,0.08,0.13429,0.10486,5-6 hours,"LKR 9,000 - 12,000"
0,0.08,0.16188,0.15299,6-7 hours,"LKR 12,000 - 15,000"
1,0.04,0.11759,0.06597,4-5 hours,"LKR 7,000 - 9,000"
1,0.01263,0.03531,0.02757,2-3 hours,"LKR 3,000 - 5,000"
2,0.1,0.27636,0.21241,5-6 hours,"LKR 9,000 - 12,000"
0,0.08,0.18458,0.15677,6-7 hours,"LKR 12,000 - 15,000"
0,0.08,0.24883,0.1265,5-6 hours,"LKR 9,000 - 12,000"
1,0.04,0.08361,0.09521,4-5 hours,"LKR 7,000 - 9,000"
0,0.08,0.12339,0.16733,5-6 hours,"LKR 9,000 - 12,000"
0,0.05201,0.14832,0.07896,5-6 hours,"LKR 9,000 - 12,000"
0,0.08,0.19229,0.11005,5-6 hours,"LKR 9,000 - 12,000"
0,0.08,0.18121,0.1016,6-7 hours,"LKR 12,000 - 15,000"
2,0.1,0.1586,0.1154,5-6 hours,"LKR 9,000 - 12,000"
1,0.04,0.0874,0.0476,4-5 hours,"LKR 7,000 - 9,000"
2,0.1,0.32412,0.1751,6-7 hours,"LKR 12,000 - 15,000"
2,0.1,0.1901,0.12101,5-6 hours,"LKR 9,000 - 12,000"
0,0.08,0.21227,0.14619,5-6 hours,"LKR 9,000 - 12,000"
0,0.08,0.24628,0.14785,5-6 hours,"LKR 9,000 - 12,000"
0,0.08,0.22806,0.10358,5-6 hours,"LKR 9,000 - 12,000"
0,0.08,0.24084,0.16798,5-6 hours,"LKR 9,000 - 12,000"
1,0.04,0.06912,0.06066,4-5 hours,"LKR 7,000 - 9,000"
1,0.04,0.06858,0.05481,4-5 hours,"LKR 7,000 - 9,000"
1,0.04,0.11369,0.07201,4-5 hours,"LKR 7,000 - 9,000"
1,0.04,0.09478,0.0447,5-6 hours,"LKR 9,000 - 12,000"
1,0.04,0.09086,0.04396,4-5 hours,"LKR 7,000 - 9,000"
0,0.08,0.14531,0.1551,5-6 hours,"LKR 9,000 - 12,000"
2,0.1,0.25935,0.20052,5-6 hours,"LKR 9,000 - 12,000"
1,0.04,0.12003,0.08432,4-5 hours,"LKR 7,000 - 9,000"
1,0.04,0.06849,0.04223,4-5 hours,"LKR 7,000 - 9,000"
0,0.08,0.1204,0.15358,5-6 hours,"LKR 9,000 - 12,000"
0,0.08,0.18615,0.11739,5-6 hours,"LKR 9,000 - 12,000"
0,0.08,0.22868,0.13116,5-6 hours,"LKR 9,000 - 12,000"
0,0.08,0.1818,0.1939,5-6 hours,"LKR 9,000 - 12,000"
0,0.08,0.16262,0.16949,5-6 hours,"LKR 9,000 - 12,000"
1,0.04,0.11684,0.0576,4-5 hours,"LKR 7,000 - 9,000"
1,0.04,0.09441,0.07601,4-5 hours,"LKR 7,000 - 9,000"
0,0.08,0.14618,0.15502,5-6 hours,"LKR 9,000 - 12,000"
1,0.04,0.08163,0.05241,4-5 hours,"LKR 7,000 - 9,000"
1,0.04,0.07518,0.04866,4-5 hours,"LKR 7,000 - 9,000"
0,0.08,0.24842,0.19991,5-6 hours,"LKR 9,000 - 12,000"
0,0.05594,0.13568,0.13529,5-6 hours,"LKR 9,000 - 12,000"
1,0.04,0.12979,0.08055,4-5 hours,"LKR 7,000 - 9,000"
1,0.04,0.09637,0.04515,4-5 hours,"LKR 7,000 - 9,000"
1,0.04,0.07718,0.09828,4-5 hours,"LKR 7,000 - 9,000"
1,0.04,0.0667,0.08207,4-5 hours,"LKR 7,000 - 9,000"
0,0.08,0.20584,0.13664,5-6 hours,"LKR 9,000 - 12,000"
2,0.1,0.16443,0.12101,5-6 hours,"LKR 9,000 - 12,000"
1,0.04,0.10248,0.04285,5-6 hours,"LKR 9,000 - 12,000"
0,0.08,0.13998,0.19194,5-6 hours,"LKR 9,000 - 12,000"
0,0.05448,0.1064,0.07197,5-6 hours,"LKR 9,000 - 12,000"
0,0.08,0.19225,0.08157,5-6 hours,"LKR 9,000 - 12,000"
2,0.02636,0.0507,0.05597,4-5 hours,"LKR 7,000 - 9,000"
1,0.04,0.09477,0.08172,4-5 hours,"LKR 7,000 - 9,000"
1,0.04,0.13876,0.04797,5-6 hours,"LKR 9,000 - 12,000"
2,0.1,0.2472,0.13162,5-6 hours,"LKR 9,000 - 12,000"
0,0.08,0.18781,0.13331,5-6 hours,"LKR 9,000 - 12,000"
1,0.04,0.12664,0.07644,4-5 hours,"LKR 7,000 - 9,000"
1,0.04,0.08068,0.08661,4-5 hours,"LKR 7,000 - 9,000"
1,0.03778,0.1198,0.0574,4-5 hours,"LKR 7,000 - 9,000"
0,0.08,0.25232,0.17415,5-6 hours,"LKR 9,000 - 12,000"
0,0.08,0.16061,0.19708,5-6 hours,"LKR 9,000 - 12,000"
0,0.08,0.23412,0.1878,5-6 hours,"LKR 9,000 - 12,000"
0,0.08,0.18214,0.10221,5-6 hours,"LKR 9,000 - 12,000"
0,0.08,0.15274,0.17848,5-6 hours,"LKR 9,000 - 12,000"
1,0.02415,0.05561,0.02548,3-4 hours,"LKR 5,000 - 7,000"
0,0.08,0.15117,0.19355,6-7 hours,"LKR 12,000 - 15,000"
1,0.04,0.12163,0.09387,4-5 hours,"LKR 7,000 - 9,000"
0,0.08,0.18556,0.12715,5-6 hours,"LKR 9,000 - 12,000"
0,0.03822,0.10523,0.09376,5-6 hours,"LKR 9,000 - 12,000"
0,0.08,0.20433,0.15367,5-6 hours,"LKR 9,000 - 12,000"
1,0.04,0.08681,0.0401,4-5 hours,"LKR 7,000 - 9,000"
0,0.08,0.2096,0.08568,5-6 hours,"LKR 9,000 - 12,000"
1,0.04,0.12317,0.0562,4-5 hours,"LKR 7,000 - 9,000"
2,0.1,0.3401,0.13206,5-6 hours,"LKR 9,000 - 12,000"
0,0.06914,0.14561,0.14097,5-6 hours,"LKR 9,000 - 12,000"
1,0.04,0.13376,0.04529,4-5 hours,"LKR 7,000 - 9,000"
0,0.08,0.24402,0.14595,5-6 hours,"LKR 9,000 - 12,000"
0,0.0709,0.10749,0.16976,5-6 hours,"LKR 9,000 - 12,000"
2,0.1,0.17657,0.19917,5-6 hours,"LKR 9,000 - 12,000"
1,0.04,0.12084,0.05578,4-5 hours,"LKR 7,000 - 9,000"
0,0.08,0.26597,0.14945,5-6 hours,"LKR 9,000 - 12,000"
0,0.08,0.21851,0.08411,5-6 hours,"LKR 9,000 - 12,000"
0,0.08,0.12323,0.11176,5-6 hours,"LKR 9,000 - 12,000"
0,0.08,0.13156,0.15538,5-6 hours,"LKR 9,000 - 12,000"
0,0.08,0.14095,0.13337,5-6 hours,"LKR 9,000 - 12,000"
0,0.08,0.17722,0.11477,5-6 hours,"LKR 9,000 - 12,000"
0,0.08,0.18128,0.09906,5-6 hours,"LKR 9,000 - 12,000"
0,0.0418,0.11515,0.04204,4-5 hours,"LKR 7,000 - 9,000"
0,0.08,0.13236,0.13577,5-6 hours,"LKR 9,000 - 12,000"
0,0.08,0.18675,0.09966,5-6 hours,"LKR 9,000 - 12,000"
2,0.1,0.34076,0.24073,5-6 hours,"LKR 9,000 - 12,000"
2,0.1,0.25866,0.12628,5-6 hours,"LKR 9,000 - 12,000"
0,0.08,0.17367,0.19386,5-6 hours,"LKR 9,000 - 12,000"
0,0.08,0.16553,0.09219,5-6 hours,"LKR 9,000 - 12,000"
0,0.08,0.18539,0.14547,5-6 hours,"LKR 9,000 - 12,000"
1,0.04,0.06673,0.06493,4-5 hours,"LKR 7,000 - 9,000"
1,0.04,0.12544,0.06089,4-5 hours,"LKR 7,000 - 9,000"
2,0.07822,0.20356,0.09449,5-6 hours,"LKR 9,000 - 12,000"
1,0.04,0.10385,0.04423,4-5 hours,"LKR 7,000 - 9,000"
1,0.04,0.08023,0.05079,4-5 hours,"LKR 7,000 - 9,000"
0,0.08,0.16724,0.11286,5-6 hours,"LKR 9,000 - 12,000"
0,0.08,0.25652,0.17441,5-6 hours,"LKR 9,000 - 12,000"
1,0.04,0.1049,0.059,4-5 hours,"LKR 7,000 - 9,000"
1,0.04,0.07208,0.09667,4-5 hours,"LKR 7,000 - 9,000"
1,0.04,0.09881,0.08599,4-5 hours,"LKR 7,000 - 9,000"
0,0.08,0.21259,0.14518,5-6 hours,"LKR 9,000 - 12,000"
0,0.08,0.19913,0.08279,5-6 hours,"LKR 9,000 - 12,000"
2,0.1,0.31664,0.10605,5-6 hours,"LKR 9,000 - 12,000"
1,0.04,0.12461,0.07503,4-5 hours,"LKR 7,000 - 9,000"
0,0.08,0.25821,0.08006,5-6 hours,"LKR 9,000 - 12,000"
0,0.08,0.26491,0.1737,5-6 hours,"LKR 9,000 - 12,000"
2,0.1,0.18101,0.22947,5-6 hours,"LKR 9,000 - 12,000"
0,0.08,0.17905,0.11672,5-6 hours,"LKR 9,000 - 12,000"
1,0.04,0.12741,0.06621,4-5 hours,"LKR 7,000 - 9,000"
0,0.08,0.16119,0.15251,5-6 hours,"LKR 9,000 - 12,000"
0,0.08,0.26934,0.15536,5-6 hours,"LKR 9,000 - 12,000"
0,0.08,0.26034,0.1943,6-7 hours,"LKR 12,000 - 15,000"
1,0.04,0.0688,0.07543,4-5 hours,"LKR 7,000 - 9,000"
0,0.08,0.26025,0.10714,5-6 hours,"LKR 9,000 - 12,000"
1,0.04,0.09362,0.04331,4-5 hours,"LKR 7,000 - 9,000"
0,0.03264,0.06669,0.07941,4-5 hours,"LKR 7,000 - 9,000"
1,0.04,0.07141,0.06544,4-5 hours,"LKR 7,000 - 9,000"
0,0.08,0.22048,0.17411,5-6 hours,"LKR 9,000 - 12,000"
0,0.08,0.22143,0.11525,5-6 hours,"LKR 9,000 - 12,000"
1,0.04,0.08732,0.05503,4-5 hours,"LKR 7,000 - 9,000"
0,0.08,0.25711,0.10033,5-6 hours,"LKR 9,000 - 12,000"
0,0.08,0.25915,0.11232,5-6 hours,"LKR 9,000 - 12,000"
1,0.04,0.08838,0.08943,4-5 hours,"LKR 7,000 - 9,000"
1,0.04,0.13574,0.05052,4-5 hours,"LKR 7,000 - 9,000"
0,0.04761,0.09538,0.07548,5-6 hours,"LKR 9,000 - 12,000"
1,0.04,0.08577,0.06248,4-5 hours,"LKR 7,000 - 9,000"
0,0.08,0.19447,0.0811,5-6 hours,"LKR 9,000 - 12,000"
0,0.08,0.21687,0.13235,5-6 hours,"LKR 9,000 - 12,000"
0,0.08,0.15639,0.12929,5-6 hours,"LKR 9,000 - 12,000"
1,0.00946,0.02287,0.01233,2-3 hours,"LKR 3,000 - 5,000"
1,0.01551,0.02513,0.03027,3-4 hours,"LKR 5,000 - 7,000"
2,0.1,0.26845,0.13363,5-6 hours,"LKR 9,000 - 12,000"
2,0.1,0.20881,0.21676,5-6 hours,"LKR 9,000 - 12,000"
0,0.08,0.13404,0.17863,5-6 hours,"LKR 9,000 - 12,000"
0,0.08,0.18088,0.18301,5-6 hours,"LKR 9,000 - 12,000"
0,0.08,0.2506,0.08591,6-7 hours,"LKR 12,000 - 15,000"
1,0.04,0.07835,0.05502,4-5 hours,"LKR 7,000 - 9,000"
0,0.08,0.25206,0.12739,5-6 hours,"LKR 9,000 - 12,000"
2,0.1,0.22867,0.17921,5-6 hours,"LKR 9,000 - 12,000"
2,0.1,0.28903,0.13578,5-6 hours,"LKR 9,000 - 12,000"
1,0.04,0.11631,0.09552,4-5 hours,"LKR 7,000 - 9,000"
0,0.05408,0.10699,0.06958,5-6 hours,"LKR 9,000 - 12,000"
1,0.04,0.10542,0.04271,4-5 hours,"LKR 7,000 - 9,000"
0,0.08,0.21896,0.18456,5-6 hours,"LKR 9,000 - 12,000"
1,0.04,0.09931,0.08834,4-5 hours,"LKR 7,000 - 9,000"
2,0.1,0.31437,0.13627,6-7 hours,"LKR 12,000 - 15,000"
1,0.04,0.10121,0.04057,4-5 hours,"LKR 7,000 - 9,000"
1,0.04,0.13849,0.04379,5-6 hours,"LKR 9,000 - 12,000"
1,0.04,0.10643,0.04909,4-5 hours,"LKR 7,000 - 9,000"
1,0.04,0.10956,0.07057,5-6 hours,"LKR 9,000 - 12,000"
1,0.04,0.1064,0.05018,4-5 hours,"LKR 7,000 - 9,000"
0,0.08,0.22796,0.17444,5-6 hours,"LKR 9,000 - 12,000"
0,0.08,0.16943,0.18506,6-7 hours,"LKR 12,000 - 15,000"
0,0.08,0.17909,0.18659,5-6 hours,"LKR 9,000 - 12,000"
0,0.08,0.21717,0.17319,5-6 hours,"LKR 9,000 - 12,000"
1,0.04,0.12261,0.06032,4-5 hours,"LKR 7,000 - 9,000"
0,0.08,0.18268,0.18417,6-7 hours,"LKR 12,000 - 15,000"
0,0.08,0.24767,0.1247,5-6 hours,"LKR 9,000 - 12,000"
0,0.08,0.15865,0.16196,5-6 hours,"LKR 9,000 - 12,000"
0,0.08,0.26746,0.19282,5-6 hours,"LKR 9,000 - 12,000"
0,0.08,0.22261,0.17005,5-6 hours,"LKR 9,000 - 12,000"
0,0.08,0.21573,0.09554,5-6 hours,"LKR 9,000 - 12,000"
0,0.08,0.2732,0.19534,5-6 hours,"LKR 9,000 - 12,000"
2,0.1,0.25282,0.11139,5-6 hours,"LKR 9,000 - 12,000"
1,0.04,0.07252,0.07364,4-5 hours,"LKR 7,000 - 9,000"
0,0.02122,0.05359,0.03193,4-5 hours,"LKR 7,000 - 9,000"
0,0.08,0.25708,0.14926,5-6 hours,"LKR 9,000 - 12,000"
0,0.08,0.18315,0.19665,5-6 hours,"LKR 9,000 - 12,000"
1,0.04,0.13774,0.0471,4-5 hours,"LKR 7,000 - 9,000"
0,0.08,0.13325,0.17713,5-6 hours,"LKR 9,000 - 12,000"
1,0.04,0.1284,0.06613,4-5 hours,"LKR 7,000 - 9,000"
0,0.05021,0.13423,0.09227,5-6 hours,"LKR 9,000 - 12,000"
2,0.1,0.33877,0.19559,5-6 hours,"LKR 9,000 - 12,000"
0,0.08,0.17069,0.18671,5-6 hours,"LKR 9,000 - 12,000"
0,0.08,0.2413,0.14668,5-6 hours,"LKR 9,000 - 12,000"
1,0.04,0.13138,0.08959,4-5 hours,"LKR 7,000 - 9,000"
0,0.08,0.20848,0.14486,5-6 hours,"LKR 9,000 - 12,000"
0,0.04843,0.12448,0.09117,4-5 hours,"LKR 7,000 - 9,000"
0,0.03439,0.09776,0.06116,4-5 hours,"LKR 7,000 - 9,000"
1,0.04,0.0769,0.08888,4-5 hours,"LKR 7,000 - 9,000"
1,0.04,0.08814,0.08954,4-5 hours,"LKR 7,000 - 9,000"
1,0.04,0.07837,0.04149,5-6 hours,"LKR 9,000 - 12,000"
1,0.04,0.11369,0.08551,4-5 hours,"LKR 7,000 - 9,000"
0,0.08,0.18025,0.11998,5-6 hours,"LKR 9,000 - 12,000"
0,0.08,0.25984,0.11283,5-6 hours,"LKR 9,000 - 12,000"
1,0.04,0.10206,0.06548,4-5 hours,"LKR 7,000 - 9,000"
1,0.04,0.10904,0.09031,4-5 hours,"LKR 7,000 - 9,000"
0,0.08,0.23101,0.1801,5-6 hours,"LKR 9,000 - 12,000"
1,0.04,0.12555,0.09932,4-5 hours,"LKR 7,000 - 9,000"
0,0.08,0.12191,0.11155,5-6 hours,"LKR 9,000 - 12,000"
2,0.1,0.32103,0.11038,5-6 hours,"LKR 9,000 - 12,000"
0,0.08,0.12581,0.09935,5-6 hours,"LKR 9,000 - 12,000"
0,0.05246,0.14117,0.0753,5-6 hours,"LKR 9,000 - 12,000"
0,0.08,0.15163,0.12064,5-6 hours,"LKR 9,000 - 12,000"
0,0.08,0.19225,0.12138,5-6 hours,"LKR 9,000 - 12,000"
1,0.04,0.10124,0.09794,4-5 hours,"LKR 7,000 - 9,000"
1,0.04,0.11757,0.04036,4-5 hours,"LKR 7,000 - 9,000"
1,0.04,0.0954,0.08943,4-5 hours,"LKR 7,000 - 9,000"
2,0.1,0.26916,0.1938,6-7 hours,"LKR 12,000 - 15,000"
2,0.1,0.3423,0.16186,5-6 hours,"LKR 9,000 - 12,000"
0,0.08,0.24297,0.08039,5-6 hours,"LKR 9,000 - 12,000"
1,0.04,0.0617,0.05103,4-5 hours,"LKR 7,000 - 9,000"
1,0.04,0.11308,0.07435,4-5 hours,"LKR 7,000 - 9,000"
2,0.1,0.25428,0.11341,5-6 hours,"LKR 9,000 - 12,000"
0,0.07302,0.11948,0.17459,5-6 hours,"LKR 9,000 - 12,000"
0,0.08,0.2474,0.14055,5-6 hours,"LKR 9,000 - 12,000"
0,0.08,0.20933,0.19487,6-7 hours,"LKR 12,000 - 15,000"
0,0.08,0.26856,0.08956,5-6 hours,"LKR 9,000 - 12,000"
0,0.08,0.14576,0.14922,5-6 hours,"LKR 9,000 - 12,000"
0,0.08,0.18171,0.19946,5-6 hours,"LKR 9,000 - 12,000"
0,0.08,0.17934,0.18772,5-6 hours,"LKR 9,000 - 12,000"
1,0.04,0.13282,0.06532,4-5 hours,"LKR 7,000 - 9,000"
2,0.1,0.33892,0.16369,5-6 hours,"LKR 9,000 - 12,000"
0,0.06791,0.20946,0.10739,5-6 hours,"LKR 9,000 - 12,000"
0,0.08,0.22798,0.09792,5-6 hours,"LKR 9,000 - 12,000"
0,0.08,0.12075,0.14374,5-6 hours,"LKR 9,000 - 12,000"
0,0.08,0.26075,0.17901,5-6 hours,"LKR 9,000 - 12,000"
0,0.08,0.23362,0.17802,5-6 hours,"LKR 9,000 - 12,000"
0,0.08,0.18558,0.18072,5-6 hours,"LKR 9,000 - 12,000"
2,0.1,0.29578,0.14096,6-7 hours,"LKR 12,000 - 15,000"
1,0.04,0.12953,0.05058,4-5 hours,"LKR 7,000 - 9,000"
0,0.04602,0.15299,0.11476,4-5 hours,"LKR 7,000 - 9,000"
1,0.04,0.07986,0.05963,4-5 hours,"LKR 7,000 - 9,000"
0,0.06419,0.12332,0.08094,5-6 hours,"LKR 9,000 - 12,000"
0,0.08,0.197,0.19139,5-6 hours,"LKR 9,000 - 12,000"
0,0.08,0.22243,0.11507,5-6 hours,"LKR 9,000 - 12,000"
0,0.07742,0.15266,0.12568,5-6 hours,"LKR 9,000 - 12,000"
1,0.04,0.07174,0.08208,5-6 hours,"LKR 9,000 - 12,000"
1,0.04,0.092,0.07323,4-5 hours,"LKR 7,000 - 9,000"
1,0.04,0.08146,0.05541,4-5 hours,"LKR 7,000 - 9,000"
1,0.04,0.09021,0.06242,4-5 hours,"LKR 7,000 - 9,000"
2,0.1,0.25476,0.13814,5-6 hours,"LKR 9,000 - 12,000"
1,0.04,0.12272,0.04092,4-5 hours,"LKR 7,000 - 9,000"
1,0.04,0.08316,0.04613,5-6 hours,"LKR 9,000 - 12,000"
2,0.1,0.2877,0.24252,5-6 hours,"LKR 9,000 - 12,000"
1,0.04,0.08522,0.04102,4-5 hours,"LKR 7,000 - 9,000"
0,0.08,0.2603,0.12983,5-6 hours,"LKR 9,000 - 12,000"
1,0.04,0.0834,0.05621,4-5 hours,"LKR 7,000 - 9,000"
0,0.08,0.26159,0.15322,5-6 hours,"LKR 9,000 - 12,000"
0,0.08,0.24264,0.13718,5-6 hours,"LKR 9,000 - 12,000"
2,0.1,0.19908,0.18268,5-6 hours,"LKR 9,000 - 12,000"
1,0.01249,0.03111,0.01765,3-4 hours,"LKR 5,000 - 7,000"
0,0.08,0.18762,0.15844,5-6 hours,"LKR 9,000 - 12,000"
0,0.08,0.14709,0.1922,5-6 hours,"LKR 9,000 - 12,000"
0,0.03651,0.12449,0.04768,4-5 hours,"LKR 7,000 - 9,000"
1,0.04,0.10718,0.08296,4-5 hours,"LKR 7,000 - 9,000"
0,0.08,0.24362,0.10436,5-6 hours,"LKR 9,000 - 12,000"
0,0.08,0.12776,0.18587,5-6 hours,"LKR 9,000 - 12,000"
1,0.04,0.11499,0.09783,4-5 hours,"LKR 7,000 - 9,000"
1,0.04,0.12366,0.0477,4-5 hours,"LKR 7,000 - 9,000"
0,0.08,0.23629,0.08036,5-6 hours,"LKR 9,000 - 12,000"
1,0.04,0.09918,0.04072,5-6 hours,"LKR 9,000 - 12,000"
0,0.06007,0.17314,0.06593,5-6 hours,"LKR 9,000 - 12,000"
0,0.08,0.23889,0.09213,5-6 hours,"LKR 9,000 - 12,000"
2,0.09814,0.3171,0.16419,5-6 hours,"LKR 9,000 - 12,000"
2,0.1,0.30541,0.24194,5-6 hours,"LKR 9,000 - 12,000"
0,0.08,0.12835,0.17077,5-6 hours,"LKR 9,000 - 12,000"
0,0.08,0.23244,0.16672,5-6 hours,"LKR 9,000 - 12,000"
2,0.1,0.25625,0.13697,5-6 hours,"LKR 9,000 - 12,000"
0,0.08,0.17146,0.16682,5-6 hours,"LKR 9,000 - 12,000"
1,0.04,0.08612,0.09836,4-5 hours,"LKR 7,000 - 9,000"
0,0.08,0.16494,0.17977,5-6 hours,"LKR 9,000 - 12,000"
0,0.08,0.27027,0.15537,5-6 hours,"LKR 9,000 - 12,000"
2,0.1,0.26665,0.1542,5-6 hours,"LKR 9,000 - 12,000"
0,0.08,0.1708,0.19336,6-7 hours,"LKR 12,000 - 15,000"
1,0.04,0.0914,0.09694,4-5 hours,"LKR 7,000 - 9,000"
0,0.08,0.13699,0.16189,5-6 hours,"LKR 9,000 - 12,000"
0,0.08,0.23814,0.08852,5-6 hours,"LKR 9,000 - 12,000"
1,0.04,0.06818,0.04995,4-5 hours,"LKR 7,000 - 9,000"
0,0.08,0.22663,0.12541,5-6 hours,"LKR 9,000 - 12,000"
2,0.1,0.20035,0.14087,5-6 hours,"LKR 9,000 - 12,000"
0,0.08,0.20516,0.14488,5-6 hours,"LKR 9,000 - 12,000"
1,0.04,0.0731,0.0939,4-5 hours,"LKR 7,000 - 9,000"
0,0.08,0.18881,0.16297,5-6 hours,"LKR 9,000 - 12,000"
2,0.1,0.27151,0.16902,6-7 hours,"LKR 12,000 - 15,000"
1,0.04,0.06974,0.04245,4-5 hours,"LKR 7,000 - 9,000"
1,0.04,0.13402,0.04899,4-5 hours,"LKR 7,000 - 9,000"
0,0.08,0.16578,0.12069,5-6 hours,"LKR 9,000 - 12,000"
1,0.04,0.13439,0.08696,4-5 hours,"LKR 7,000 - 9,000"
2,0.1,0.2552,0.19628,5-6 hours,"LKR 9,000 - 12,000"
0,0.08,0.24305,0.19154,5-6 hours,"LKR 9,000 - 12,000"
0,0.08,0.12365,0.19468,6-7 hours,"LKR 12,000 - 15,000"
0,0.08,0.14395,0.11825,5-6 hours,"LKR 9,000 - 12,000"
2,0.1,0.27559,0.17774,5-6 hours,"LKR 9,000 - 12,000"
2,0.1,0.33736,0.10155,5-6 hours,"LKR 9,000 - 12,000"
1,0.04,0.10836,0.0707,4-5 hours,"LKR 7,000 - 9,000"
1,0.04,0.12139,0.09396,4-5 hours,"LKR 7,000 - 9,000"
1,0.04,0.10166,0.06694,4-5 hours,"LKR 7,000 - 9,000"
1,0.0273,0.06555,0.03255,3-4 hours,"LKR 5,000 - 7,000"
0,0.08,0.17846,0.16431,5-6 hours,"LKR 9,000 - 12,000"
2,0.1,0.34313,0.22251,5-6 hours,"LKR 9,000 - 12,000"
0,0.08,0.20202,0.1337,5-6 hours,"LKR 9,000 - 12,000"
1,0.04,0.12264,0.0487,4-5 hours,"LKR 7,000 - 9,000"
0,0.08,0.19972,0.099,5-6 hours,"LKR 9,000 - 12,000"
2,0.1,0.20649,0.24805,5-6 hours,"LKR 9,000 - 12,000"
0,0.08,0.13236,0.14109,5-6 hours,"LKR 9,000 - 12,000"
0,0.08,0.23126,0.15926,5-6 hours,"LKR 9,000 - 12,000"
0,0.08,0.13503,0.12803,5-6 hours,"LKR 9,000 - 12,000"
0,0.08,0.25188,0.10943,5-6 hours,"LKR 9,000 - 12,000"
0,0.08,0.2145,0.17578,5-6 hours,"LKR 9,000 - 12,000"
1,0.04,0.0722,0.09886,4-5 hours,"LKR 7,000 - 9,000"
0,0.08,0.20056,0.14783,5-6 hours,"LKR 9,000 - 12,000"
0,0.06596,0.17544,0.06849,5-6 hours,"LKR 9,000 - 12,000"
0,0.08,0.20427,0.12218,5-6 hours,"LKR 9,000 - 12,000"
1,0.04,0.13615,0.0721,4-5 hours,"LKR 7,000 - 9,000"
2,0.1,0.28911,0.23893,6-7 hours,"LKR 12,000 - 15,000"
1,0.04,0.08408,0.05121,4-5 hours,"LKR 7,000 - 9,000"
1,0.04,0.12672,0.07672,4-5 hours,"LKR 7,000 - 9,000"
1,0.04,0.13829,0.0743,4-5 hours,"LKR 7,000 - 9,000"
2,0.1,0.1606,0.24848,5-6 hours,"LKR 9,000 - 12,000"
2,0.1,0.20165,0.19345,5-6 hours,"LKR 9,000 - 12,000"
0,0.08,0.23494,0.16677,5-6 hours,"LKR 9,000 - 12,000"
2,0.1,0.34806,0.17608,5-6 hours,"LKR 9,000 - 12,000"
1,0.04,0.07889,0.07113,4-5 hours,"LKR 7,000 - 9,000"
2,0.03784,0.1061,0.0724,5-6 hours,"LKR 9,000 - 12,000"
1,0.04,0.0963,0.09657,4-5 hours,"LKR 7,000 - 9,000"
0,0.0423,0.10315,0.08517,4-5 hours,"LKR 7,000 - 9,000"
1,0.04,0.08668,0.04339,4-5 hours,"LKR 7,000 - 9,000"
0,0.08,0.14286,0.17945,5-6 hours,"LKR 9,000 - 12,000"
1,0.04,0.11859,0.07442,4-5 hours,"LKR 7,000 - 9,000"
1,0.0165,0.05667,0.02134,3-4 hours,"LKR 5,000 - 7,000"
1,0.04,0.06491,0.06673,4-5 hours,"LKR 7,000 - 9,000"
2,0.1,0.32964,0.19915,6-7 hours,"LKR 12,000 - 15,000"
0,0.08,0.26961,0.14361,5-6 hours,"LKR 9,000 - 12,000"
2,0.1,0.28768,0.18411,5-6 hours,"LKR 9,000 - 12,000"
0,0.08,0.22935,0.18553,5-6 hours,"LKR 9,000 - 12,000"
0,0.08,0.23358,0.1678,5-6 hours,"LKR 9,000 - 12,000"
1,0.04,0.09997,0.09759,4-5 hours,"LKR 7,000 - 9,000"
1,0.04,0.0731,0.0624,4-5 hours,"LKR 7,000 - 9,000"
1,0.04,0.10485,0.0994,4-5 hours,"LKR 7,000 - 9,000"
0,0.08,0.16329,0.11845,6-7 hours,"LKR 12,000 - 15,000"
2,0.1,0.15648,0.23908,5-6 hours,"LKR 9,000 - 12,000"
2,0.1,0.31935,0.10121,5-6 hours,"LKR 9,000 - 12,000"
0,0.08,0.2226,0.17021,5-6 hours,"LKR 9,000 - 12,000"
0,0.08,0.14997,0.1425,5-6 hours,"LKR 9,000 - 12,000"
0,0.06314,0.14105,0.11549,5-6 hours,"LKR 9,000 - 12,000"
1,0.04,0.11454,0.09555,4-5 hours,"LKR 7,000 - 9,000"
1,0.04,0.06853,0.06845,4-5 hours,"LKR 7,000 - 9,000"
0,0.08,0.25003,0.19474,5-6 hours,"LKR 9,000 - 12,000"
1,0.04,0.09209,0.05952,4-5 hours,"LKR 7,000 - 9,000"
0,0.08,0.12976,0.1026,5-6 hours,"LKR 9,000 - 12,000"
0,0.08,0.20196,0.19549,5-6 hours,"LKR 9,000 - 12,000"
1,0.04,0.0821,0.08873,4-5 hours,"LKR 7,000 - 9,000"
0,0.08,0.26432,0.15514,5-6 hours,"LKR 9,000 - 12,000"
2,0.1,0.30398,0.12182,5-6 hours,"LKR 9,000 - 12,000"
0,0.06904,0.23001,0.14678,5-6 hours,"LKR 9,000 - 12,000"
1,0.04,0.12786,0.0998,4-5 hours,"LKR 7,000 - 9,000"
0,0.08,0.18112,0.10446,5-6 hours,"LKR 9,000 - 12,000"
0,0.03969,0.10015,0.07383,4-5 hours,"LKR 7,000 - 9,000"
0,0.08,0.22505,0.1352,5-6 hours,"LKR 9,000 - 12,000"
1,0.04,0.10131,0.06933,4-5 hours,"LKR 7,000 - 9,000"
0,0.08,0.27259,0.09036,5-6 hours,"LKR 9,000 - 12,000"
0,0.08,0.2007,0.16806,5-6 hours,"LKR 9,000 - 12,000"
1,0.04,0.11488,0.05039,4-5 hours,"LKR 7,000 - 9,000"
1,0.04,0.10532,0.07383,4-5 hours,"LKR 7,000 - 9,000"
0,0.00394,0.01,0.01,2-3 hours,"LKR 3,000 - 5,000"
0,0.08,0.26378,0.1671,5-6 hours,"LKR 9,000 - 12,000"
1,0.02038,0.03439,0.0255,3-4 hours,"LKR 5,000 - 7,000"
0,0.08,0.18215,0.11953,5-6 hours,"LKR 9,000 - 12,000"
1,0.01045,0.03296,0.02497,2-3 hours,"LKR 3,000 - 5,000"
0,0.08,0.23325,0.15704,5-6 hours,"LKR 9,000 - 12,000"
0,0.08,0.21689,0.17488,6-7 hours,"LKR 12,000 - 15,000"
0,0.03809,0.09448,0.03812,4-5 hours,"LKR 7,000 - 9,000"
0,0.08,0.13139,0.09463,5-6 hours,"LKR 9,000 - 12,000"
0,0.08,0.23178,0.194,6-7 hours,"LKR 12,000 - 15,000"
1,0.03157,0.0844,0.03225,4-5 hours,"LKR 7,000 - 9,000"
1,0.04,0.07217,0.06382,4-5 hours,"LKR 7,000 - 9,000"
0,0.08,0.24927,0.11658,5-6 hours,"LKR 9,000 - 12,000"
0,0.08,0.23181,0.09237,5-6 hours,"LKR 9,000 - 12,000"
0,0.08,0.21083,0.13272,5-6 hours,"LKR 9,000 - 12,000"
0,0.08,0.25441,0.18566,5-6 hours,"LKR 9,000 - 12,000"
1,0.04,0.10925,0.04165,4-5 hours,"LKR 7,000 - 9,000"
2,0.01117,0.02157,0.02414,3-4 hours,"LKR 5,000 - 7,000"
0,0.08,0.17118,0.19134,5-6 hours,"LKR 9,000 - 12,000"
0,0.08,0.16117,0.1671,5-6 hours,"LKR 9,000 - 12,000"
0,0.08,0.16129,0.17126,5-6 hours,"LKR 9,000 - 12,000"
1,0.04,0.1313,0.08131,4-5 hours,"LKR 7,000 - 9,000"
1,0.04,0.08119,0.09799,4-5 hours,"LKR 7,000 - 9,000"
0,0.04138,0.08119,0.07274,5-6 hours,"LKR 9,000 - 12,000"
2,0.1,0.26266,0.16345,5-6 hours,"LKR 9,000 - 12,000"
0,0.08,0.15309,0.19993,5-6 hours,"LKR 9,000 - 12,000"
1,0.04,0.12566,0.09673,4-5 hours,"LKR 7,000 - 9,000"
1,0.04,0.11909,0.04877,4-5 hours,"LKR 7,000 - 9,000"
1,0.04,0.13822,0.08581,4-5 hours,"LKR 7,000 - 9,000"
1,0.04,0.11611,0.09626,4-5 hours,"LKR 7,000 - 9,000"
0,0.02916,0.06013,0.05808,4-5 hours,"LKR 7,000 - 9,000"
2,0.1,0.26722,0.15699,5-6 hours,"LKR 9,000 - 12,000"
1,0.04,0.08345,0.06607,5-6 hours,"LKR 9,000 - 12,000"
0,0.08,0.15359,0.11803,5-6 hours,"LKR 9,000 - 12,000"
0,0.08,0.13005,0.17761,5-6 hours,"LKR 9,000 - 12,000"
0,0.08,0.15675,0.15853,5-6 hours,"LKR 9,000 - 12,000"
2,0.1,0.27678,0.20618,5-6 hours,"LKR 9,000 - 12,000"
2,0.1,0.17284,0.12929,5-6 hours,"LKR 9,000 - 12,000"
1,0.04,0.08013,0.07426,4-5 hours,"LKR 7,000 - 9,000"
1,0.04,0.08056,0.07522,4-5 hours,"LKR 7,000 - 9,000"
1,0.02885,0.05802,0.06211,3-4 hours,"LKR 5,000 - 7,000"
1,0.04,0.10786,0.057,4-5 hours,"LKR 7,000 - 9,000"
0,0.08,0.26063,0.08575,5-6 hours,"LKR 9,000 - 12,000"
0,0.08,0.14475,0.12036,5-6 hours,"LKR 9,000 - 12,000"
0,0.08,0.21945,0.14665,5-6 hours,"LKR 9,000 - 12,000"
1,0.04,0.06182,0.06372,4-5 hours,"LKR 7,000 - 9,000"
0,0.08,0.25708,0.10982,5-6 hours,"LKR 9,000 - 12,000"
0,0.08,0.26442,0.13976,6-7 hours,"LKR 12,000 - 15,000"
0,0.08,0.27433,0.13846,5-6 hours,"LKR 9,000 - 12,000"
2,0.1,0.23857,0.22048,5-6 hours,"LKR 9,000 - 12,000"
1,0.04,0.10116,0.08468,4-5 hours,"LKR 7,000 - 9,000"
0,0.08,0.26731,0.1655,5-6 hours,"LKR 9,000 - 12,000"
1,0.04,0.12888,0.05371,4-5 hours,"LKR 7,000 - 9,000"
0,0.08,0.23628,0.17707,5-6 hours,"LKR 9,000 - 12,000"
0,0.08,0.14495,0.13101,5-6 hours,"LKR 9,000 - 12,000"
0,0.08,0.18862,0.10138,5-6 hours,"LKR 9,000 - 12,000"
1,0.04,0.13702,0.04935,4-5 hours,"LKR 7,000 - 9,000"
0,0.08,0.15981,0.12786,6-7 hours,"LKR 12,000 - 15,000"
1,0.04,0.11947,0.04027,4-5 hours,"LKR 7,000 - 9,000"
1,0.04,0.09192,0.06795,4-5 hours,"LKR 7,000 - 9,000"
0,0.08,0.21461,0.14906,5-6 hours,"LKR 9,000 - 12,000"
1,0.04,0.0769,0.05994,4-5 hours,"LKR 7,000 - 9,000"
1,0.04,0.12627,0.05756,4-5 hours,"LKR 7,000 - 9,000"
1,0.04,0.13313,0.05385,5-6 hours,"LKR 9,000 - 12,000"
2,0.1,0.18724,0.16665,6-7 hours,"LKR 12,000 - 15,000"
0,0.03202,0.10795,0.04427,4-5 hours,"LKR 7,000 - 9,000"
0,0.08,0.2254,0.18656,5-6 hours,"LKR 9,000 - 12,000"
1,0.04,0.13475,0.07692,4-5 hours,"LKR 7,000 - 9,000"
1,0.04,0.06513,0.06005,4-5 hours,"LKR 7,000 - 9,000"
0,0.08,0.23452,0.13293,5-6 hours,"LKR 9,000 - 12,000"
0,0.08,0.24621,0.18818,5-6 hours,"LKR 9,000 - 12,000"
0,0.08,0.14404,0.08937,5-6 hours,"LKR 9,000 - 12,000"
0,0.08,0.16196,0.16123,5-6 hours,"LKR 9,000 - 12,000"
0,0.08,0.26871,0.17767,5-6 hours,"LKR 9,000 - 12,000"
1,0.04,0.11104,0.05321,4-5 hours,"LKR 7,000 - 9,000"
1,0.04,0.13405,0.08993,4-5 hours,"LKR 7,000 - 9,000"
1,0.01551,0.04181,0.03121,3-4 hours,"LKR 5,000 - 7,000"
0,0.08,0.18016,0.11613,5-6 hours,"LKR 9,000 - 12,000"
0,0.08,0.26354,0.10773,5-6 hours,"LKR 9,000 - 12,000"
0,0.08,0.12179,0.1066,5-6 hours,"LKR 9,000 - 12,000"
0,0.08,0.17147,0.15247,5-6 hours,"LKR 9,000 - 12,000"
0,0.08,0.1263,0.17484,6-7 hours,"LKR 12,000 - 15,000"
2,0.1,0.28803,0.17682,5-6 hours,"LKR 9,000 - 12,000"
0,0.08,0.25281,0.1181,5-6 hours,"LKR 9,000 - 12,000"
1,0.04,0.13551,0.07308,5-6 hours,"LKR 9,000 - 12,000"
1,0.04,0.13279,0.04193,5-6 hours,"LKR 9,000 - 12,000"
0,0.08,0.22901,0.13044,6-7 hours,"LKR 12,000 - 15,000"
2,0.1,0.22031,0.24404,5-6 hours,"LKR 9,000 - 12,000"
0,0.08,0.15525,0.14065,5-6 hours,"LKR 9,000 - 12,000"
0,0.08,0.25113,0.12036,5-6 hours,"LKR 9,000 - 12,000"
0,0.08,0.21591,0.1043,5-6 hours,"LKR 9,000 - 12,000"
0,0.08,0.24873,0.16806,5-6 hours,"LKR 9,000 - 12,000"
1,0.04,0.12393,0.09916,4-5 hours,"LKR 7,000 - 9,000"
0,0.08,0.15417,0.11571,5-6 hours,"LKR 9,000 - 12,000"
1,0.04,0.13444,0.07099,4-5 hours,"LKR 7,000 - 9,000"
0,0.06025,0.18017,0.0864,5-6 hours,"LKR 9,000 - 12,000"
0,0.08,0.26981,0.11589,6-7 hours,"LKR 12,000 - 15,000"
2,0.1,0.29978,0.21642,6-7 hours,"LKR 12,000 - 15,000"
2,0.1,0.1512,0.22026,5-6 hours,"LKR 9,000 - 12,000"
0,0.04961,0.12526,0.07829,5-6 hours,"LKR 9,000 - 12,000"
1,0.04,0.10408,0.0582,4-5 hours,"LKR 7,000 - 9,000"
2,0.1,0.19106,0.23714,5-6 hours,"LKR 9,000 - 12,000"
0,0.08,0.19752,0.16045,5-6 hours,"LKR 9,000 - 12,000"
1,0.04,0.1265,0.08628,4-5 hours,"LKR 7,000 - 9,000"
1,0.04,0.1283,0.07424,4-5 hours,"LKR 7,000 - 9,000"
0,0.08,0.25196,0.08381,5-6 hours,"LKR 9,000 - 12,000"
2,0.1,0.22937,0.11892,5-6 hours,"LKR 9,000 - 12,000"
1,0.00651,0.01712,0.01,2-3 hours,"LKR 3,000 - 5,000"
2,0.1,0.34412,0.18482,5-6 hours,"LKR 9,000 - 12,000"
1,0.04,0.07837,0.06174,4-5 hours,"LKR 7,000 - 9,000"
1,0.04,0.08185,0.06062,5-6 hours,"LKR 9,000 - 12,000"
0,0.08,0.21559,0.17646,5-6 hours,"LKR 9,000 - 12,000"
0,0.08,0.26123,0.15367,5-6 hours,"LKR 9,000 - 12,000"
1,0.04,0.12502,0.08449,4-5 hours,"LKR 7,000 - 9,000"
1,0.01795,0.05381,0.03758,3-4 hours,"LKR 5,000 - 7,000"
1,0.04,0.07668,0.05378,4-5 hours,"LKR 7,000 - 9,000"
1,0.04,0.1055,0.07772,4-5 hours,"LKR 7,000 - 9,000"
0,0.08,0.19581,0.18068,5-6 hours,"LKR 9,000 - 12,000"
0,0.08,0.13818,0.16447,5-6 hours,"LKR 9,000 - 12,000"
1,0.04,0.10836,0.053,4-5 hours,"LKR 7,000 - 9,000"
0,0.08,0.17582,0.14348,5-6 hours,"LKR 9,000 - 12,000"
0,0.08,0.27626,0.09865,6-7 hours,"LKR 12,000 - 15,000"
0,0.08,0.13931,0.12189,5-6 hours,"LKR 9,000 - 12,000"
2,0.1,0.28071,0.16808,5-6 hours,"LKR 9,000 - 12,000"
0,0.08,0.25974,0.10462,5-6 hours,"LKR 9,000 - 12,000"
2,0.1,0.30975,0.21892,5-6 hours,"LKR 9,000 - 12,000"
0,0.07829,0.2132,0.09861,5-6 hours,"LKR 9,000 - 12,000"
1,0.04,0.09711,0.09781,4-5 hours,"LKR 7,000 - 9,000"
0,0.08,0.21813,0.18033,5-6 hours,"LKR 9,000 - 12,000"
0,0.08,0.27667,0.11727,5-6 hours,"LKR 9,000 - 12,000"
0,0.08,0.24868,0.11597,5-6 hours,"LKR 9,000 - 12,000"
1,0.04,0.10063,0.05012,4-5 hours,"LKR 7,000 - 9,000"
0,0.08,0.22418,0.08687,5-6 hours,"LKR 9,000 - 12,000"
0,0.08,0.21723,0.14241,6-7 hours,"LKR 12,000 - 15,000"
0,0.05514,0.11636,0.10242,5-6 hours,"LKR 9,000 - 12,000"
1,0.04,0.08959,0.05619,4-5 hours,"LKR 7,000 - 9,000"
0,0.08,0.13557,0.09493,5-6 hours,"LKR 9,000 - 12,000"
1,0.04,0.09455,0.09248,4-5 hours,"LKR 7,000 - 9,000"
2,0.1,0.33518,0.1266,5-6 hours,"LKR 9,000 - 12,000"
0,0.07695,0.16693,0.18523,5-6 hours,"LKR 9,000 - 12,000"
2,0.1,0.34364,0.23682,5-6 hours,"LKR 9,000 - 12,000"
0,0.08,0.12932,0.15196,5-6 hours,"LKR 9,000 - 12,000"
0,0.08,0.27188,0.10129,5-6 hours,"LKR 9,000 - 12,000"
1,0.04,0.11284,0.08482,4-5 hours,"LKR 7,000 - 9,000"
1,0.04,0.06105,0.08597,4-5 hours,"LKR 7,000 - 9,000"
1,0.04,0.0869,0.04643,4-5 hours,"LKR 7,000 - 9,000"
1,0.04,0.11315,0.06231,4-5 hours,"LKR 7,000 - 9,000"
0,0.08,0.22781,0.19714,5-6 hours,"LKR 9,000 - 12,000"
0,0.08,0.22426,0.09924,5-6 hours,"LKR 9,000 - 12,000"
1,0.04,0.11528,0.04704,4-5 hours,"LKR 7,000 - 9,000"
1,0.04,0.08496,0.045,4-5 hours,"LKR 7,000 - 9,000"
0,0.03003,0.08502,0.07073,4-5 hours,"LKR 7,000 - 9,000"
0,0.08,0.12518,0.18287,5-6 hours,"LKR 9,000 - 12,000"
2,0.1,0.20552,0.164,5-6 hours,"LKR 9,000 - 12,000"
1,0.04,0.06323,0.0634,4-5 hours,"LKR 7,000 - 9,000"
1,0.04,0.06062,0.04637,4-5 hours,"LKR 7,000 - 9,000"
2,0.1,0.23071,0.16766,5-6 hours,"LKR 9,000 - 12,000"
2,0.1,0.23565,0.14741,5-6 hours,"LKR 9,000 - 12,000"
0,0.08,0.23886,0.1521,5-6 hours,"LKR 9,000 - 12,000"
1,0.00638,0.01659,0.01546,2-3 hours,"LKR 3,000 - 5,000"
1,0.02154,0.06309,0.04208,3-4 hours,"LKR 5,000 - 7,000"
1,0.04,0.11481,0.05737,4-5 hours,"LKR 7,000 - 9,000"
1,0.04,0.12385,0.05091,4-5 hours,"LKR 7,000 - 9,000"
1,0.04,0.12679,0.04064,4-5 hours,"LKR 7,000 - 9,000"
1,0.04,0.08383,0.05584,4-5 hours,"LKR 7,000 - 9,000"
0,0.08,0.1459,0.14334,5-6 hours,"LKR 9,000 - 12,000"
0,0.08,0.22284,0.138,5-6 hours,"LKR 9,000 - 12,000"
0,0.08,0.21108,0.18646,5-6 hours,"LKR 9,000 - 12,000"
1,0.04,0.11425,0.09568,4-5 hours,"LKR 7,000 - 9,000"
0,0.08,0.23391,0.14512,5-6 hours,"LKR 9,000 - 12,000"
0,0.08,0.15701,0.08181,5-6 hours,"LKR 9,000 - 12,000"
2,0.1,0.33955,0.16915,5-6 hours,"LKR 9,000 - 12,000"
1,0.04,0.08473,0.04229,5-6 hours,"LKR 9,000 - 12,000"
0,0.08,0.15517,0.10459,5-6 hours,"LKR 9,000 - 12,000"
1,0.04,0.11965,0.08286,4-5 hours,"LKR 7,000 - 9,000"
1,0.04,0.13531,0.08642,4-5 hours,"LKR 7,000 - 9,000"
2,0.1,0.24384,0.13484,5-6 hours,"LKR 9,000 - 12,000"
2,0.1,0.21961,0.21141,5-6 hours,"LKR 9,000 - 12,000"
0,0.08,0.19296,0.18667,5-6 hours,"LKR 9,000 - 12,000"
1,0.04,0.06454,0.09367,4-5 hours,"LKR 7,000 - 9,000"
1,0.04,0.06346,0.06321,4-5 hours,"LKR 7,000 - 9,000"
1,0.04,0.06137,0.07267,4-5 hours,"LKR 7,000 - 9,000"
0,0.08,0.12074,0.16774,6-7 hours,"LKR 12,000 - 15,000"
1,0.04,0.06234,0.04636,4-5 hours,"LKR 7,000 - 9,000"
2,0.1,0.24381,0.18461,5-6 hours,"LKR 9,000 - 12,000"
1,0.03818,0.12579,0.07846,4-5 hours,"LKR 7,000 - 9,000"
1,0.02537,0.04119,0.03477,3-4 hours,"LKR 5,000 - 7,000"
1,0.04,0.10849,0.05692,4-5 hours,"LKR 7,000 - 9,000"
0,0.08,0.14868,0.13087,5-6 hours,"LKR 9,000 - 12,000"
1,0.04,0.09594,0.04215,4-5 hours,"LKR 7,000 - 9,000"
2,0.1,0.32859,0.11029,5-6 hours,"LKR 9,000 - 12,000"
0,0.08,0.13018,0.17511,5-6 hours,"LKR 9,000 - 12,000"
2,0.1,0.27762,0.1747,5-6 hours,"LKR 9,000 - 12,000"
1,0.04,0.12908,0.04022,4-5 hours,"LKR 7,000 - 9,000"
2,0.1,0.17655,0.21069,5-6 hours,"LKR 9,000 - 12,000"
0,0.08,0.20551,0.15897,5-6 hours,"LKR 9,000 - 12,000"
0,0.08,0.20184,0.09121,5-6 hours,"LKR 9,000 - 12,000"
1,0.04,0.12727,0.0708,4-5 hours,"LKR 7,000 - 9,000"
0,0.08,0.15227,0.10783,5-6 hours,"LKR 9,000 - 12,000"
0,0.08,0.21981,0.08028,5-6 hours,"LKR 9,000 - 12,000"
2,0.1,0.17645,0.1002,5-6 hours,"LKR 9,000 - 12,000"
0,0.08,0.13118,0.1731,5-6 hours,"LKR 9,000 - 12,000"
1,0.04,0.09766,0.05494,4-5 hours,"LKR 7,000 - 9,000"
1,0.04,0.10512,0.07898,4-5 hours,"LKR 7,000 - 9,000"
2,0.1,0.24139,0.20675,6-7 hours,"LKR 12,000 - 15,000"
1,0.04,0.06725,0.07827,4-5 hours,"LKR 7,000 - 9,000"
1,0.04,0.11637,0.07129,4-5 hours,"LKR 7,000 - 9,000"
2,0.1,0.29299,0.19349,5-6 hours,"LKR 9,000 - 12,000"
1,0.04,0.0682,0.09439,4-5 hours,"LKR 7,000 - 9,000"
1,0.04,0.13155,0.06473,4-5 hours,"LKR 7,000 - 9,000"
1,0.04,0.10274,0.04115,4-5 hours,"LKR 7,000 - 9,000"
2,0.05637,0.15262,0.09881,5-6 hours,"LKR 9,000 - 12,000"
0,0.05079,0.12126,0.06086,6-7 hours,"LKR 12,000 - 15,000"
0,0.08,0.15461,0.15467,5-6 hours,"LKR 9,000 - 12,000"
0,0.06815,0.23725,0.15412,5-6 hours,"LKR 9,000 - 12,000"
0,0.08,0.14967,0.13595,5-6 hours,"LKR 9,000 - 12,000"
2,0.1,0.25082,0.20302,5-6 hours,"LKR 9,000 - 12,000"
0,0.08,0.22626,0.17748,5-6 hours,"LKR 9,000 - 12,000"
0,0.08,0.23136,0.16448,5-6 hours,"LKR 9,000 - 12,000"
1,0.04,0.08879,0.07762,4-5 hours,"LKR 7,000 - 9,000"
1,0.04,0.11923,0.08158,4-5 hours,"LKR 7,000 - 9,000"
2,0.1,0.31381,0.10717,5-6 hours,"LKR 9,000 - 12,000"
2,0.1,0.16493,0.18969,5-6 hours,"LKR 9,000 - 12,000"
0,0.08,0.1795,0.09055,5-6 hours,"LKR 9,000 - 12,000"
2,0.1,0.27631,0.14884,6-7 hours,"LKR 12,000 - 15,000"
0,0.08,0.2738,0.13301,5-6 hours,"LKR 9,000 - 12,000"
1,0.04,0.1273,0.08369,4-5 hours,"LKR 7,000 - 9,000"
0,0.08,0.21455,0.16788,5-6 hours,"LKR 9,000 - 12,000"
0,0.05489,0.13849,0.07099,5-6 hours,"LKR 9,000 - 12,000"
0,0.01953,0.03651,0.02111,3-4 hours,"LKR 5,000 - 7,000"
1,0.04,0.06529,0.0629,4-5 hours,"LKR 7,000 - 9,000"
2,0.1,0.34544,0.18109,5-6 hours,"LKR 9,000 - 12,000"
0,0.05748,0.17312,0.07423,5-6 hours,"LKR 9,000 - 12,000"
2,0.1,0.25297,0.21975,5-6 hours,"LKR 9,000 - 12,000"
0,0.08,0.25877,0.13641,5-6 hours,"LKR 9,000 - 12,000"
2,0.03691,0.06849,0.06863,5-6 hours,"LKR 9,000 - 12,000"
1,0.04,0.0657,0.09566,4-5 hours,"LKR 7,000 - 9,000"
0,0.08,0.25484,0.09041,5-6 hours,"LKR 9,000 - 12,000"
2,0.1,0.33381,0.10984,5-6 hours,"LKR 9,000 - 12,000"
1,0.02976,0.08365,0.06736,3-4 hours,"LKR 5,000 - 7,000"
0,0.08,0.20531,0.17285,5-6 hours,"LKR 9,000 - 12,000"
0,0.08,0.26868,0.1675,5-6 hours,"LKR 9,000 - 12,000"
1,0.04,0.11533,0.08205,4-5 hours,"LKR 7,000 - 9,000"
0,0.08,0.21413,0.08649,5-6 hours,"LKR 9,000 - 12,000"
1,0.04,0.12285,0.08664,4-5 hours,"LKR 7,000 - 9,000"
2,0.1,0.20989,0.24571,5-6 hours,"LKR 9,000 - 12,000"
0,0.08,0.16591,0.10698,5-6 hours,"LKR 9,000 - 12,000"
0,0.08,0.27912,0.15034,5-6 hours,"LKR 9,000 - 12,000"
0,0.01771,0.04804,0.02019,4-5 hours,"LKR 7,000 - 9,000"
1,0.04,0.11968,0.06886,4-5 hours,"LKR 7,000 - 9,000"
1,0.02363,0.04781,0.04623,3-4 hours,"LKR 5,000 - 7,000"
1,0.04,0.09706,0.04382,4-5 hours,"LKR 7,000 - 9,000"
0,0.08,0.26346,0.11979,5-6 hours,"LKR 9,000 - 12,000"
0,0.08,0.24144,0.10389,5-6 hours,"LKR 9,000 - 12,000"
1,0.04,0.08521,0.06178,4-5 hours,"LKR 7,000 - 9,000"
2,0.1,0.31009,0.1764,5-6 hours,"LKR 9,000 - 12,000"
0,0.08,0.25208,0.12329,5-6 hours,"LKR 9,000 - 12,000"
0,0.08,0.20296,0.19969,5-6 hours,"LKR 9,000 - 12,000"
1,0.04,0.0683,0.06003,4-5 hours,"LKR 7,000 - 9,000"
2,0.1,0.26812,0.17639,5-6 hours,"LKR 9,000 - 12,000"
0,0.02187,0.06942,0.05289,4-5 hours,"LKR 7,000 - 9,000"
1,0.04,0.1354,0.06939,4-5 hours,"LKR 7,000 - 9,000"
0,0.08,0.15854,0.17292,5-6 hours,"LKR 9,000 - 12,000"
1,0.02389,0.07454,0.03898,3-4 hours,"LKR 5,000 - 7,000"
0,0.08,0.13854,0.19061,5-6 hours,"LKR 9,000 - 12,000"
2,0.1,0.31703,0.13554,5-6 hours,"LKR 9,000 - 12,000"
0,0.08,0.1294,0.13025,5-6 hours,"LKR 9,000 - 12,000"
0,0.08,0.26376,0.13936,5-6 hours,"LKR 9,000 - 12,000"
0,0.08,0.12863,0.11071,5-6 hours,"LKR 9,000 - 12,000"
1,0.04,0.11249,0.06006,4-5 hours,"LKR 7,000 - 9,000"
1,0.04,0.1319,0.04851,4-5 hours,"LKR 7,000 - 9,000"
1,0.04,0.11671,0.06907,4-5 hours,"LKR 7,000 - 9,000"
0,0.08,0.21459,0.18871,5-6 hours,"LKR 9,000 - 12,000"
1,0.04,0.09456,0.09125,4-5 hours,"LKR 7,000 - 9,000"
1,0.03818,0.0627,0.07677,4-5 hours,"LKR 7,000 - 9,000"
0,0.07662,0.1648,0.16346,5-6 hours,"LKR 9,000 - 12,000"
1,0.04,0.09825,0.08552,4-5 hours,"LKR 7,000 - 9,000"
1,0.04,0.11222,0.0549,4-5 hours,"LKR 7,000 - 9,000"
0,0.07073,0.15933,0.12404,5-6 hours,"LKR 9,000 - 12,000"
1,0.04,0.13715,0.08058,4-5 hours,"LKR 7,000 - 9,000"
0,0.08,0.1334,0.12763,5-6 hours,"LKR 9,000 - 12,000"
1,0.04,0.11675,0.07785,4-5 hours,"LKR 7,000 - 9,000"
1,0.04,0.12748,0.05704,4-5 hours,"LKR 7,000 - 9,000"
0,0.07662,0.14306,0.07989,5-6 hours,"LKR 9,000 - 12,000"
0,0.08,0.13542,0.13684,5-6 hours,"LKR 9,000 - 12,000"
0,0.08,0.18876,0.09016,5-6 hours,"LKR 9,000 - 12,000"
1,0.04,0.06817,0.07489,5-6 hours,"LKR 9,000 - 12,000"
0,0.08,0.14366,0.19804,5-6 hours,"LKR 9,000 - 12,000"
0,0.08,0.12348,0.17089,5-6 hours,"LKR 9,000 - 12,000"
0,0.08,0.15868,0.16482,5-6 hours,"LKR 9,000 - 12,000"
2,0.1,0.15776,0.10163,5-6 hours,"LKR 9,000 - 12,000"
0,0.08,0.13804,0.1763,5-6 hours,"LKR 9,000 - 12,000"
1,0.04,0.09466,0.0792,4-5 hours,"LKR 7,000 - 9,000"
0,0.08,0.2401,0.12393,5-6 hours,"LKR 9,000 - 12,000"
0,0.08,0.19136,0.16786,6-7 hours,"LKR 12,000 - 15,000"
1,0.04,0.12847,0.08847,4-5 hours,"LKR 7,000 - 9,000"
0,0.08,0.12216,0.17149,5-6 hours,"LKR 9,000 - 12,000"
0,0.03768,0.09143,0.08476,4-5 hours,"LKR 7,000 - 9,000"
0,0.08,0.2595,0.1072,5-6 hours,"LKR 9,000 - 12,000"
1,0.04,0.1316,0.07714,4-5 hours,"LKR 7,000 - 9,000"
1,0.04,0.07863,0.09801,4-5 hours,"LKR 7,000 - 9,000"
2,0.03273,0.08281,0.0415,5-6 hours,"LKR 9,000 - 12,000"
0,0.08,0.22106,0.08634,5-6 hours,"LKR 9,000 - 12,000"
1,0.04,0.0929,0.08027,4-5 hours,"LKR 7,000 - 9,000"
0,0.08,0.2685,0.16973,5-6 hours,"LKR 9,000 - 12,000"
1,0.04,0.1293,0.0674,4-5 hours,"LKR 7,000 - 9,000"
0,0.06575,0.21868,0.10808,5-6 hours,"LKR 9,000 - 12,000"
1,0.04,0.10927,0.06528,4-5 hours,"LKR 7,000 - 9,000"
1,0.04,0.11837,0.06562,4-5 hours,"LKR 7,000 - 9,000"
1,0.00981,0.01988,0.01408,2-3 hours,"LKR 3,000 - 5,000"
2,0.1,0.17275,0.11931,5-6 hours,"LKR 9,000 - 12,000"
1,0.04,0.11712,0.05666,4-5 hours,"LKR 7,000 - 9,000"
0,0.08,0.14065,0.13891,5-6 hours,"LKR 9,000 - 12,000"
0,0.08,0.27697,0.08583,6-7 hours,"LKR 12,000 - 15,000"
1,0.03818,0.12129,0.08059,4-5 hours,"LKR 7,000 - 9,000"
2,0.1,0.29913,0.1141,6-7 hours,"LKR 12,000 - 15,000"
2,0.1,0.23534,0.18496,6-7 hours,"LKR 12,000 - 15,000"
1,0.04,0.12541,0.06388,4-5 hours,"LKR 7,000 - 9,000"
0,0.08,0.27403,0.08758,5-6 hours,"LKR 9,000 - 12,000"
0,0.08,0.23177,0.15683,5-6 hours,"LKR 9,000 - 12,000"
0,0.08,0.26387,0.16364,5-6 hours,"LKR 9,000 - 12,000"
1,0.04,0.10057,0.08828,4-5 hours,"LKR 7,000 - 9,000"
1,0.04,0.12736,0.06785,4-5 hours,"LKR 7,000 - 9,000"
0,0.08,0.16122,0.18748,5-6 hours,"LKR 9,000 - 12,000"
0,0.08,0.19979,0.1067,5-6 hours,"LKR 9,000 - 12,000"
0,0.08,0.21208,0.15146,5-6 hours,"LKR 9,000 - 12,000"
1,0.04,0.09237,0.06367,4-5 hours,"LKR 7,000 - 9,000"
1,0.04,0.07677,0.09705,4-5 hours,"LKR 7,000 - 9,000"
0,0.08,0.26855,0.15465,5-6 hours,"LKR 9,000 - 12,000"
0,0.08,0.17166,0.18399,5-6 hours,"LKR 9,000 - 12,000"
0,0.08,0.17037,0.08183,5-6 hours,"LKR 9,000 - 12,000"
1,0.02733,0.08104,0.051,3-4 hours,"LKR 5,000 - 7,000"
1,0.04,0.07748,0.08403,4-5 hours,"LKR 7,000 - 9,000"
0,0.08,0.24344,0.18844,6-7 hours,"LKR 12,000 - 15,000"
1,0.04,0.09142,0.05408,4-5 hours,"LKR 7,000 - 9,000"
0,0.08,0.14913,0.166,5-6 hours,"LKR 9,000 - 12,000"
0,0.08,0.15385,0.13227,5-6 hours,"LKR 9,000 - 12,000"
0,0.08,0.2365,0.18341,5-6 hours,"LKR 9,000 - 12,000"
1,0.03179,0.0912,0.07923,4-5 hours,"LKR 7,000 - 9,000"
1,0.04,0.09674,0.04233,4-5 hours,"LKR 7,000 - 9,000"
0,0.08,0.17688,0.13877,5-6 hours,"LKR 9,000 - 12,000"
0,0.08,0.17727,0.08739,5-6 hours,"LKR 9,000 - 12,000"
1,0.04,0.13044,0.04646,4-5 hours,"LKR 7,000 - 9,000"
1,0.04,0.11118,0.04845,4-5 hours,"LKR 7,000 - 9,000"
1,0.04,0.11606,0.04064,4-5 hours,"LKR 7,000 - 9,000"
2,0.1,0.32682,0.15438,5-6 hours,"LKR 9,000 - 12,000"
0,0.08,0.16233,0.19995,5-6 hours,"LKR 9,000 - 12,000"
1,0.04,0.11978,0.07436,4-5 hours,"LKR 7,000 - 9,000"
1,0.04,0.1317,0.05604,4-5 hours,"LKR 7,000 - 9,000"
0,0.08,0.14443,0.12603,5-6 hours,"LKR 9,000 - 12,000"
0,0.08,0.23556,0.1747,5-6 hours,"LKR 9,000 - 12,000"
0,0.05236,0.08284,0.1146,5-6 hours,"LKR 9,000 - 12,000"
0,0.08,0.13768,0.19742,5-6 hours,"LKR 9,000 - 12,000"
0,0.08,0.19789,0.18042,5-6 hours,"LKR 9,000 - 12,000"
0,0.08,0.14653,0.08797,5-6 hours,"LKR 9,000 - 12,000"
1,0.03711,0.05788,0.05587,4-5 hours,"LKR 7,000 - 9,000"
2,0.1,0.18078,0.17531,5-6 hours,"LKR 9,000 - 12,000"
1,0.03861,0.07162,0.0865,4-5 hours,"LKR 7,000 - 9,000"
2,0.1,0.25151,0.16802,6-7 hours,"LKR 12,000 - 15,000"
0,0.08,0.17257,0.15506,5-6 hours,"LKR 9,000 - 12,000"
0,0.08,0.27242,0.19351,5-6 hours,"LKR 9,000 - 12,000"
0,0.08,0.21691,0.14952,5-6 hours,"LKR 9,000 - 12,000"
1,0.04,0.11259,0.09459,4-5 hours,"LKR 7,000 - 9,000"
1,0.04,0.13394,0.06849,4-5 hours,"LKR 7,000 - 9,000"
1,0.04,0.11888,0.07739,4-5 hours,"LKR 7,000 - 9,000"
1,0.04,0.06395,0.04308,4-5 hours,"LKR 7,000 - 9,000"
0,0.08,0.24213,0.09681,5-6 hours,"LKR 9,000 - 12,000"
0,0.07817,0.12642,0.18497,5-6 hours,"LKR 9,000 - 12,000"
1,0.04,0.1171,0.0798,4-5 hours,"LKR 7,000 - 9,000"
0,0.08,0.25164,0.15172,5-6 hours,"LKR 9,000 - 12,000"
2,0.01777,0.03192,0.02654,4-5 hours,"LKR 7,000 - 9,000"
1,0.02974,0.04747,0.06915,3-4 hours,"LKR 5,000 - 7,000"
0,0.05124,0.09995,0.11405,5-6 hours,"LKR 9,000 - 12,000"
1,0.04,0.13254,0.07979,4-5 hours,"LKR 7,000 - 9,000"
0,0.08,0.19962,0.12495,6-7 hours,"LKR 12,000 - 15,000"
1,0.04,0.11795,0.05476,4-5 hours,"LKR 7,000 - 9,000"
1,0.04,0.13416,0.09925,4-5 hours,"LKR 7,000 - 9,000"
1,0.04,0.06547,0.0531,4-5 hours,"LKR 7,000 - 9,000"
0,0.08,0.24278,0.10435,5-6 hours,"LKR 9,000 - 12,000"
0,0.08,0.27807,0.19152,5-6 hours,"LKR 9,000 - 12,000"
0,0.08,0.22102,0.12654,6-7 hours,"LKR 12,000 - 15,000"
1,0.04,0.1011,0.05678,4-5 hours,"LKR 7,000 - 9,000"
0,0.08,0.22246,0.16328,5-6 hours,"LKR 9,000 - 12,000"
0,0.08,0.17417,0.15101,5-6 hours,"LKR 9,000 - 12,000"
0,0.08,0.24935,0.11236,5-6 hours,"LKR 9,000 - 12,000"
1,0.04,0.13548,0.06904,4-5 hours,"LKR 7,000 - 9,000"
1,0.04,0.12298,0.08599,4-5 hours,"LKR 7,000 - 9,000"
0,0.08,0.20614,0.12544,5-6 hours,"LKR 9,000 - 12,000"
0,0.08,0.18824,0.13024,5-6 hours,"LKR 9,000 - 12,000"
1,0.04,0.11961,0.06407,4-5 hours,"LKR 7,000 - 9,000"
0,0.08,0.20151,0.09651,5-6 hours,"LKR 9,000 - 12,000"
1,0.04,0.08595,0.05637,4-5 hours,"LKR 7,000 - 9,000"
0,0.08,0.20664,0.19659,5-6 hours,"LKR 9,000 - 12,000"
0,0.08,0.22529,0.09398,5-6 hours,"LKR 9,000 - 12,000"
1,0.04,0.0989,0.04337,4-5 hours,"LKR 7,000 - 9,000"
1,0.04,0.06007,0.06126,5-6 hours,"LKR 9,000 - 12,000"
0,0.02037,0.03553,0.04816,4-5 hours,"LKR 7,000 - 9,000"
2,0.03947,0.07333,0.08951,6-7 hours,"LKR 12,000 - 15,000"
1,0.04,0.09521,0.04276,5-6 hours,"LKR 9,000 - 12,000"
1,0.04,0.10932,0.09312,4-5 hours,"LKR 7,000 - 9,000"
0,0.06394,0.17622,0.13365,5-6 hours,"LKR 9,000 - 12,000"
1,0.04,0.07307,0.09785,4-5 hours,"LKR 7,000 - 9,000"
0,0.08,0.27485,0.16755,5-6 hours,"LKR 9,000 - 12,000"
2,0.1,0.18853,0.13414,5-6 hours,"LKR 9,000 - 12,000"
1,0.04,0.1037,0.0564,4-5 hours,"LKR 7,000 - 9,000"
0,0.07726,0.25795,0.11911,5-6 hours,"LKR 9,000 - 12,000"
2,0.1,0.26093,0.2036,5-6 hours,"LKR 9,000 - 12,000"
0,0.07908,0.24053,0.16148,6-7 hours,"LKR 12,000 - 15,000"
0,0.08,0.1366,0.15944,5-6 hours,"LKR 9,000 - 12,000"
1,0.04,0.08733,0.06552,4-5 hours,"LKR 7,000 - 9,000"
0,0.08,0.17274,0.18266,5-6 hours,"LKR 9,000 - 12,000"
0,0.08,0.26672,0.10717,5-6 hours,"LKR 9,000 - 12,000"
0,0.08,0.20816,0.09687,5-6 hours,"LKR 9,000 - 12,000"
0,0.08,0.26729,0.15348,5-6 hours,"LKR 9,000 - 12,000"
2,0.1,0.24224,0.12671,5-6 hours,"LKR 9,000 - 12,000"
2,0.1,0.16492,0.11925,5-6 hours,"LKR 9,000 - 12,000"
0,0.08,0.16023,0.18799,6-7 hours,"LKR 12,000 - 15,000"
2,0.1,0.25844,0.15259,5-6 hours,"LKR 9,000 - 12,000"
1,0.04,0.06256,0.06049,4-5 hours,"LKR 7,000 - 9,000"
1,0.04,0.06791,0.06654,4-5 hours,"LKR 7,000 - 9,000"
0,0.08,0.24679,0.18898,5-6 hours,"LKR 9,000 - 12,000"
1,0.04,0.08353,0.06465,4-5 hours,"LKR 7,000 - 9,000"
2,0.1,0.15803,0.23176,5-6 hours,"LKR 9,000 - 12,000"
1,0.03623,0.06262,0.06297,4-5 hours,"LKR 7,000 - 9,000"
0,0.08,0.22716,0.16142,5-6 hours,"LKR 9,000 - 12,000"
2,0.09684,0.26323,0.23434,5-6 hours,"LKR 9,000 - 12,000"
0,0.08,0.13838,0.09763,5-6 hours,"LKR 9,000 - 12,000"
1,0.04,0.13734,0.0478,4-5 hours,"LKR 7,000 - 9,000"
0,0.08,0.19591,0.1577,5-6 hours,"LKR 9,000 - 12,000"
0,0.08,0.15065,0.09464,5-6 hours,"LKR 9,000 - 12,000"
0,0.08,0.12531,0.1915,5-6 hours,"LKR 9,000 - 12,000"
0,0.06622,0.13964,0.15802,5-6 hours,"LKR 9,000 - 12,000"
0,0.08,0.2709,0.11977,5-6 hours,"LKR 9,000 - 12,000"
0,0.08,0.15459,0.11296,6-7 hours,"LKR 12,000 - 15,000"
0,0.08,0.12238,0.15026,5-6 hours,"LKR 9,000 - 12,000"
1,0.04,0.09251,0.04222,4-5 hours,"LKR 7,000 - 9,000"
1,0.03181,0.06712,0.03474,4-5 hours,"LKR 7,000 - 9,000"
0,0.08,0.17136,0.1497,5-6 hours,"LKR 9,000 - 12,000"
0,0.08,0.25407,0.17516,5-6 hours,"LKR 9,000 - 12,000"
0,0.08,0.24423,0.14174,5-6 hours,"LKR 9,000 - 12,000"
1,0.02557,0.04214,0.04286,3-4 hours,"LKR 5,000 - 7,000"
0,0.08,0.2121,0.12224,5-6 hours,"LKR 9,000 - 12,000"
1,0.04,0.11699,0.05482,4-5 hours,"LKR 7,000 - 9,000"
0,0.05583,0.18749,0.12172,5-6 hours,"LKR 9,000 - 12,000"
0,0.08,0.14808,0.13858,5-6 hours,"LKR 9,000 - 12,000"
1,0.03412,0.06325,0.03478,4-5 hours,"LKR 7,000 - 9,000"
1,0.04,0.10915,0.04718,4-5 hours,"LKR 7,000 - 9,000"
2,0.1,0.33,0.23719,5-6 hours,"LKR 9,000 - 12,000"
1,0.04,0.10867,0.06811,4-5 hours,"LKR 7,000 - 9,000"
0,0.08,0.22659,0.19445,5-6 hours,"LKR 9,000 - 12,000"
1,0.04,0.10507,0.08397,5-6 hours,"LKR 9,000 - 12,000"
1,0.04,0.13934,0.05789,4-5 hours,"LKR 7,000 - 9,000"
0,0.08,0.16393,0.15543,6-7 hours,"LKR 12,000 - 15,000"
0,0.07397,0.25794,0.12232,5-6 hours,"LKR 9,000 - 12,000"
0,0.08,0.19819,0.12048,5-6 hours,"LKR 9,000 - 12,000"
0,0.08,0.1768,0.13381,5-6 hours,"LKR 9,000 - 12,000"
0,0.08,0.21625,0.10373,5-6 hours,"LKR 9,000 - 12,000"
1,0.04,0.12239,0.08765,4-5 hours,"LKR 7,000 - 9,000"
2,0.1,0.28787,0.12984,5-6 hours,"LKR 9,000 - 12,000"
0,0.08,0.23608,0.18174,5-6 hours,"LKR 9,000 - 12,000"
1,0.04,0.13169,0.04519,5-6 hours,"LKR 9,000 - 12,000"
2,0.1,0.16953,0.22191,5-6 hours,"LKR 9,000 - 12,000"
0,0.08,0.27077,0.08903,5-6 hours,"LKR 9,000 - 12,000"
0,0.08,0.21715,0.13045,5-6 hours,"LKR 9,000 - 12,000"
2,0.1,0.27398,0.22914,5-6 hours,"LKR 9,000 - 12,000"
0,0.08,0.17415,0.13393,5-6 hours,"LKR 9,000 - 12,000"
2,0.1,0.2561,0.20819,5-6 hours,"LKR 9,000 - 12,000"
1,0.04,0.12299,0.08317,4-5 hours,"LKR 7,000 - 9,000"
1,0.04,0.13246,0.08112,4-5 hours,"LKR 7,000 - 9,000"
0,0.08,0.17912,0.16681,5-6 hours,"LKR 9,000 - 12,000"
1,0.04,0.11088,0.04961,4-5 hours,"LKR 7,000 - 9,000"
1,0.04,0.08745,0.08346,4-5 hours,"LKR 7,000 - 9,000"
0,0.08,0.17317,0.18545,5-6 hours,"LKR 9,000 - 12,000"
0,0.08,0.12428,0.10134,5-6 hours,"LKR 9,000 - 12,000"
1,0.04,0.09642,0.07577,4-5 hours,"LKR 7,000 - 9,000"
1,0.01825,0.02787,0.03473,3-4 hours,"LKR 5,000 - 7,000"
0,0.08,0.2774,0.09216,5-6 hours,"LKR 9,000 - 12,000"
0,0.08,0.20933,0.12553,5-6 hours,"LKR 9,000 - 12,000"
2,0.1,0.21914,0.13247,5-6 hours,"LKR 9,000 - 12,000"
2,0.1,0.312,0.13831,5-6 hours,"LKR 9,000 - 12,000"
0,0.08,0.17254,0.11057,5-6 hours,"LKR 9,000 - 12,000"
1,0.04,0.1111,0.07561,5-6 hours,"LKR 9,000 - 12,000"
2,0.1,0.15087,0.24236,6-7 hours,"LKR 12,000 - 15,000"
0,0.08,0.22421,0.169,5-6 hours,"LKR 9,000 - 12,000"
1,0.04,0.06389,0.09802,4-5 hours,"LKR 7,000 - 9,000"
0,0.08,0.22709,0.1736,5-6 hours,"LKR 9,000 - 12,000"
0,0.08,0.23016,0.17769,5-6 hours,"LKR 9,000 - 12,000"
0,0.08,0.17254,0.11367,5-6 hours,"LKR 9,000 - 12,000"
2,0.1,0.18341,0.17019,5-6 hours,"LKR 9,000 - 12,000"
0,0.04815,0.08063,0.1131,4-5 hours,"LKR 7,000 - 9,000"
0,0.08,0.12475,0.11308,5-6 hours,"LKR 9,000 - 12,000"
1,0.04,0.09964,0.0421,4-5 hours,"LKR 7,000 - 9,000"
2,0.1,0.1607,0.19156,5-6 hours,"LKR 9,000 - 12,000"
0,0.08,0.25194,0.12243,5-6 hours,"LKR 9,000 - 12,000"
0,0.08,0.24705,0.12131,5-6 hours,"LKR 9,000 - 12,000"
0,0.08,0.20427,0.12811,5-6 hours,"LKR 9,000 - 12,000"
0,0.08,0.18707,0.11761,6-7 hours,"LKR 12,000 - 15,000"
0,0.08,0.18375,0.17593,5-6 hours,"LKR 9,000 - 12,000"
0,0.04397,0.08174,0.07151,5-6 hours,"LKR 9,000 - 12,000"
0,0.0116,0.03733,0.01928,3-4 hours,"LKR 5,000 - 7,000"
1,0.04,0.12818,0.04808,4-5 hours,"LKR 7,000 - 9,000"
2,0.1,0.31227,0.24114,5-6 hours,"LKR 9,000 - 12,000"
2,0.08724,0.22804,0.16304,5-6 hours,"LKR 9,000 - 12,000"
0,0.08,0.24598,0.10996,5-6 hours,"LKR 9,000 - 12,000"
1,0.04,0.13629,0.04638,4-5 hours,"LKR 7,000 - 9,000"
1,0.04,0.08257,0.06139,4-5 hours,"LKR 7,000 - 9,000"
1,0.04,0.07528,0.05854,4-5 hours,"LKR 7,000 - 9,000"
1,0.04,0.08573,0.09968,4-5 hours,"LKR 7,000 - 9,000"
1,0.04,0.10778,0.07038,4-5 hours,"LKR 7,000 - 9,000"
0,0.08,0.19164,0.15265,6-7 hours,"LKR 12,000 - 15,000"
0,0.08,0.25591,0.10303,5-6 hours,"LKR 9,000 - 12,000"
1,0.04,0.13799,0.07147,5-6 hours,"LKR 9,000 - 12,000"
0,0.08,0.23356,0.12101,5-6 hours,"LKR 9,000 - 12,000"
2,0.1,0.30675,0.1077,5-6 hours,"LKR 9,000 - 12,000"
2,0.1,0.20677,0.22152,5-6 hours,"LKR 9,000 - 12,000"
1,0.04,0.12125,0.08769,4-5 hours,"LKR 7,000 - 9,000"
2,0.1,0.2325,0.13171,5-6 hours,"LKR 9,000 - 12,000"
0,0.08,0.24083,0.16329,5-6 hours,"LKR 9,000 - 12,000"
0,0.08,0.27443,0.19982,6-7 hours,"LKR 12,000 - 15,000"
1,0.00632,0.01526,0.01013,2-3 hours,"LKR 3,000 - 5,000"
0,0.08,0.20321,0.18086,5-6 hours,"LKR 9,000 - 12,000"
1,0.04,0.12787,0.0474,4-5 hours,"LKR 7,000 - 9,000"
1,0.04,0.11201,0.04641,4-5 hours,"LKR 7,000 - 9,000"
2,0.1,0.30602,0.23521,5-6 hours,"LKR 9,000 - 12,000"
1,0.04,0.0899,0.05217,4-5 hours,"LKR 7,000 - 9,000"
2,0.09822,0.32192,0.18721,5-6 hours,"LKR 9,000 - 12,000"
1,0.04,0.13441,0.09838,4-5 hours,"LKR 7,000 - 9,000"
2,0.1,0.22252,0.15159,5-6 hours,"LKR 9,000 - 12,000"
0,0.08,0.16563,0.1633,5-6 hours,"LKR 9,000 - 12,000"
1,0.04,0.12767,0.05586,4-5 hours,"LKR 7,000 - 9,000"
1,0.04,0.09829,0.05166,4-5 hours,"LKR 7,000 - 9,000"
0,0.08,0.14691,0.15151,5-6 hours,"LKR 9,000 - 12,000"
0,0.08,0.25299,0.12164,5-6 hours,"LKR 9,000 - 12,000"
1,0.04,0.12478,0.07812,4-5 hours,"LKR 7,000 - 9,000"
0,0.08,0.25228,0.19042,5-6 hours,"LKR 9,000 - 12,000"
0,0.08,0.24968,0.13535,5-6 hours,"LKR 9,000 - 12,000"
1,0.04,0.0837,0.08377,5-6 hours,"LKR 9,000 - 12,000"
1,0.04,0.09536,0.06872,4-5 hours,"LKR 7,000 - 9,000"
0,0.08,0.25812,0.19518,5-6 hours,"LKR 9,000 - 12,000"
1,0.04,0.08832,0.08707,4-5 hours,"LKR 7,000 - 9,000"
0,0.08,0.27647,0.1873,5-6 hours,"LKR 9,000 - 12,000"
1,0.04,0.11026,0.05363,4-5 hours,"LKR 7,000 - 9,000"
0,0.08,0.26943,0.09742,5-6 hours,"LKR 9,000 - 12,000"
0,0.08,0.26123,0.12346,5-6 hours,"LKR 9,000 - 12,000"
1,0.04,0.07773,0.05504,5-6 hours,"LKR 9,000 - 12,000"
1,0.04,0.0963,0.04525,4-5 hours,"LKR 7,000 - 9,000"
1,0.04,0.09006,0.04234,4-5 hours,"LKR 7,000 - 9,000"
0,0.08,0.16045,0.1751,5-6 hours,"LKR 9,000 - 12,000"
0,0.08,0.18985,0.1379,5-6 hours,"LKR 9,000 - 12,000"
0,0.08,0.26005,0.14782,5-6 hours,"LKR 9,000 - 12,000"
0,0.08,0.20625,0.1275,5-6 hours,"LKR 9,000 - 12,000"
0,0.04343,0.12544,0.07692,4-5 hours,"LKR 7,000 - 9,000"
0,0.08,0.24522,0.15965,5-6 hours,"LKR 9,000 - 12,000"
0,0.08,0.24645,0.19614,5-6 hours,"LKR 9,000 - 12,000"
0,0.08,0.16935,0.17033,5-6 hours,"LKR 9,000 - 12,000"
0,0.07676,0.1398,0.09736,5-6 hours,"LKR 9,000 - 12,000"
1,0.0211,0.03718,0.02573,3-4 hours,"LKR 5,000 - 7,000"
1,0.04,0.07691,0.06962,4-5 hours,"LKR 7,000 - 9,000"
1,0.04,0.11254,0.0858,4-5 hours,"LKR 7,000 - 9,000"
0,0.08,0.26196,0.11712,5-6 hours,"LKR 9,000 - 12,000"
0,0.08,0.24485,0.1144,5-6 hours,"LKR 9,000 - 12,000"
1,0.04,0.10882,0.06981,4-5 hours,"LKR 7,000 - 9,000"
0,0.08,0.15821,0.14593,5-6 hours,"LKR 9,000 - 12,000"
2,0.1,0.33309,0.13177,5-6 hours,"LKR 9,000 - 12,000"
1,0.04,0.08753,0.09585,4-5 hours,"LKR 7,000 - 9,000"
1,0.0301,0.06769,0.0691,4-5 hours,"LKR 7,000 - 9,000"
0,0.08,0.23069,0.08843,5-6 hours,"LKR 9,000 - 12,000"
2,0.1,0.20826,0.2387,5-6 hours,"LKR 9,000 - 12,000"
0,0.07792,0.19713,0.14042,5-6 hours,"LKR 9,000 - 12,000"
0,0.08,0.27279,0.18971,5-6 hours,"LKR 9,000 - 12,000"
1,0.02217,0.06983,0.03371,3-4 hours,"LKR 5,000 - 7,000"
1,0.04,0.07304,0.0554,5-6 hours,"LKR 9,000 - 12,000"
2,0.1,0.32752,0.22473,5-6 hours,"LKR 9,000 - 12,000"
1,0.04,0.11148,0.05496,5-6 hours,"LKR 9,000 - 12,000"
0,0.08,0.23145,0.16836,5-6 hours,"LKR 9,000 - 12,000"
1,0.04,0.07435,0.04213,4-5 hours,"LKR 7,000 - 9,000"
0,0.05104,0.08161,0.07181,5-6 hours,"LKR 9,000 - 12,000"
0,0.08,0.17945,0.08026,5-6 hours,"LKR 9,000 - 12,000"
0,0.08,0.24723,0.19203,6-7 hours,"LKR 12,000 - 15,000"
2,0.1,0.34086,0.18314,5-6 hours,"LKR 9,000 - 12,000"
0,0.07165,0.14762,0.13536,5-6 hours,"LKR 9,000 - 12,000"
2,0.1,0.16817,0.17278,5-6 hours,"LKR 9,000 - 12,000"
2,0.05975,0.10196,0.09572,5-6 hours,"LKR 9,000 - 12,000"
0,0.08,0.23541,0.14813,5-6 hours,"LKR 9,000 - 12,000"
1,0.04,0.06756,0.08265,4-5 hours,"LKR 7,000 - 9,000"
0,0.08,0.15015,0.09438,5-6 hours,"LKR 9,000 - 12,000"
0,0.08,0.22832,0.19478,5-6 hours,"LKR 9,000 - 12,000"
1,0.04,0.11387,0.05624,5-6 hours,"LKR 9,000 - 12,000"
0,0.02028,0.04424,0.04442,4-5 hours,"LKR 7,000 - 9,000"
1,0.04,0.10669,0.09949,4-5 hours,"LKR 7,000 - 9,000"
1,0.04,0.09196,0.05165,4-5 hours,"LKR 7,000 - 9,000"
0,0.08,0.2309,0.10913,5-6 hours,"LKR 9,000 - 12,000"
1,0.04,0.13707,0.06157,4-5 hours,"LKR 7,000 - 9,000"
1,0.04,0.0752,0.06799,4-5 hours,"LKR 7,000 - 9,000"
1,0.04,0.13366,0.08446,4-5 hours,"LKR 7,000 - 9,000"
0,0.08,0.21519,0.18431,5-6 hours,"LKR 9,000 - 12,000"
0,0.08,0.24516,0.17963,5-6 hours,"LKR 9,000 - 12,000"
1,0.04,0.12948,0.06435,4-5 hours,"LKR 7,000 - 9,000"
1,0.04,0.1007,0.09407,4-5 hours,"LKR 7,000 - 9,000"
2,0.1,0.19176,0.13614,5-6 hours,"LKR 9,000 - 12,000"
1,0.04,0.11885,0.09763,4-5 hours,"LKR 7,000 - 9,000"
1,0.04,0.12494,0.05006,4-5 hours,"LKR 7,000 - 9,000"
2,0.1,0.19705,0.12742,5-6 hours,"LKR 9,000 - 12,000"
0,0.08,0.1967,0.08462,6-7 hours,"LKR 12,000 - 15,000"
0,0.08,0.12546,0.10662,5-6 hours,"LKR 9,000 - 12,000"
2,0.1,0.20089,0.24055,5-6 hours,"LKR 9,000 - 12,000"
0,0.08,0.24804,0.14008,5-6 hours,"LKR 9,000 - 12,000"
1,0.04,0.11603,0.04034,5-6 hours,"LKR 9,000 - 12,000"
0,0.08,0.14421,0.11757,5-6 hours,"LKR 9,000 - 12,000"
0,0.08,0.22995,0.12418,5-6 hours,"LKR 9,000 - 12,000"
1,0.04,0.08996,0.05693,4-5 hours,"LKR 7,000 - 9,000"
1,0.04,0.10608,0.0476,5-6 hours,"LKR 9,000 - 12,000"
2,0.1,0.30211,0.19922,5-6 hours,"LKR 9,000 - 12,000"
1,0.04,0.12941,0.05966,4-5 hours,"LKR 7,000 - 9,000"
0,0.06528,0.15761,0.09164,5-6 hours,"LKR 9,000 - 12,000"
0,0.07956,0.12111,0.16221,5-6 hours,"LKR 9,000 - 12,000"
2,0.1,0.24589,0.15789,5-6 hours,"LKR 9,000 - 12,000"
0,0.08,0.12834,0.17951,5-6 hours,"LKR 9,000 - 12,000"
2,0.1,0.26036,0.16931,5-6 hours,"LKR 9,000 - 12,000"
1,0.04,0.07838,0.05937,4-5 hours,"LKR 7,000 - 9,000"
1,0.04,0.12661,0.07134,4-5 hours,"LKR 7,000 - 9,000"
2,0.1,0.15048,0.15274,5-6 hours,"LKR 9,000 - 12,000"
1,0.04,0.08686,0.07554,4-5 hours,"LKR 7,000 - 9,000"
1,0.04,0.12108,0.09378,5-6 hours,"LKR 9,000 - 12,000"
2,0.1,0.18879,0.24474,5-6 hours,"LKR 9,000 - 12,000"
1,0.04,0.13854,0.09105,4-5 hours,"LKR 7,000 - 9,000"
0,0.08,0.26886,0.15301,5-6 hours,"LKR 9,000 - 12,000"
1,0.04,0.08359,0.08147,4-5 hours,"LKR 7,000 - 9,000"
1,0.04,0.0643,0.04913,5-6 hours,"LKR 9,000 - 12,000"
1,0.0174,0.05432,0.01891,3-4 hours,"LKR 5,000 - 7,000"
0,0.08,0.17635,0.17864,5-6 hours,"LKR 9,000 - 12,000"
0,0.08,0.18149,0.14591,5-6 hours,"LKR 9,000 - 12,000"
1,0.03384,0.06819,0.04225,4-5 hours,"LKR 7,000 - 9,000"
0,0.03619,0.12143,0.07738,5-6 hours,"LKR 9,000 - 12,000"
0,0.08,0.24049,0.09626,5-6 hours,"LKR 9,000 - 12,000"
1,0.04,0.09333,0.07646,4-5 hours,"LKR 7,000 - 9,000"
0,0.08,0.21806,0.12555,6-7 hours,"LKR 12,000 - 15,000"
1,0.04,0.06267,0.0493,4-5 hours,"LKR 7,000 - 9,000"
0,0.04735,0.10747,0.09838,4-5 hours,"LKR 7,000 - 9,000"
0,0.08,0.17019,0.12699,5-6 hours,"LKR 9,000 - 12,000"
0,0.08,0.24183,0.18364,6-7 hours,"LKR 12,000 - 15,000"
0,0.06269,0.10477,0.11015,5-6 hours,"LKR 9,000 - 12,000"
1,0.04,0.075,0.0447,4-5 hours,"LKR 7,000 - 9,000"
1,0.04,0.07245,0.05778,4-5 hours,"LKR 7,000 - 9,000"
0,0.08,0.2099,0.09157,6-7 hours,"LKR 12,000 - 15,000"
0,0.08,0.17356,0.14887,5-6 hours,"LKR 9,000 - 12,000"
0,0.08,0.12006,0.10694,5-6 hours,"LKR 9,000 - 12,000"
1,0.03503,0.11161,0.05494,4-5 hours,"LKR 7,000 - 9,000"
0,0.08,0.15138,0.18413,5-6 hours,"LKR 9,000 - 12,000"
0,0.08,0.21411,0.15889,5-6 hours,"LKR 9,000 - 12,000"
2,0.1,0.15515,0.15032,5-6 hours,"LKR 9,000 - 12,000"
0,0.08,0.15856,0.14213,5-6 hours,"LKR 9,000 - 12,000"
0,0.08,0.23531,0.1114,5-6 hours,"LKR 9,000 - 12,000"
0,0.08,0.13246,0.15823,5-6 hours,"LKR 9,000 - 12,000"
1,0.04,0.08779,0.0443,4-5 hours,"LKR 7,000 - 9,000"
1,0.04,0.1175,0.04173,4-5 hours,"LKR 7,000 - 9,000"
2,0.06908,0.17876,0.12635,5-6 hours,"LKR 9,000 - 12,000"
2,0.1,0.17656,0.11244,5-6 hours,"LKR 9,000 - 12,000"
1,0.04,0.13889,0.04676,4-5 hours,"LKR 7,000 - 9,000"
1,0.03811,0.10502,0.04494,4-5 hours,"LKR 7,000 - 9,000"
2,0.1,0.19119,0.19129,5-6 hours,"LKR 9,000 - 12,000"
1,0.04,0.11066,0.05149,4-5 hours,"LKR 7,000 - 9,000"
1,0.04,0.06988,0.07005,4-5 hours,"LKR 7,000 - 9,000"
0,0.08,0.24466,0.09375,5-6 hours,"LKR 9,000 - 12,000"
0,0.08,0.24159,0.1866,5-6 hours,"LKR 9,000 - 12,000"
0,0.08,0.20392,0.18893,5-6 hours,"LKR 9,000 - 12,000"
0,0.08,0.12049,0.18409,5-6 hours,"LKR 9,000 - 12,000"
0,0.08,0.13182,0.14782,5-6 hours,"LKR 9,000 - 12,000"
1,0.04,0.06797,0.08141,4-5 hours,"LKR 7,000 - 9,000"
0,0.06078,0.13959,0.14151,5-6 hours,"LKR 9,000 - 12,000"
0,0.08,0.16709,0.08347,5-6 hours,"LKR 9,000 - 12,000"
1,0.04,0.07131,0.04089,5-6 hours,"LKR 9,000 - 12,000"
2,0.1,0.2275,0.11263,5-6 hours,"LKR 9,000 - 12,000"
1,0.04,0.0738,0.08173,4-5 hours,"LKR 7,000 - 9,000"
2,0.1,0.33762,0.23764,5-6 hours,"LKR 9,000 - 12,000"
0,0.0495,0.15035,0.1166,4-5 hours,"LKR 7,000 - 9,000"
0,0.08,0.21915,0.11379,5-6 hours,"LKR 9,000 - 12,000"
0,0.01896,0.04727,0.03767,3-4 hours,"LKR 5,000 - 7,000"
0,0.08,0.17908,0.11206,5-6 hours,"LKR 9,000 - 12,000"
1,0.04,0.0696,0.07838,4-5 hours,"LKR 7,000 - 9,000"
0,0.08,0.18665,0.19763,5-6 hours,"LKR 9,000 - 12,000"
2,0.1,0.16952,0.12533,5-6 hours,"LKR 9,000 - 12,000"
0,0.08,0.18021,0.18024,5-6 hours,"LKR 9,000 - 12,000"
0,0.08,0.24192,0.09432,5-6 hours,"LKR 9,000 - 12,000"
0,0.08,0.21651,0.13443,5-6 hours,"LKR 9,000 - 12,000"
1,0.02824,0.07781,0.04733,3-4 hours,"LKR 5,000 - 7,000"
1,0.04,0.12672,0.08095,4-5 hours,"LKR 7,000 - 9,000"
0,0.08,0.25757,0.10216,5-6 hours,"LKR 9,000 - 12,000"
1,0.04,0.07523,0.08347,5-6 hours,"LKR 9,000 - 12,000"
1,0.02402,0.03737,0.05725,3-4 hours,"LKR 5,000 - 7,000"
1,0.04,0.0889,0.05449,4-5 hours,"LKR 7,000 - 9,000"
0,0.08,0.24599,0.10991,5-6 hours,"LKR 9,000 - 12,000"
2,0.1,0.29202,0.24511,5-6 hours,"LKR 9,000 - 12,000"
0,0.08,0.24338,0.17532,5-6 hours,"LKR 9,000 - 12,000"
1,0.04,0.09341,0.0625,4-5 hours,"LKR 7,000 - 9,000"
0,0.02424,0.06592,0.03709,4-5 hours,"LKR 7,000 - 9,000"
1,0.04,0.12115,0.05815,4-5 hours,"LKR 7,000 - 9,000"
1,0.04,0.09931,0.07745,4-5 hours,"LKR 7,000 - 9,000"
2,0.07914,0.27498,0.1538,5-6 hours,"LKR 9,000 - 12,000"
1,0.04,0.13215,0.04209,4-5 hours,"LKR 7,000 - 9,000"
1,0.03676,0.0903,0.04354,4-5 hours,"LKR 7,000 - 9,000"
1,0.04,0.10922,0.09577,4-5 hours,"LKR 7,000 - 9,000"
1,0.04,0.12043,0.05675,4-5 hours,"LKR 7,000 - 9,000"
1,0.04,0.07869,0.07133,4-5 hours,"LKR 7,000 - 9,000"
0,0.04593,0.10556,0.08327,4-5 hours,"LKR 7,000 - 9,000"
0,0.08,0.23513,0.10577,5-6 hours,"LKR 9,000 - 12,000"
0,0.08,0.27433,0.18693,5-6 hours,"LKR 9,000 - 12,000"
0,0.08,0.17831,0.14008,5-6 hours,"LKR 9,000 - 12,000"
0,0.08,0.13611,0.12688,5-6 hours,"LKR 9,000 - 12,000"
0,0.08,0.20573,0.11304,5-6 hours,"LKR 9,000 - 12,000"
0,0.08,0.26288,0.11573,5-6 hours,"LKR 9,000 - 12,000"
0,0.08,0.18365,0.1467,5-6 hours,"LKR 9,000 - 12,000"
2,0.1,0.31968,0.10114,5-6 hours,"LKR 9,000 - 12,000"
0,0.05167,0.12146,0.09215,5-6 hours,"LKR 9,000 - 12,000"
0,0.01795,0.05886,0.02049,3-4 hours,"LKR 5,000 - 7,000"
0,0.08,0.27617,0.09636,6-7 hours,"LKR 12,000 - 15,000"
1,0.04,0.077,0.05174,4-5 hours,"LKR 7,000 - 9,000"
0,0.08,0.27325,0.10206,5-6 hours,"LKR 9,000 - 12,000"
1,0.04,0.12369,0.08865,4-5 hours,"LKR 7,000 - 9,000"
1,0.04,0.06785,0.07891,4-5 hours,"LKR 7,000 - 9,000"
0,0.0376,0.09102,0.0477,4-5 hours,"LKR 7,000 - 9,000"
1,0.04,0.07772,0.0787,4-5 hours,"LKR 7,000 - 9,000"
1,0.04,0.10704,0.0775,5-6 hours,"LKR 9,000 - 12,000"
0,0.08,0.16206,0.11542,5-6 hours,"LKR 9,000 - 12,000"
1,0.04,0.11973,0.04181,4-5 hours,"LKR 7,000 - 9,000"
2,0.1,0.18484,0.21721,5-6 hours,"LKR 9,000 - 12,000"
1,0.04,0.13626,0.06227,4-5 hours,"LKR 7,000 - 9,000"
0,0.08,0.19894,0.08113,5-6 hours,"LKR 9,000 - 12,000"
1,0.04,0.07287,0.04351,4-5 hours,"LKR 7,000 - 9,000"
0,0.08,0.17314,0.13094,5-6 hours,"LKR 9,000 - 12,000"
1,0.04,0.07812,0.08081,4-5 hours,"LKR 7,000 - 9,000"
1,0.04,0.06599,0.07565,4-5 hours,"LKR 7,000 - 9,000"
0,0.08,0.23536,0.15877,5-6 hours,"LKR 9,000 - 12,000"
0,0.08,0.27977,0.1335,5-6 hours,"LKR 9,000 - 12,000"
1,0.04,0.09783,0.04178,4-5 hours,"LKR 7,000 - 9,000"
0,0.08,0.13211,0.17853,5-6 hours,"LKR 9,000 - 12,000"
2,0.1,0.28314,0.10075,5-6 hours,"LKR 9,000 - 12,000"
0,0.08,0.19663,0.19492,5-6 hours,"LKR 9,000 - 12,000"
1,0.04,0.13765,0.06174,4-5 hours,"LKR 7,000 - 9,000"
2,0.1,0.15589,0.13037,5-6 hours,"LKR 9,000 - 12,000"
1,0.04,0.07856,0.09983,4-5 hours,"LKR 7,000 - 9,000"
2,0.1,0.27706,0.21586,5-6 hours,"LKR 9,000 - 12,000"
0,0.08,0.23172,0.09696,6-7 hours,"LKR 12,000 - 15,000"
0,0.08,0.13284,0.12771,5-6 hours,"LKR 9,000 - 12,000"
2,0.1,0.2457,0.1252,5-6 hours,"LKR 9,000 - 12,000"
1,0.04,0.13296,0.091,4-5 hours,"LKR 7,000 - 9,000"
0,0.02135,0.0579,0.03911,4-5 hours,"LKR 7,000 - 9,000"
0,0.08,0.14951,0.16873,5-6 hours,"LKR 9,000 - 12,000"
2,0.1,0.16341,0.21719,5-6 hours,"LKR 9,000 - 12,000"
2,0.1,0.29031,0.15073,5-6 hours,"LKR 9,000 - 12,000"
0,0.01671,0.04326,0.04007,3-4 hours,"LKR 5,000 - 7,000"
0,0.08,0.20995,0.15577,5-6 hours,"LKR 9,000 - 12,000"
0,0.08,0.14706,0.17902,5-6 hours,"LKR 9,000 - 12,000"
2,0.1,0.21103,0.18991,5-6 hours,"LKR 9,000 - 12,000"
2,0.1,0.25657,0.13393,5-6 hours,"LKR 9,000 - 12,000"
0,0.08,0.25737,0.16433,5-6 hours,"LKR 9,000 - 12,000"
0,0.08,0.1377,0.12159,5-6 hours,"LKR 9,000 - 12,000"
1,0.04,0.06703,0.07389,4-5 hours,"LKR 7,000 - 9,000"
0,0.08,0.14187,0.18044,5-6 hours,"LKR 9,000 - 12,000"
0,0.08,0.12755,0.16533,5-6 hours,"LKR 9,000 - 12,000"
1,0.04,0.08352,0.07513,4-5 hours,"LKR 7,000 - 9,000"
2,0.1,0.2061,0.19853,5-6 hours,"LKR 9,000 - 12,000"
1,0.04,0.08666,0.0641,4-5 hours,"LKR 7,000 - 9,000"
1,0.04,0.06105,0.0766,4-5 hours,"LKR 7,000 - 9,000"
2,0.08517,0.25971,0.12458,5-6 hours,"LKR 9,000 - 12,000"
0,0.08,0.13691,0.08242,5-6 hours,"LKR 9,000 - 12,000"
2,0.1,0.34493,0.11952,5-6 hours,"LKR 9,000 - 12,000"
0,0.08,0.13369,0.10867,5-6 hours,"LKR 9,000 - 12,000"
0,0.08,0.21664,0.10746,5-6 hours,"LKR 9,000 - 12,000"
1,0.04,0.06039,0.09671,4-5 hours,"LKR 7,000 - 9,000"
0,0.08,0.13817,0.12303,5-6 hours,"LKR 9,000 - 12,000"
1,0.03822,0.06533,0.04465,4-5 hours,"LKR 7,000 - 9,000"
0,0.08,0.17653,0.08476,5-6 hours,"LKR 9,000 - 12,000"
1,0.04,0.07188,0.09433,5-6 hours,"LKR 9,000 - 12,000"
2,0.1,0.26743,0.20136,5-6 hours,"LKR 9,000 - 12,000"
0,0.08,0.13493,0.19201,5-6 hours,"LKR 9,000 - 12,000"
1,0.04,0.13821,0.08903,4-5 hours,"LKR 7,000 - 9,000"
0,0.08,0.20653,0.14044,5-6 hours,"LKR 9,000 - 12,000"
0,0.08,0.17643,0.10524,5-6 hours,"LKR 9,000 - 12,000"
0,0.0431,0.14197,0.07529,4-5 hours,"LKR 7,000 - 9,000"
0,0.08,0.25928,0.19209,5-6 hours,"LKR 9,000 - 12,000"
2,0.1,0.22323,0.24112,5-6 hours,"LKR 9,000 - 12,000"
0,0.08,0.18936,0.08812,5-6 hours,"LKR 9,000 - 12,000"
1,0.03126,0.05124,0.04334,4-5 hours,"LKR 7,000 - 9,000"
0,0.08,0.19409,0.13663,5-6 hours,"LKR 9,000 - 12,000"
1,0.04,0.10229,0.09836,4-5 hours,"LKR 7,000 - 9,000"
1,0.04,0.10464,0.08665,5-6 hours,"LKR 9,000 - 12,000"
0,0.08,0.26708,0.14458,5-6 hours,"LKR 9,000 - 12,000"
1,0.04,0.12998,0.04326,4-5 hours,"LKR 7,000 - 9,000"
1,0.04,0.12491,0.07327,4-5 hours,"LKR 7,000 - 9,000"
1,0.04,0.11991,0.06848,4-5 hours,"LKR 7,000 - 9,000"
1,0.04,0.09566,0.07064,4-5 hours,"LKR 7,000 - 9,000"
1,0.04,0.09141,0.09025,4-5 hours,"LKR 7,000 - 9,000"
1,0.04,0.12422,0.04969,4-5 hours,"LKR 7,000 - 9,000"
0,0.08,0.21299,0.18864,5-6 hours,"LKR 9,000 - 12,000"
0,0.02433,0.0368,0.02843,4-5 hours,"LKR 7,000 - 9,000"
1,0.02776,0.0741,0.06249,3-4 hours,"LKR 5,000 - 7,000"
2,0.1,0.26775,0.11784,5-6 hours,"LKR 9,000 - 12,000"
0,0.08,0.18891,0.09797,5-6 hours,"LKR 9,000 - 12,000"
0,0.07377,0.13394,0.1458,5-6 hours,"LKR 9,000 - 12,000"
1,0.04,0.09856,0.09708,4-5 hours,"LKR 7,000 - 9,000"
0,0.08,0.19731,0.10179,6-7 hours,"LKR 12,000 - 15,000"
2,0.1,0.1951,0.1646,5-6 hours,"LKR 9,000 - 12,000"
0,0.08,0.20237,0.18579,6-7 hours,"LKR 12,000 - 15,000"
1,0.04,0.12288,0.04894,4-5 hours,"LKR 7,000 - 9,000"
0,0.08,0.12594,0.19092,5-6 hours,"LKR 9,000 - 12,000"
1,0.04,0.12985,0.09197,4-5 hours,"LKR 7,000 - 9,000"
0,0.08,0.25534,0.17547,5-6 hours,"LKR 9,000 - 12,000"
0,0.08,0.1481,0.19075,6-7 hours,"LKR 12,000 - 15,000"
0,0.08,0.21438,0.18119,5-6 hours,"LKR 9,000 - 12,000"
1,0.04,0.06984,0.06202,4-5 hours,"LKR 7,000 - 9,000"
1,0.04,0.12731,0.09706,4-5 hours,"LKR 7,000 - 9,000"
0,0.06206,0.0971,0.08691,6-7 hours,"LKR 12,000 - 15,000"
0,0.05506,0.16315,0.11643,5-6 hours,"LKR 9,000 - 12,000"
1,0.04,0.10092,0.05533,4-5 hours,"LKR 7,000 - 9,000"
0,0.08,0.17585,0.10531,5-6 hours,"LKR 9,000 - 12,000"
2,0.09393,0.31839,0.23328,5-6 hours,"LKR 9,000 - 12,000"
2,0.1,0.33861,0.16036,5-6 hours,"LKR 9,000 - 12,000"
0,0.08,0.17199,0.08998,5-6 hours,"LKR 9,000 - 12,000"
0,0.08,0.13506,0.17703,5-6 hours,"LKR 9,000 - 12,000"
0,0.08,0.23182,0.14082,5-6 hours,"LKR 9,000 - 12,000"
1,0.04,0.11437,0.04437,4-5 hours,"LKR 7,000 - 9,000"
0,0.08,0.27801,0.19092,5-6 hours,"LKR 9,000 - 12,000"
0,0.08,0.24111,0.11867,5-6 hours,"LKR 9,000 - 12,000"
2,0.06393,0.16891,0.11098,5-6 hours,"LKR 9,000 - 12,000"
0,0.08,0.14012,0.14858,5-6 hours,"LKR 9,000 - 12,000"
1,0.03736,0.11388,0.07421,4-5 hours,"LKR 7,000 - 9,000"
0,0.08,0.18833,0.11526,5-6 hours,"LKR 9,000 - 12,000"
0,0.08,0.19058,0.12609,5-6 hours,"LKR 9,000 - 12,000"
1,0.04,0.12663,0.0709,4-5 hours,"LKR 7,000 - 9,000"
0,0.08,0.20578,0.15688,5-6 hours,"LKR 9,000 - 12,000"
1,0.02763,0.0778,0.05551,3-4 hours,"LKR 5,000 - 7,000"
0,0.08,0.18756,0.10123,5-6 hours,"LKR 9,000 - 12,000"
1,0.04,0.13491,0.06997,4-5 hours,"LKR 7,000 - 9,000"
2,0.04891,0.15831,0.06758,5-6 hours,"LKR 9,000 - 12,000"
2,0.1,0.18537,0.15731,6-7 hours,"LKR 12,000 - 15,000"
0,0.03517,0.06702,0.03947,4-5 hours,"LKR 7,000 - 9,000"
0,0.08,0.23399,0.08683,5-6 hours,"LKR 9,000 - 12,000"
0,0.08,0.19332,0.18573,5-6 hours,"LKR 9,000 - 12,000"
0,0.08,0.14879,0.16579,5-6 hours,"LKR 9,000 - 12,000"
0,0.08,0.22604,0.15261,5-6 hours,"LKR 9,000 - 12,000"
0,0.08,0.1845,0.14703,5-6 hours,"LKR 9,000 - 12,000"
1,0.04,0.11788,0.08466,4-5 hours,"LKR 7,000 - 9,000"
2,0.1,0.15003,0.1871,5-6 hours,"LKR 9,000 - 12,000"
1,0.04,0.06744,0.08708,5-6 hours,"LKR 9,000 - 12,000"
0,0.08,0.27571,0.08024,5-6 hours,"LKR 9,000 - 12,000"
1,0.01973,0.05221,0.03696,4-5 hours,"LKR 7,000 - 9,000"
1,0.04,0.11029,0.06832,4-5 hours,"LKR 7,000 - 9,000"
0,0.08,0.24955,0.11833,5-6 hours,"LKR 9,000 - 12,000"
1,0.04,0.10207,0.07014,4-5 hours,"LKR 7,000 - 9,000"
1,0.04,0.10359,0.0417,4-5 hours,"LKR 7,000 - 9,000"
2,0.1,0.15597,0.22721,5-6 hours,"LKR 9,000 - 12,000"
0,0.08,0.2444,0.14998,5-6 hours,"LKR 9,000 - 12,000"
1,0.04,0.11469,0.06746,4-5 hours,"LKR 7,000 - 9,000"
0,0.08,0.25226,0.13789,6-7 hours,"LKR 12,000 - 15,000"
2,0.1,0.18032,0.20564,5-6 hours,"LKR 9,000 - 12,000"
1,0.04,0.09366,0.04508,4-5 hours,"LKR 7,000 - 9,000"
2,0.05703,0.10336,0.10227,5-6 hours,"LKR 9,000 - 12,000"
0,0.08,0.24495,0.15607,5-6 hours,"LKR 9,000 - 12,000"
0,0.08,0.13737,0.184,5-6 hours,"LKR 9,000 - 12,000"
0,0.06583,0.17371,0.14345,5-6 hours,"LKR 9,000 - 12,000"
1,0.04,0.11015,0.08305,4-5 hours,"LKR 7,000 - 9,000"
0,0.08,0.27645,0.10133,5-6 hours,"LKR 9,000 - 12,000"
1,0.04,0.13987,0.06241,5-6 hours,"LKR 9,000 - 12,000"
1,0.02255,0.05591,0.02903,4-5 hours,"LKR 7,000 - 9,000"
0,0.08,0.24759,0.10345,5-6 hours,"LKR 9,000 - 12,000"
0,0.08,0.24522,0.16002,5-6 hours,"LKR 9,000 - 12,000"
1,0.04,0.06626,0.08911,4-5 hours,"LKR 7,000 - 9,000"
0,0.08,0.13872,0.13444,5-6 hours,"LKR 9,000 - 12,000"
0,0.08,0.27171,0.11657,5-6 hours,"LKR 9,000 - 12,000"
1,0.04,0.08445,0.07679,4-5 hours,"LKR 7,000 - 9,000"
1,0.04,0.10837,0.09732,4-5 hours,"LKR 7,000 - 9,000"
1,0.04,0.08309,0.06723,4-5 hours,"LKR 7,000 - 9,000"
2,0.1,0.19271,0.13429,5-6 hours,"LKR 9,000 - 12,000"
0,0.08,0.20677,0.09375,5-6 hours,"LKR 9,000 - 12,000"
0,0.08,0.28,0.12667,5-6 hours,"LKR 9,000 - 12,000"
0,0.08,0.12913,0.18556,5-6 hours,"LKR 9,000 - 12,000"
0,0.08,0.16791,0.1781,6-7 hours,"LKR 12,000 - 15,000"
1,0.04,0.11504,0.05045,4-5 hours,"LKR 7,000 - 9,000"
2,0.1,0.33112,0.11012,5-6 hours,"LKR 9,000 - 12,000"
0,0.02438,0.06504,0.03051,4-5 hours,"LKR 7,000 - 9,000"
0,0.08,0.1796,0.16081,5-6 hours,"LKR 9,000 - 12,000"
1,0.04,0.11621,0.05449,4-5 hours,"LKR 7,000 - 9,000"
1,0.0364,0.11613,0.06655,4-5 hours,"LKR 7,000 - 9,000"
1,0.04,0.08337,0.06433,4-5 hours,"LKR 7,000 - 9,000"
1,0.04,0.13805,0.05075,4-5 hours,"LKR 7,000 - 9,000"
1,0.04,0.09926,0.04304,4-5 hours,"LKR 7,000 - 9,000"
0,0.08,0.19483,0.1113,5-6 hours,"LKR 9,000 - 12,000"
2,0.1,0.17516,0.19838,5-6 hours,"LKR 9,000 - 12,000"
1,0.04,0.06446,0.0409,4-5 hours,"LKR 7,000 - 9,000"
1,0.04,0.07733,0.08375,4-5 hours,"LKR 7,000 - 9,000"
0,0.08,0.20301,0.10067,5-6 hours,"LKR 9,000 - 12,000"
2,0.1,0.16345,0.21253,5-6 hours,"LKR 9,000 - 12,000"
1,0.04,0.09618,0.08586,4-5 hours,"LKR 7,000 - 9,000"
2,0.1,0.23716,0.2195,6-7 hours,"LKR 12,000 - 15,000"
0,0.08,0.21399,0.19363,5-6 hours,"LKR 9,000 - 12,000"
0,0.07975,0.21247,0.13965,5-6 hours,"LKR 9,000 - 12,000"
0,0.08,0.12035,0.18989,5-6 hours,"LKR 9,000 - 12,000"
0,0.08,0.17139,0.12036,5-6 hours,"LKR 9,000 - 12,000"
2,0.1,0.32421,0.10464,5-6 hours,"LKR 9,000 - 12,000"
0,0.08,0.15568,0.16773,5-6 hours,"LKR 9,000 - 12,000"
0,0.08,0.26434,0.11776,5-6 hours,"LKR 9,000 - 12,000"
2,0.08491,0.22609,0.11463,5-6 hours,"LKR 9,000 - 12,000"
2,0.1,0.29211,0.18641,5-6 hours,"LKR 9,000 - 12,000"
2,0.1,0.32828,0.20727,6-7 hours,"LKR 12,000 - 15,000"
0,0.0729,0.15457,0.17602,5-6 hours,"LKR 9,000 - 12,000"
0,0.08,0.20087,0.10884,5-6 hours,"LKR 9,000 - 12,000"
1,0.04,0.07193,0.05439,4-5 hours,"LKR 7,000 - 9,000"
1,0.04,0.1291,0.06688,4-5 hours,"LKR 7,000 - 9,000"
1,0.04,0.10268,0.0603,4-5 hours,"LKR 7,000 - 9,000"
0,0.08,0.18547,0.12485,5-6 hours,"LKR 9,000 - 12,000"
0,0.08,0.16936,0.10575,5-6 hours,"LKR 9,000 - 12,000"
0,0.02057,0.04626,0.04047,4-5 hours,"LKR 7,000 - 9,000"
1,0.04,0.07648,0.04332,4-5 hours,"LKR 7,000 - 9,000"
0,0.08,0.24584,0.16589,6-7 hours,"LKR 12,000 - 15,000"
1,0.04,0.06968,0.09736,4-5 hours,"LKR 7,000 - 9,000"
0,0.08,0.20037,0.19838,5-6 hours,"LKR 9,000 - 12,000"
0,0.08,0.25026,0.18935,5-6 hours,"LKR 9,000 - 12,000"
1,0.04,0.07166,0.09794,4-5 hours,"LKR 7,000 - 9,000"
1,0.03765,0.07531,0.08688,4-5 hours,"LKR 7,000 - 9,000"
1,0.04,0.06905,0.05156,4-5 hours,"LKR 7,000 - 9,000"
0,0.08,0.15756,0.18595,5-6 hours,"LKR 9,000 - 12,000"
1,0.04,0.13364,0.06379,4-5 hours,"LKR 7,000 - 9,000"
1,0.04,0.06665,0.0839,5-6 hours,"LKR 9,000 - 12,000"
0,0.08,0.20053,0.1144,5-6 hours,"LKR 9,000 - 12,000"
0,0.08,0.22016,0.15894,5-6 hours,"LKR 9,000 - 12,000"
1,0.04,0.1035,0.09762,4-5 hours,"LKR 7,000 - 9,000"
1,0.04,0.06387,0.06844,4-5 hours,"LKR 7,000 - 9,000"
0,0.08,0.2425,0.11662,5-6 hours,"LKR 9,000 - 12,000"
1,0.04,0.13257,0.0627,4-5 hours,"LKR 7,000 - 9,000"
0,0.08,0.19983,0.12149,5-6 hours,"LKR 9,000 - 12,000"
0,0.08,0.15775,0.08643,5-6 hours,"LKR 9,000 - 12,000"
1,0.04,0.13064,0.06811,4-5 hours,"LKR 7,000 - 9,000"
0,0.06074,0.1157,0.07187,5-6 hours,"LKR 9,000 - 12,000"
0,0.07713,0.21002,0.10256,5-6 hours,"LKR 9,000 - 12,000"
0,0.06975,0.18977,0.11381,5-6 hours,"LKR 9,000 - 12,000"
2,0.1,0.15369,0.24634,5-6 hours,"LKR 9,000 - 12,000"
0,0.08,0.18726,0.10914,5-6 hours,"LKR 9,000 - 12,000"
1,0.00703,0.01542,0.01289,3-4 hours,"LKR 5,000 - 7,000"
2,0.1,0.26806,0.19265,5-6 hours,"LKR 9,000 - 12,000"
2,0.1,0.33207,0.19227,5-6 hours,"LKR 9,000 - 12,000"
0,0.08,0.19666,0.09713,5-6 hours,"LKR 9,000 - 12,000"
2,0.1,0.34759,0.21899,5-6 hours,"LKR 9,000 - 12,000"
0,0.0777,0.22837,0.08187,5-6 hours,"LKR 9,000 - 12,000"
1,0.04,0.10571,0.07535,4-5 hours,"LKR 7,000 - 9,000"
0,0.08,0.19677,0.13427,6-7 hours,"LKR 12,000 - 15,000"
0,0.08,0.18974,0.08191,5-6 hours,"LKR 9,000 - 12,000"
0,0.02527,0.05708,0.04672,4-5 hours,"LKR 7,000 - 9,000"
0,0.08,0.2154,0.12717,5-6 hours,"LKR 9,000 - 12,000"
0,0.08,0.17684,0.13496,5-6 hours,"LKR 9,000 - 12,000"
1,0.04,0.08443,0.04388,4-5 hours,"LKR 7,000 - 9,000"
0,0.08,0.18683,0.17454,5-6 hours,"LKR 9,000 - 12,000"
0,0.08,0.26284,0.08923,5-6 hours,"LKR 9,000 - 12,000"
1,0.04,0.10013,0.04264,4-5 hours,"LKR 7,000 - 9,000"
0,0.08,0.18281,0.1844,5-6 hours,"LKR 9,000 - 12,000"
0,0.08,0.23425,0.0819,5-6 hours,"LKR 9,000 - 12,000"
0,0.08,0.14242,0.17493,5-6 hours,"LKR 9,000 - 12,000"
0,0.08,0.16361,0.13121,5-6 hours,"LKR 9,000 - 12,000"
0,0.08,0.14846,0.18575,5-6 hours,"LKR 9,000 - 12,000"
0,0.08,0.20327,0.10562,5-6 hours,"LKR 9,000 - 12,000"
0,0.08,0.27195,0.08475,5-6 hours,"LKR 9,000 - 12,000"
0,0.08,0.14554,0.10013,6-7 hours,"LKR 12,000 - 15,000"
1,0.04,0.09082,0.04047,4-5 hours,"LKR 7,000 - 9,000"
1,0.04,0.09182,0.08013,4-5 hours,"LKR 7,000 - 9,000"
0,0.03769,0.09301,0.05312,4-5 hours,"LKR 7,000 - 9,000"
1,0.04,0.07516,0.09171,4-5 hours,"LKR 7,000 - 9,000"
1,0.04,0.09901,0.05537,4-5 hours,"LKR 7,000 - 9,000"
2,0.1,0.27995,0.1362,5-6 hours,"LKR 9,000 - 12,000"
1,0.04,0.13756,0.09624,4-5 hours,"LKR 7,000 - 9,000"
1,0.04,0.11843,0.06852,4-5 hours,"LKR 7,000 - 9,000"
1,0.04,0.11861,0.0814,4-5 hours,"LKR 7,000 - 9,000"
0,0.02923,0.06164,0.04283,4-5 hours,"LKR 7,000 - 9,000"
1,0.04,0.07487,0.07131,4-5 hours,"LKR 7,000 - 9,000"
1,0.04,0.12306,0.07263,4-5 hours,"LKR 7,000 - 9,000"
2,0.1,0.18513,0.14038,5-6 hours,"LKR 9,000 - 12,000"
1,0.04,0.06328,0.08257,4-5 hours,"LKR 7,000 - 9,000"
0,0.08,0.23776,0.11424,5-6 hours,"LKR 9,000 - 12,000"
1,0.04,0.11561,0.06305,4-5 hours,"LKR 7,000 - 9,000"
1,0.04,0.0723,0.04147,4-5 hours,"LKR 7,000 - 9,000"
1,0.04,0.10041,0.09867,4-5 hours,"LKR 7,000 - 9,000"
1,0.04,0.07015,0.07845,4-5 hours,"LKR 7,000 - 9,000"
0,0.08,0.2392,0.08067,5-6 hours,"LKR 9,000 - 12,000"
0,0.08,0.14639,0.13409,6-7 hours,"LKR 12,000 - 15,000"
0,0.08,0.16315,0.17315,5-6 hours,"LKR 9,000 - 12,000"
0,0.08,0.24169,0.18522,5-6 hours,"LKR 9,000 - 12,000"
1,0.04,0.12733,0.06998,4-5 hours,"LKR 7,000 - 9,000"
0,0.08,0.12576,0.08932,5-6 hours,"LKR 9,000 - 12,000"
0,0.08,0.17192,0.19288,5-6 hours,"LKR 9,000 - 12,000"
0,0.08,0.12932,0.17295,5-6 hours,"LKR 9,000 - 12,000"
2,0.1,0.29647,0.13855,5-6 hours,"LKR 9,000 - 12,000"
0,0.08,0.23238,0.10808,5-6 hours,"LKR 9,000 - 12,000"
1,0.02015,0.03121,0.04569,3-4 hours,"LKR 5,000 - 7,000"
0,0.0493,0.16003,0.07359,4-5 hours,"LKR 7,000 - 9,000"
0,0.08,0.21773,0.18154,5-6 hours,"LKR 9,000 - 12,000"
2,0.1,0.20806,0.18419,5-6 hours,"LKR 9,000 - 12,000"
0,0.08,0.20037,0.16343,5-6 hours,"LKR 9,000 - 12,000"
0,0.08,0.26207,0.19346,5-6 hours,"LKR 9,000 - 12,000"
1,0.04,0.07064,0.09103,4-5 hours,"LKR 7,000 - 9,000"
1,0.04,0.10126,0.09414,4-5 hours,"LKR 7,000 - 9,000"
0,0.08,0.12778,0.12245,5-6 hours,"LKR 9,000 - 12,000"
0,0.08,0.16826,0.15355,5-6 hours,"LKR 9,000 - 12,000"
2,0.09997,0.34023,0.19165,5-6 hours,"LKR 9,000 - 12,000"
0,0.08,0.1513,0.15153,5-6 hours,"LKR 9,000 - 12,000"
0,0.08,0.25521,0.08228,5-6 hours,"LKR 9,000 - 12,000"
1,0.04,0.10441,0.09738,4-5 hours,"LKR 7,000 - 9,000"
0,0.08,0.19079,0.13911,5-6 hours,"LKR 9,000 - 12,000"
0,0.08,0.26336,0.10508,5-6 hours,"LKR 9,000 - 12,000"
1,0.04,0.11138,0.09933,4-5 hours,"LKR 7,000 - 9,000"
0,0.08,0.2271,0.15111,5-6 hours,"LKR 9,000 - 12,000"
2,0.1,0.2844,0.13695,5-6 hours,"LKR 9,000 - 12,000"
0,0.03346,0.07574,0.0712,5-6 hours,"LKR 9,000 - 12,000"
0,0.08,0.26604,0.19807,5-6 hours,"LKR 9,000 - 12,000"
0,0.08,0.17458,0.15751,5-6 hours,"LKR 9,000 - 12,000"
0,0.08,0.15809,0.12412,6-7 hours,"LKR 12,000 - 15,000"
0,0.08,0.17451,0.10483,5-6 hours,"LKR 9,000 - 12,000"
2,0.1,0.22188,0.13124,5-6 hours,"LKR 9,000 - 12,000"
1,0.04,0.13316,0.04846,4-5 hours,"LKR 7,000 - 9,000"
0,0.08,0.22476,0.13424,5-6 hours,"LKR 9,000 - 12,000"
0,0.08,0.17641,0.08141,5-6 hours,"LKR 9,000 - 12,000"
0,0.08,0.21024,0.09441,5-6 hours,"LKR 9,000 - 12,000"
1,0.04,0.13286,0.09145,4-5 hours,"LKR 7,000 - 9,000"
1,0.04,0.09542,0.07442,4-5 hours,"LKR 7,000 - 9,000"
0,0.08,0.2446,0.15494,5-6 hours,"LKR 9,000 - 12,000"
0,0.08,0.14808,0.08096,6-7 hours,"LKR 12,000 - 15,000"
0,0.08,0.26984,0.09908,6-7 hours,"LKR 12,000 - 15,000"
0,0.08,0.16426,0.10981,5-6 hours,"LKR 9,000 - 12,000"
0,0.08,0.25242,0.18417,5-6 hours,"LKR 9,000 - 12,000"
1,0.04,0.12027,0.09788,4-5 hours,"LKR 7,000 - 9,000"
2,0.1,0.19042,0.11168,5-6 hours,"LKR 9,000 - 12,000"
0,0.08,0.18448,0.14158,5-6 hours,"LKR 9,000 - 12,000"
0,0.08,0.12549,0.18317,5-6 hours,"LKR 9,000 - 12,000"
0,0.08,0.24996,0.09962,5-6 hours,"LKR 9,000 - 12,000"
1,0.04,0.08839,0.07097,4-5 hours,"LKR 7,000 - 9,000"
2,0.07693,0.21326,0.17426,5-6 hours,"LKR 9,000 - 12,000"
1,0.04,0.12089,0.08705,4-5 hours,"LKR 7,000 - 9,000"
1,0.03406,0.07501,0.04677,4-5 hours,"LKR 7,000 - 9,000"
1,0.04,0.09588,0.06756,4-5 hours,"LKR 7,000 - 9,000"
1,0.01609,0.02707,0.01869,3-4 hours,"LKR 5,000 - 7,000"
1,0.01363,0.04048,0.02215,3-4 hours,"LKR 5,000 - 7,000"
1,0.04,0.10696,0.05364,5-6 hours,"LKR 9,000 - 12,000"
0,0.08,0.18962,0.08515,5-6 hours,"LKR 9,000 - 12,000"
0,0.06727,0.13498,0.09307,5-6 hours,"LKR 9,000 - 12,000"
0,0.08,0.14746,0.12974,5-6 hours,"LKR 9,000 - 12,000"
0,0.08,0.20256,0.08569,5-6 hours,"LKR 9,000 - 12,000"
2,0.1,0.28888,0.1995,5-6 hours,"LKR 9,000 - 12,000"
1,0.04,0.0784,0.08751,4-5 hours,"LKR 7,000 - 9,000"
2,0.1,0.328,0.11395,5-6 hours,"LKR 9,000 - 12,000"
0,0.08,0.23803,0.10865,5-6 hours,"LKR 9,000 - 12,000"
0,0.08,0.23487,0.09701,5-6 hours,"LKR 9,000 - 12,000"
1,0.04,0.13248,0.04878,4-5 hours,"LKR 7,000 - 9,000"
1,0.02278,0.0542,0.03097,3-4 hours,"LKR 5,000 - 7,000"
1,0.04,0.12725,0.04398,4-5 hours,"LKR 7,000 - 9,000"
0,0.08,0.17341,0.09448,5-6 hours,"LKR 9,000 - 12,000"
1,0.04,0.12386,0.05995,4-5 hours,"LKR 7,000 - 9,000"
1,0.04,0.11706,0.05016,5-6 hours,"LKR 9,000 - 12,000"
0,0.08,0.23488,0.09149,5-6 hours,"LKR 9,000 - 12,000"
0,0.08,0.22266,0.09618,5-6 hours,"LKR 9,000 - 12,000"
1,0.04,0.1226,0.09422,4-5 hours,"LKR 7,000 - 9,000"
1,0.04,0.11518,0.0515,4-5 hours,"LKR 7,000 - 9,000"
0,0.08,0.127,0.09772,5-6 hours,"LKR 9,000 - 12,000"
0,0.05573,0.13794,0.10974,5-6 hours,"LKR 9,000 - 12,000"
0,0.08,0.19014,0.09304,5-6 hours,"LKR 9,000 - 12,000"
0,0.08,0.23246,0.08152,5-6 hours,"LKR 9,000 - 12,000"
2,0.04698,0.12206,0.10133,5-6 hours,"LKR 9,000 - 12,000"
0,0.08,0.12368,0.18806,5-6 hours,"LKR 9,000 - 12,000"
0,0.08,0.23408,0.09482,5-6 hours,"LKR 9,000 - 12,000"
0,0.08,0.27401,0.13501,5-6 hours,"LKR 9,000 - 12,000"
0,0.08,0.16031,0.10687,5-6 hours,"LKR 9,000 - 12,000"
1,0.04,0.0996,0.0485,4-5 hours,"LKR 7,000 - 9,000"
0,0.08,0.23851,0.10489,5-6 hours,"LKR 9,000 - 12,000"
1,0.04,0.11811,0.06608,5-6 hours,"LKR 9,000 - 12,000"
1,0.04,0.12553,0.04876,4-5 hours,"LKR 7,000 - 9,000"
0,0.08,0.19938,0.19288,5-6 hours,"LKR 9,000 - 12,000"
1,0.04,0.13973,0.06917,4-5 hours,"LKR 7,000 - 9,000"
1,0.04,0.1292,0.07958,4-5 hours,"LKR 7,000 - 9,000"
0,0.08,0.20189,0.1594,5-6 hours,"LKR 9,000 - 12,000"
1,0.04,0.11795,0.08518,5-6 hours,"LKR 9,000 - 12,000"
0,0.08,0.22576,0.14858,5-6 hours,"LKR 9,000 - 12,000"
0,0.08,0.22561,0.1966,5-6 hours,"LKR 9,000 - 12,000"
1,0.04,0.13796,0.07883,4-5 hours,"LKR 7,000 - 9,000"
0,0.08,0.25757,0.19776,5-6 hours,"LKR 9,000 - 12,000"
0,0.08,0.15632,0.18568,5-6 hours,"LKR 9,000 - 12,000"
0,0.08,0.23684,0.15776,5-6 hours,"LKR 9,000 - 12,000"
0,0.08,0.21087,0.13664,5-6 hours,"LKR 9,000 - 12,000"
0,0.08,0.21315,0.08034,5-6 hours,"LKR 9,000 - 12,000"
1,0.04,0.12608,0.0412,4-5 hours,"LKR 7,000 - 9,000"
0,0.08,0.20749,0.15872,5-6 hours,"LKR 9,000 - 12,000"
0,0.08,0.26564,0.18039,6-7 hours,"LKR 12,000 - 15,000"
0,0.08,0.23281,0.15718,5-6 hours,"LKR 9,000 - 12,000"
0,0.08,0.19916,0.12484,6-7 hours,"LKR 12,000 - 15,000"
0,0.08,0.26546,0.16827,5-6 hours,"LKR 9,000 - 12,000"
1,0.04,0.08963,0.09753,4-5 hours,"LKR 7,000 - 9,000"
2,0.1,0.15891,0.1566,5-6 hours,"LKR 9,000 - 12,000"
1,0.04,0.1121,0.05172,4-5 hours,"LKR 7,000 - 9,000"
0,0.08,0.26371,0.1832,5-6 hours,"LKR 9,000 - 12,000"
0,0.08,0.26839,0.17193,5-6 hours,"LKR 9,000 - 12,000"
0,0.08,0.15135,0.1267,5-6 hours,"LKR 9,000 - 12,000"
1,0.04,0.08316,0.06569,5-6 hours,"LKR 9,000 - 12,000"
0,0.08,0.22367,0.19929,6-7 hours,"LKR 12,000 - 15,000"
0,0.08,0.25436,0.16293,5-6 hours,"LKR 9,000 - 12,000"
0,0.08,0.16091,0.08627,6-7 hours,"LKR 12,000 - 15,000"
2,0.1,0.33535,0.16605,5-6 hours,"LKR 9,000 - 12,000"
0,0.08,0.17298,0.15165,5-6 hours,"LKR 9,000 - 12,000"
1,0.04,0.09763,0.09379,4-5 hours,"LKR 7,000 - 9,000"
2,0.1,0.27662,0.23711,5-6 hours,"LKR 9,000 - 12,000"
0,0.08,0.13268,0.16849,6-7 hours,"LKR 12,000 - 15,000"
2,0.1,0.23243,0.24803,5-6 hours,"LKR 9,000 - 12,000"
1,0.04,0.12532,0.09867,4-5 hours,"LKR 7,000 - 9,000"
0,0.08,0.26923,0.11108,5-6 hours,"LKR 9,000 - 12,000"
2,0.1,0.346,0.10522,5-6 hours,"LKR 9,000 - 12,000"
1,0.04,0.11491,0.04188,4-5 hours,"LKR 7,000 - 9,000"
0,0.08,0.22759,0.1434,5-6 hours,"LKR 9,000 - 12,000"
0,0.08,0.2069,0.14884,5-6 hours,"LKR 9,000 - 12,000"
0,0.08,0.24593,0.18532,5-6 hours,"LKR 9,000 - 12,000"
1,0.04,0.10325,0.06306,4-5 hours,"LKR 7,000 - 9,000"
1,0.04,0.0888,0.04973,4-5 hours,"LKR 7,000 - 9,000"
0,0.08,0.17456,0.14049,5-6 hours,"LKR 9,000 - 12,000"
0,0.08,0.16679,0.17103,6-7 hours,"LKR 12,000 - 15,000"
0,0.08,0.17258,0.18801,5-6 hours,"LKR 9,000 - 12,000"
1,0.01416,0.04185,0.02532,2-3 hours,"LKR 3,000 - 5,000"
0,0.08,0.24517,0.16635,6-7 hours,"LKR 12,000 - 15,000"
2,0.1,0.1629,0.21434,5-6 hours,"LKR 9,000 - 12,000"
2,0.1,0.29544,0.17941,5-6 hours,"LKR 9,000 - 12,000"
2,0.1,0.27368,0.13352,5-6 hours,"LKR 9,000 - 12,000"
0,0.02243,0.04317,0.02249,4-5 hours,"LKR 7,000 - 9,000"
1,0.04,0.10552,0.08322,4-5 hours,"LKR 7,000 - 9,000"
1,0.04,0.13319,0.07692,4-5 hours,"LKR 7,000 - 9,000"
1,0.04,0.06993,0.08453,4-5 hours,"LKR 7,000 - 9,000"
1,0.04,0.11821,0.05858,4-5 hours,"LKR 7,000 - 9,000"
1,0.04,0.10724,0.04071,4-5 hours,"LKR 7,000 - 9,000"
0,0.08,0.24886,0.1796,6-7 hours,"LKR 12,000 - 15,000"
0,0.08,0.22077,0.12055,6-7 hours,"LKR 12,000 - 15,000"
1,0.0029,0.01,0.01,1-2 hours,"LKR 1,000 - 3,000"
1,0.04,0.07782,0.09784,4-5 hours,"LKR 7,000 - 9,000"
0,0.08,0.24665,0.16249,5-6 hours,"LKR 9,000 - 12,000"
0,0.03828,0.11571,0.05464,4-5 hours,"LKR 7,000 - 9,000"
2,0.1,0.31687,0.11002,5-6 hours,"LKR 9,000 - 12,000"
0,0.08,0.276,0.17646,5-6 hours,"LKR 9,000 - 12,000"
1,0.02519,0.05275,0.03367,3-4 hours,"LKR 5,000 - 7,000"
2,0.1,0.20455,0.18475,5-6 hours,"LKR 9,000 - 12,000"
0,0.08,0.21959,0.15054,6-7 hours,"LKR 12,000 - 15,000"
0,0.08,0.2749,0.09244,5-6 hours,"LKR 9,000 - 12,000"
1,0.04,0.12195,0.04847,4-5 hours,"LKR 7,000 - 9,000"
1,0.04,0.07181,0.06174,4-5 hours,"LKR 7,000 - 9,000"
1,0.04,0.11222,0.09372,4-5 hours,"LKR 7,000 - 9,000"
1,0.04,0.1263,0.09157,4-5 hours,"LKR 7,000 - 9,000"
0,0.08,0.19701,0.09088,5-6 hours,"LKR 9,000 - 12,000"
2,0.1,0.34355,0.19524,5-6 hours,"LKR 9,000 - 12,000"
0,0.04426,0.0742,0.04747,4-5 hours,"LKR 7,000 - 9,000"
0,0.08,0.13621,0.16731,5-6 hours,"LKR 9,000 - 12,000"
0,0.08,0.25138,0.15274,5-6 hours,"LKR 9,000 - 12,000"
1,0.04,0.07869,0.09956,4-5 hours,"LKR 7,000 - 9,000"
2,0.06751,0.13843,0.08903,5-6 hours,"LKR 9,000 - 12,000"
0,0.08,0.21709,0.15356,5-6 hours,"LKR 9,000 - 12,000"
2,0.1,0.22258,0.11131,5-6 hours,"LKR 9,000 - 12,000"
2,0.1,0.16334,0.23122,5-6 hours,"LKR 9,000 - 12,000"
0,0.08,0.27654,0.18688,6-7 hours,"LKR 12,000 - 15,000"
0,0.08,0.26051,0.10038,6-7 hours,"LKR 12,000 - 15,000"
0,0.03526,0.05803,0.07517,4-5 hours,"LKR 7,000 - 9,000"
1,0.04,0.13276,0.05926,4-5 hours,"LKR 7,000 - 9,000"
0,0.08,0.27556,0.13766,5-6 hours,"LKR 9,000 - 12,000"
0,0.08,0.12365,0.0888,5-6 hours,"LKR 9,000 - 12,000"
0,0.08,0.15945,0.11924,5-6 hours,"LKR 9,000 - 12,000"
0,0.08,0.24778,0.19177,5-6 hours,"LKR 9,000 - 12,000"
0,0.08,0.2441,0.17494,5-6 hours,"LKR 9,000 - 12,000"
0,0.08,0.25835,0.10834,5-6 hours,"LKR 9,000 - 12,000"
0,0.08,0.23868,0.08513,5-6 hours,"LKR 9,000 - 12,000"
0,0.08,0.17685,0.15552,5-6 hours,"LKR 9,000 - 12,000"
1,0.04,0.08191,0.05461,5-6 hours,"LKR 9,000 - 12,000"
0,0.04646,0.10141,0.10616,4-5 hours,"LKR 7,000 - 9,000"
0,0.08,0.26384,0.17232,5-6 hours,"LKR 9,000 - 12,000"
0,0.06673,0.17593,0.06888,5-6 hours,"LKR 9,000 - 12,000"
1,0.04,0.0893,0.05781,4-5 hours,"LKR 7,000 - 9,000"
0,0.08,0.19812,0.16825,5-6 hours,"LKR 9,000 - 12,000"
1,0.04,0.09953,0.04979,4-5 hours,"LKR 7,000 - 9,000"
0,0.05195,0.15441,0.12071,5-6 hours,"LKR 9,000 - 12,000"
0,0.08,0.22802,0.11062,5-6 hours,"LKR 9,000 - 12,000"
1,0.04,0.10546,0.07658,5-6 hours,"LKR 9,000 - 12,000"
2,0.1,0.32247,0.14566,5-6 hours,"LKR 9,000 - 12,000"
0,0.08,0.24795,0.19462,5-6 hours,"LKR 9,000 - 12,000"
0,0.08,0.19861,0.11117,5-6 hours,"LKR 9,000 - 12,000"
0,0.08,0.25253,0.12296,5-6 hours,"LKR 9,000 - 12,000"
0,0.08,0.22021,0.17432,5-6 hours,"LKR 9,000 - 12,000"
2,0.1,0.19492,0.14768,5-6 hours,"LKR 9,000 - 12,000"
1,0.04,0.13435,0.06219,4-5 hours,"LKR 7,000 - 9,000"
1,0.04,0.07041,0.0902,4-5 hours,"LKR 7,000 - 9,000"
0,0.08,0.17617,0.18435,5-6 hours,"LKR 9,000 - 12,000"
0,0.08,0.27289,0.18228,5-6 hours,"LKR 9,000 - 12,000"
1,0.04,0.07449,0.04199,4-5 hours,"LKR 7,000 - 9,000"
0,0.08,0.172,0.0944,5-6 hours,"LKR 9,000 - 12,000"
1,0.04,0.064,0.06323,4-5 hours,"LKR 7,000 - 9,000"
1,0.04,0.12018,0.07723,4-5 hours,"LKR 7,000 - 9,000"
0,0.015,0.03008,0.03384,3-4 hours,"LKR 5,000 - 7,000"
1,0.04,0.09378,0.07244,4-5 hours,"LKR 7,000 - 9,000"
1,0.04,0.08135,0.0732,4-5 hours,"LKR 7,000 - 9,000"
1,0.04,0.06135,0.07207,4-5 hours,"LKR 7,000 - 9,000"
1,0.04,0.08585,0.06135,4-5 hours,"LKR 7,000 - 9,000"
1,0.04,0.08507,0.04265,4-5 hours,"LKR 7,000 - 9,000"
0,0.08,0.21171,0.10989,5-6 hours,"LKR 9,000 - 12,000"
0,0.08,0.21447,0.16053,5-6 hours,"LKR 9,000 - 12,000"
0,0.08,0.20315,0.16841,5-6 hours,"LKR 9,000 - 12,000"
1,0.04,0.09002,0.07535,4-5 hours,"LKR 7,000 - 9,000"
1,0.04,0.12914,0.07487,4-5 hours,"LKR 7,000 - 9,000"
2,0.1,0.18315,0.17691,5-6 hours,"LKR 9,000 - 12,000"
1,0.04,0.11459,0.06625,5-6 hours,"LKR 9,000 - 12,000"
0,0.06339,0.20577,0.10122,5-6 hours,"LKR 9,000 - 12,000"
2,0.1,0.20743,0.24281,5-6 hours,"LKR 9,000 - 12,000"
0,0.07366,0.12765,0.13248,5-6 hours,"LKR 9,000 - 12,000"
1,0.04,0.12512,0.04336,4-5 hours,"LKR 7,000 - 9,000"
1,0.04,0.06123,0.0945,4-5 hours,"LKR 7,000 - 9,000"
0,0.08,0.23799,0.14142,5-6 hours,"LKR 9,000 - 12,000"
2,0.1,0.17369,0.16669,5-6 hours,"LKR 9,000 - 12,000"
2,0.1,0.34416,0.15895,5-6 hours,"LKR 9,000 - 12,000"
0,0.06459,0.18807,0.07921,5-6 hours,"LKR 9,000 - 12,000"
1,0.03021,0.09705,0.06471,4-5 hours,"LKR 7,000 - 9,000"
2,0.1,0.28791,0.1197,5-6 hours,"LKR 9,000 - 12,000"
0,0.08,0.23842,0.08019,5-6 hours,"LKR 9,000 - 12,000"
1,0.04,0.08074,0.06499,4-5 hours,"LKR 7,000 - 9,000"
1,0.04,0.12662,0.09347,4-5 hours,"LKR 7,000 - 9,000"
0,0.08,0.15315,0.19004,5-6 hours,"LKR 9,000 - 12,000"
1,0.04,0.06788,0.05986,4-5 hours,"LKR 7,000 - 9,000"
0,0.08,0.24299,0.13708,5-6 hours,"LKR 9,000 - 12,000"
2,0.1,0.31233,0.11387,5-6 hours,"LKR 9,000 - 12,000"
2,0.1,0.32338,0.21246,5-6 hours,"LKR 9,000 - 12,000"
2,0.04211,0.14655,0.08084,5-6 hours,"LKR 9,000 - 12,000"
0,0.08,0.19881,0.19192,5-6 hours,"LKR 9,000 - 12,000"
0,0.08,0.20352,0.19198,5-6 hours,"LKR 9,000 - 12,000"
0,0.08,0.19492,0.10967,5-6 hours,"LKR 9,000 - 12,000"
0,0.08,0.16895,0.1429,5-6 hours,"LKR 9,000 - 12,000"
0,0.06538,0.19701,0.137,5-6 hours,"LKR 9,000 - 12,000"
1,0.04,0.07272,0.06627,4-5 hours,"LKR 7,000 - 9,000"
0,0.05876,0.10742,0.06251,5-6 hours,"LKR 9,000 - 12,000"
1,0.04,0.10215,0.07906,4-5 hours,"LKR 7,000 - 9,000"
1,0.04,0.06465,0.07951,4-5 hours,"LKR 7,000 - 9,000"
2,0.1,0.304,0.12794,5-6 hours,"LKR 9,000 - 12,000"
0,0.08,0.13744,0.18917,5-6 hours,"LKR 9,000 - 12,000"
2,0.1,0.30883,0.17144,5-6 hours,"LKR 9,000 - 12,000"
0,0.08,0.25413,0.13025,5-6 hours,"LKR 9,000 - 12,000"
0,0.08,0.27016,0.09294,5-6 hours,"LKR 9,000 - 12,000"
1,0.04,0.12521,0.08733,4-5 hours,"LKR 7,000 - 9,000"
0,0.08,0.20794,0.13661,5-6 hours,"LKR 9,000 - 12,000"
1,0.04,0.12101,0.07396,5-6 hours,"LKR 9,000 - 12,000"
1,0.04,0.11374,0.0596,5-6 hours,"LKR 9,000 - 12,000"
1,0.04,0.11826,0.05026,4-5 hours,"LKR 7,000 - 9,000"
1,0.04,0.0964,0.07925,4-5 hours,"LKR 7,000 - 9,000"
0,0.08,0.2296,0.14318,5-6 hours,"LKR 9,000 - 12,000"
0,0.06394,0.20224,0.09463,5-6 hours,"LKR 9,000 - 12,000"
0,0.00589,0.01,0.01,2-3 hours,"LKR 3,000 - 5,000"
0,0.08,0.24419,0.13978,5-6 hours,"LKR 9,000 - 12,000"
1,0.04,0.06376,0.07169,4-5 hours,"LKR 7,000 - 9,000"
0,0.08,0.26549,0.1057,5-6 hours,"LKR 9,000 - 12,000"
0,0.08,0.22782,0.18781,5-6 hours,"LKR 9,000 - 12,000"
0,0.08,0.14349,0.14079,6-7 hours,"LKR 12,000 - 15,000"
0,0.08,0.18264,0.09714,5-6 hours,"LKR 9,000 - 12,000"
0,0.08,0.18127,0.19993,5-6 hours,"LKR 9,000 - 12,000"
0,0.08,0.2085,0.10621,5-6 hours,"LKR 9,000 - 12,000"
1,0.04,0.11711,0.07107,5-6 hours,"LKR 9,000 - 12,000"
0,0.08,0.24451,0.17402,5-6 hours,"LKR 9,000 - 12,000"
1,0.04,0.12851,0.09332,4-5 hours,"LKR 7,000 - 9,000"
0,0.01026,0.02603,0.02227,3-4 hours,"LKR 5,000 - 7,000"
1,0.04,0.13081,0.07593,4-5 hours,"LKR 7,000 - 9,000"
1,0.04,0.11549,0.04426,4-5 hours,"LKR 7,000 - 9,000"
0,0.05667,0.19785,0.09155,5-6 hours,"LKR 9,000 - 12,000"
2,0.1,0.30794,0.19111,5-6 hours,"LKR 9,000 - 12,000"
0,0.05281,0.15215,0.12736,5-6 hours,"LKR 9,000 - 12,000"
1,0.04,0.12417,0.08047,4-5 hours,"LKR 7,000 - 9,000"
0,0.08,0.1999,0.16822,5-6 hours,"LKR 9,000 - 12,000"
1,0.03086,0.07579,0.051,4-5 hours,"LKR 7,000 - 9,000"
0,0.08,0.2591,0.15879,5-6 hours,"LKR 9,000 - 12,000"
1,0.04,0.08682,0.04474,4-5 hours,"LKR 7,000 - 9,000"
0,0.08,0.26195,0.19075,5-6 hours,"LKR 9,000 - 12,000"
0,0.08,0.14097,0.19824,5-6 hours,"LKR 9,000 - 12,000"
1,0.04,0.06113,0.0878,4-5 hours,"LKR 7,000 - 9,000"
0,0.08,0.27703,0.16673,5-6 hours,"LKR 9,000 - 12,000"
0,0.07877,0.14913,0.15208,5-6 hours,"LKR 9,000 - 12,000"
0,0.08,0.14497,0.1652,5-6 hours,"LKR 9,000 - 12,000"
0,0.08,0.13289,0.08629,5-6 hours,"LKR 9,000 - 12,000"
1,0.04,0.06635,0.07573,4-5 hours,"LKR 7,000 - 9,000"
0,0.08,0.24025,0.19993,5-6 hours,"LKR 9,000 - 12,000"
0,0.08,0.2032,0.14285,5-6 hours,"LKR 9,000 - 12,000"
0,0.04391,0.07598,0.10636,4-5 hours,"LKR 7,000 - 9,000"
1,0.04,0.11467,0.05755,4-5 hours,"LKR 7,000 - 9,000"
0,0.08,0.12119,0.14593,5-6 hours,"LKR 9,000 - 12,000"
1,0.04,0.06685,0.09591,4-5 hours,"LKR 7,000 - 9,000"
1,0.04,0.11525,0.08487,4-5 hours,"LKR 7,000 - 9,000"
0,0.04426,0.10999,0.1006,4-5 hours,"LKR 7,000 - 9,000"
1,0.04,0.10565,0.07772,4-5 hours,"LKR 7,000 - 9,000"
2,0.1,0.28171,0.24714,5-6 hours,"LKR 9,000 - 12,000"
2,0.1,0.15616,0.23714,5-6 hours,"LKR 9,000 - 12,000"
0,0.06701,0.15858,0.08711,5-6 hours,"LKR 9,000 - 12,000"
1,0.04,0.08857,0.06649,4-5 hours,"LKR 7,000 - 9,000"
1,0.04,0.09878,0.07323,4-5 hours,"LKR 7,000 - 9,000"
1,0.04,0.0888,0.06463,4-5 hours,"LKR 7,000 - 9,000"
0,0.08,0.21107,0.1705,5-6 hours,"LKR 9,000 - 12,000"
2,0.1,0.28245,0.24976,5-6 hours,"LKR 9,000 - 12,000"
0,0.08,0.1526,0.09031,5-6 hours,"LKR 9,000 - 12,000"
0,0.08,0.16355,0.17045,5-6 hours,"LKR 9,000 - 12,000"
1,0.04,0.08254,0.06679,4-5 hours,"LKR 7,000 - 9,000"
0,0.00998,0.02695,0.01629,3-4 hours,"LKR 5,000 - 7,000"
1,0.04,0.13008,0.0448,4-5 hours,"LKR 7,000 - 9,000"
0,0.08,0.1646,0.17956,5-6 hours,"LKR 9,000 - 12,000"
1,0.02503,0.04357,0.02772,3-4 hours,"LKR 5,000 - 7,000"
2,0.1,0.18952,0.22604,5-6 hours,"LKR 9,000 - 12,000"
2,0.1,0.31357,0.21596,5-6 hours,"LKR 9,000 - 12,000"
0,0.08,0.16566,0.14522,5-6 hours,"LKR 9,000 - 12,000"
2,0.1,0.26298,0.20517,5-6 hours,"LKR 9,000 - 12,000"
1,0.04,0.10826,0.09759,5-6 hours,"LKR 9,000 - 12,000"
0,0.08,0.20241,0.13449,5-6 hours,"LKR 9,000 - 12,000"
0,0.08,0.13323,0.10012,5-6 hours,"LKR 9,000 - 12,000"
1,0.04,0.12994,0.08899,4-5 hours,"LKR 7,000 - 9,000"
0,0.08,0.21885,0.14789,5-6 hours,"LKR 9,000 - 12,000"
1,0.02712,0.08168,0.04352,3-4 hours,"LKR 5,000 - 7,000"
2,0.1,0.20541,0.24475,5-6 hours,"LKR 9,000 - 12,000"
1,0.04,0.08778,0.05226,4-5 hours,"LKR 7,000 - 9,000"
0,0.02647,0.05371,0.05333,4-5 hours,"LKR 7,000 - 9,000"
1,0.04,0.07023,0.04803,4-5 hours,"LKR 7,000 - 9,000"
0,0.08,0.18484,0.12414,6-7 hours,"LKR 12,000 - 15,000"
1,0.04,0.08642,0.06091,5-6 hours,"LKR 9,000 - 12,000"
2,0.1,0.26188,0.21169,5-6 hours,"LKR 9,000 - 12,000"
0,0.08,0.20648,0.10485,5-6 hours,"LKR 9,000 - 12,000"
0,0.08,0.22433,0.11202,5-6 hours,"LKR 9,000 - 12,000"
0,0.08,0.26984,0.18351,6-7 hours,"LKR 12,000 - 15,000"
0,0.08,0.13327,0.13526,5-6 hours,"LKR 9,000 - 12,000"
1,0.04,0.09172,0.05761,4-5 hours,"LKR 7,000 - 9,000"
2,0.1,0.204,0.15184,5-6 hours,"LKR 9,000 - 12,000"
1,0.04,0.138,0.06534,4-5 hours,"LKR 7,000 - 9,000"
1,0.04,0.12608,0.07801,4-5 hours,"LKR 7,000 - 9,000"
1,0.04,0.11038,0.06123,5-6 hours,"LKR 9,000 - 12,000"
0,0.08,0.26949,0.10137,5-6 hours,"LKR 9,000 - 12,000"
2,0.1,0.26898,0.16403,5-6 hours,"LKR 9,000 - 12,000"
2,0.1,0.3375,0.12513,5-6 hours,"LKR 9,000 - 12,000"
0,0.08,0.22252,0.19213,5-6 hours,"LKR 9,000 - 12,000"
0,0.08,0.26582,0.12375,5-6 hours,"LKR 9,000 - 12,000"
2,0.1,0.17743,0.17527,5-6 hours,"LKR 9,000 - 12,000"
1,0.04,0.07454,0.05226,4-5 hours,"LKR 7,000 - 9,000"
0,0.08,0.22261,0.12553,5-6 hours,"LKR 9,000 - 12,000"
1,0.04,0.10272,0.05466,4-5 hours,"LKR 7,000 - 9,000"
0,0.05971,0.11277,0.14409,6-7 hours,"LKR 12,000 - 15,000"
0,0.08,0.15102,0.14645,6-7 hours,"LKR 12,000 - 15,000"
1,0.04,0.12062,0.05978,4-5 hours,"LKR 7,000 - 9,000"
1,0.04,0.0709,0.09112,4-5 hours,"LKR 7,000 - 9,000"
0,0.08,0.14503,0.16135,5-6 hours,"LKR 9,000 - 12,000"
1,0.04,0.07272,0.08242,4-5 hours,"LKR 7,000 - 9,000"
0,0.08,0.26594,0.08977,6-7 hours,"LKR 12,000 - 15,000"
0,0.08,0.14125,0.15496,5-6 hours,"LKR 9,000 - 12,000"
1,0.04,0.13698,0.07892,4-5 hours,"LKR 7,000 - 9,000"
1,0.04,0.11411,0.05724,4-5 hours,"LKR 7,000 - 9,000"
0,0.08,0.27703,0.12952,5-6 hours,"LKR 9,000 - 12,000"
1,0.04,0.08797,0.07163,5-6 hours,"LKR 9,000 - 12,000"
1,0.04,0.11993,0.08757,4-5 hours,"LKR 7,000 - 9,000"
1,0.04,0.08978,0.08506,4-5 hours,"LKR 7,000 - 9,000"
0,0.05354,0.09218,0.09717,5-6 hours,"LKR 9,000 - 12,000"
0,0.08,0.16913,0.16759,5-6 hours,"LKR 9,000 - 12,000"
0,0.08,0.14763,0.08601,5-6 hours,"LKR 9,000 - 12,000"
1,0.04,0.12762,0.07426,4-5 hours,"LKR 7,000 - 9,000"
0,0.04691,0.08275,0.06467,4-5 hours,"LKR 7,000 - 9,000"
1,0.04,0.12927,0.04977,4-5 hours,"LKR 7,000 - 9,000"
0,0.05559,0.1177,0.07453,5-6 hours,"LKR 9,000 - 12,000"
1,0.04,0.09014,0.0996,4-5 hours,"LKR 7,000 - 9,000"
0,0.08,0.19649,0.13492,5-6 hours,"LKR 9,000 - 12,000"
0,0.08,0.25875,0.17819,5-6 hours,"LKR 9,000 - 12,000"
0,0.08,0.23935,0.1786,5-6 hours,"LKR 9,000 - 12,000"
0,0.08,0.17112,0.08438,5-6 hours,"LKR 9,000 - 12,000"
0,0.08,0.2623,0.1305,5-6 hours,"LKR 9,000 - 12,000"
0,0.08,0.25941,0.09568,5-6 hours,"LKR 9,000 - 12,000"
0,0.08,0.23664,0.09705,5-6 hours,"LKR 9,000 - 12,000"
0,0.08,0.1934,0.08334,5-6 hours,"LKR 9,000 - 12,000"
0,0.08,0.20471,0.14441,5-6 hours,"LKR 9,000 - 12,000"
1,0.04,0.10499,0.08405,4-5 hours,"LKR 7,000 - 9,000"
0,0.08,0.16993,0.14379,5-6 hours,"LKR 9,000 - 12,000"
0,0.07084,0.1697,0.09085,5-6 hours,"LKR 9,000 - 12,000"
1,0.04,0.11591,0.07657,4-5 hours,"LKR 7,000 - 9,000"
0,0.08,0.26008,0.10333,5-6 hours,"LKR 9,000 - 12,000"
1,0.04,0.10996,0.0438,4-5 hours,"LKR 7,000 - 9,000"
0,0.00579,0.01373,0.01205,2-3 hours,"LKR 3,000 - 5,000"
2,0.1,0.16808,0.23826,5-6 hours,"LKR 9,000 - 12,000"
0,0.07506,0.20935,0.14323,6-7 hours,"LKR 12,000 - 15,000"
2,0.1,0.271,0.14328,5-6 hours,"LKR 9,000 - 12,000"
2,0.1,0.20841,0.2438,5-6 hours,"LKR 9,000 - 12,000"
0,0.08,0.20581,0.19192,5-6 hours,"LKR 9,000 - 12,000"
2,0.1,0.1808,0.17992,5-6 hours,"LKR 9,000 - 12,000"
0,0.08,0.13588,0.19376,5-6 hours,"LKR 9,000 - 12,000"
1,0.04,0.12141,0.09408,4-5 hours,"LKR 7,000 - 9,000"
0,0.08,0.2713,0.17427,5-6 hours,"LKR 9,000 - 12,000"
0,0.08,0.2158,0.17933,5-6 hours,"LKR 9,000 - 12,000"
0,0.08,0.13968,0.12146,5-6 hours,"LKR 9,000 - 12,000"
1,0.04,0.07854,0.04326,4-5 hours,"LKR 7,000 - 9,000"
2,0.07449,0.12615,0.10344,5-6 hours,"LKR 9,000 - 12,000"
0,0.08,0.16773,0.15283,6-7 hours,"LKR 12,000 - 15,000"
0,0.08,0.15137,0.10056,5-6 hours,"LKR 9,000 - 12,000"
1,0.04,0.06315,0.09285,4-5 hours,"LKR 7,000 - 9,000"
1,0.04,0.11197,0.07328,4-5 hours,"LKR 7,000 - 9,000"
1,0.04,0.08859,0.08971,4-5 hours,"LKR 7,000 - 9,000"
1,0.04,0.11769,0.06511,4-5 hours,"LKR 7,000 - 9,000"
0,0.08,0.24749,0.14414,5-6 hours,"LKR 9,000 - 12,000"
1,0.04,0.09328,0.08371,4-5 hours,"LKR 7,000 - 9,000"
0,0.08,0.18259,0.12942,5-6 hours,"LKR 9,000 - 12,000"
0,0.08,0.24187,0.13504,5-6 hours,"LKR 9,000 - 12,000"
2,0.1,0.15691,0.24414,5-6 hours,"LKR 9,000 - 12,000"
2,0.1,0.29805,0.22869,5-6 hours,"LKR 9,000 - 12,000"
0,0.08,0.26462,0.16203,5-6 hours,"LKR 9,000 - 12,000"
0,0.08,0.20266,0.09887,5-6 hours,"LKR 9,000 - 12,000"
2,0.08726,0.1946,0.14237,5-6 hours,"LKR 9,000 - 12,000"
0,0.08,0.25108,0.08957,6-7 hours,"LKR 12,000 - 15,000"
1,0.04,0.08833,0.07298,4-5 hours,"LKR 7,000 - 9,000"
0,0.07249,0.13995,0.15345,5-6 hours,"LKR 9,000 - 12,000"
0,0.08,0.25403,0.1736,5-6 hours,"LKR 9,000 - 12,000"
1,0.04,0.06632,0.07455,4-5 hours,"LKR 7,000 - 9,000"
0,0.08,0.19455,0.11892,6-7 hours,"LKR 12,000 - 15,000"
1,0.04,0.08101,0.0661,4-5 hours,"LKR 7,000 - 9,000"
0,0.08,0.1633,0.1405,6-7 hours,"LKR 12,000 - 15,000"
0,0.08,0.22673,0.12646,5-6 hours,"LKR 9,000 - 12,000"
0,0.00874,0.02011,0.01004,3-4 hours,"LKR 5,000 - 7,000"
1,0.04,0.09038,0.06988,4-5 hours,"LKR 7,000 - 9,000"
1,0.04,0.11516,0.04778,4-5 hours,"LKR 7,000 - 9,000"
1,0.04,0.07204,0.05039,4-5 hours,"LKR 7,000 - 9,000"
1,0.04,0.12326,0.0475,4-5 hours,"LKR 7,000 - 9,000"
0,0.08,0.16858,0.09312,5-6 hours,"LKR 9,000 - 12,000"
0,0.08,0.13918,0.1953,6-7 hours,"LKR 12,000 - 15,000"
0,0.08,0.2775,0.10773,5-6 hours,"LKR 9,000 - 12,000"
2,0.1,0.24687,0.11769,5-6 hours,"LKR 9,000 - 12,000"
1,0.04,0.1102,0.05137,4-5 hours,"LKR 7,000 - 9,000"
1,0.03354,0.05865,0.06478,4-5 hours,"LKR 7,000 - 9,000"
0,0.08,0.21549,0.1608,5-6 hours,"LKR 9,000 - 12,000"
0,0.08,0.25076,0.10643,5-6 hours,"LKR 9,000 - 12,000"
0,0.02405,0.04585,0.0278,4-5 hours,"LKR 7,000 - 9,000"
1,0.04,0.12773,0.05147,4-5 hours,"LKR 7,000 - 9,000"
0,0.07895,0.2465,0.16746,5-6 hours,"LKR 9,000 - 12,000"
0,0.08,0.13058,0.10956,5-6 hours,"LKR 9,000 - 12,000"
0,0.08,0.19815,0.19249,5-6 hours,"LKR 9,000 - 12,000"
0,0.08,0.13217,0.08898,5-6 hours,"LKR 9,000 - 12,000"
0,0.08,0.1685,0.18645,5-6 hours,"LKR 9,000 - 12,000"
2,0.1,0.25544,0.10468,5-6 hours,"LKR 9,000 - 12,000"
1,0.04,0.12956,0.08744,4-5 hours,"LKR 7,000 - 9,000"
2,0.1,0.23194,0.1006,6-7 hours,"LKR 12,000 - 15,000"
1,0.01714,0.05057,0.03041,3-4 hours,"LKR 5,000 - 7,000"
1,0.00521,0.01,0.01243,2-3 hours,"LKR 3,000 - 5,000"
0,0.08,0.12974,0.08404,5-6 hours,"LKR 9,000 - 12,000"
1,0.04,0.12821,0.07207,4-5 hours,"LKR 7,000 - 9,000"
0,0.08,0.12123,0.13693,6-7 hours,"LKR 12,000 - 15,000"
0,0.08,0.14839,0.12672,5-6 hours,"LKR 9,000 - 12,000"
2,0.1,0.23158,0.20677,5-6 hours,"LKR 9,000 - 12,000"
1,0.04,0.11113,0.06286,4-5 hours,"LKR 7,000 - 9,000"
2,0.01867,0.02864,0.03083,4-5 hours,"LKR 7,000 - 9,000"
0,0.08,0.15838,0.10519,5-6 hours,"LKR 9,000 - 12,000"
0,0.08,0.18053,0.16492,5-6 hours,"LKR 9,000 - 12,000"
0,0.06036,0.17355,0.08727,5-6 hours,"LKR 9,000 - 12,000"
0,0.08,0.22131,0.09658,5-6 hours,"LKR 9,000 - 12,000"
0,0.08,0.22682,0.14201,5-6 hours,"LKR 9,000 - 12,000"
0,0.08,0.20789,0.15431,6-7 hours,"LKR 12,000 - 15,000"
1,0.03761,0.12622,0.05063,4-5 hours,"LKR 7,000 - 9,000"
0,0.08,0.2637,0.08709,5-6 hours,"LKR 9,000 - 12,000"
1,0.04,0.09403,0.04367,5-6 hours,"LKR 9,000 - 12,000"
0,0.08,0.12302,0.11151,5-6 hours,"LKR 9,000 - 12,000"
0,0.08,0.26049,0.12388,5-6 hours,"LKR 9,000 - 12,000"
0,0.08,0.19595,0.08944,5-6 hours,"LKR 9,000 - 12,000"
0,0.08,0.19379,0.14119,5-6 hours,"LKR 9,000 - 12,000"
2,0.1,0.25653,0.21548,5-6 hours,"LKR 9,000 - 12,000"
0,0.08,0.22554,0.17755,5-6 hours,"LKR 9,000 - 12,000"
1,0.04,0.09748,0.06606,4-5 hours,"LKR 7,000 - 9,000"
1,0.04,0.06583,0.06189,5-6 hours,"LKR 9,000 - 12,000"
1,0.04,0.13085,0.05931,4-5 hours,"LKR 7,000 - 9,000"
0,0.08,0.13436,0.16422,5-6 hours,"LKR 9,000 - 12,000"
1,0.04,0.11658,0.05292,4-5 hours,"LKR 7,000 - 9,000"
0,0.08,0.26459,0.12818,6-7 hours,"LKR 12,000 - 15,000"
0,0.08,0.27341,0.08925,5-6 hours,"LKR 9,000 - 12,000"
0,0.08,0.25247,0.11177,5-6 hours,"LKR 9,000 - 12,000"
0,0.08,0.14526,0.10187,6-7 hours,"LKR 12,000 - 15,000"
0,0.08,0.16456,0.08992,5-6 hours,"LKR 9,000 - 12,000"
0,0.08,0.24265,0.17677,5-6 hours,"LKR 9,000 - 12,000"
0,0.08,0.14797,0.19105,5-6 hours,"LKR 9,000 - 12,000"
1,0.04,0.08418,0.06708,4-5 hours,"LKR 7,000 - 9,000"
0,0.02867,0.06226,0.05369,4-5 hours,"LKR 7,000 - 9,000"
0,0.08,0.15708,0.19042,5-6 hours,"LKR 9,000 - 12,000"
1,0.04,0.07022,0.09602,4-5 hours,"LKR 7,000 - 9,000"
0,0.08,0.27068,0.16982,5-6 hours,"LKR 9,000 - 12,000"
0,0.08,0.17733,0.18241,5-6 hours,"LKR 9,000 - 12,000"
0,0.08,0.15136,0.15639,5-6 hours,"LKR 9,000 - 12,000"
1,0.04,0.07097,0.09936,4-5 hours,"LKR 7,000 - 9,000"
0,0.08,0.14686,0.19993,5-6 hours,"LKR 9,000 - 12,000"
1,0.04,0.09697,0.05534,4-5 hours,"LKR 7,000 - 9,000"
1,0.04,0.09109,0.05405,4-5 hours,"LKR 7,000 - 9,000"
2,0.09903,0.14977,0.16217,5-6 hours,"LKR 9,000 - 12,000"
2,0.1,0.27992,0.18142,5-6 hours,"LKR 9,000 - 12,000"
0,0.08,0.22226,0.1563,5-6 hours,"LKR 9,000 - 12,000"
1,0.04,0.097,0.06768,4-5 hours,"LKR 7,000 - 9,000"
0,0.08,0.14979,0.08052,6-7 hours,"LKR 12,000 - 15,000"
1,0.04,0.12857,0.06917,4-5 hours,"LKR 7,000 - 9,000"
0,0.08,0.22584,0.08401,6-7 hours,"LKR 12,000 - 15,000"
0,0.08,0.18982,0.19319,5-6 hours,"LKR 9,000 - 12,000"
0,0.0036,0.01035,0.01,2-3 hours,"LKR 3,000 - 5,000"
0,0.08,0.1759,0.13155,5-6 hours,"LKR 9,000 - 12,000"
1,0.04,0.12558,0.04261,4-5 hours,"LKR 7,000 - 9,000"
0,0.08,0.15367,0.11355,5-6 hours,"LKR 9,000 - 12,000"
0,0.08,0.16311,0.0897,5-6 hours,"LKR 9,000 - 12,000"
0,0.08,0.23432,0.16281,5-6 hours,"LKR 9,000 - 12,000"
0,0.08,0.15558,0.11124,5-6 hours,"LKR 9,000 - 12,000"
0,0.08,0.14337,0.09561,5-6 hours,"LKR 9,000 - 12,000"
0,0.08,0.13778,0.1245,5-6 hours,"LKR 9,000 - 12,000"
1,0.03727,0.08437,0.03818,4-5 hours,"LKR 7,000 - 9,000"
0,0.08,0.27569,0.09058,5-6 hours,"LKR 9,000 - 12,000"
2,0.1,0.31452,0.21919,5-6 hours,"LKR 9,000 - 12,000"
0,0.08,0.1241,0.08061,5-6 hours,"LKR 9,000 - 12,000"
0,0.05882,0.15783,0.08823,5-6 hours,"LKR 9,000 - 12,000"
1,0.04,0.08489,0.07305,4-5 hours,"LKR 7,000 - 9,000"
0,0.08,0.12894,0.1705,5-6 hours,"LKR 9,000 - 12,000"
1,0.04,0.13351,0.0441,4-5 hours,"LKR 7,000 - 9,000"
0,0.03407,0.09703,0.0577,4-5 hours,"LKR 7,000 - 9,000"
0,0.08,0.24405,0.12955,5-6 hours,"LKR 9,000 - 12,000"
0,0.08,0.13445,0.11539,5-6 hours,"LKR 9,000 - 12,000"
1,0.04,0.1363,0.0476,4-5 hours,"LKR 7,000 - 9,000"
1,0.04,0.11064,0.08008,4-5 hours,"LKR 7,000 - 9,000"
0,0.08,0.14592,0.13993,5-6 hours,"LKR 9,000 - 12,000"
2,0.1,0.27239,0.18235,5-6 hours,"LKR 9,000 - 12,000"
0,0.08,0.27167,0.08319,5-6 hours,"LKR 9,000 - 12,000"
1,0.04,0.08136,0.04091,4-5 hours,"LKR 7,000 - 9,000"
0,0.08,0.15214,0.16523,5-6 hours,"LKR 9,000 - 12,000"
1,0.04,0.10552,0.05488,4-5 hours,"LKR 7,000 - 9,000"
0,0.08,0.23147,0.09016,6-7 hours,"LKR 12,000 - 15,000"
1,0.04,0.0944,0.0656,4-5 hours,"LKR 7,000 - 9,000"
0,0.08,0.13135,0.18276,5-6 hours,"LKR 9,000 - 12,000"
1,0.04,0.125,0.08303,4-5 hours,"LKR 7,000 - 9,000"
0,0.08,0.17169,0.10358,5-6 hours,"LKR 9,000 - 12,000"
1,0.04,0.0915,0.09572,5-6 hours,"LKR 9,000 - 12,000"
2,0.0924,0.28683,0.12756,6-7 hours,"LKR 12,000 - 15,000"
0,0.08,0.22415,0.08735,5-6 hours,"LKR 9,000 - 12,000"
1,0.04,0.09673,0.05675,4-5 hours,"LKR 7,000 - 9,000"
0,0.06486,0.12463,0.07034,5-6 hours,"LKR 9,000 - 12,000"
2,0.1,0.20758,0.22615,5-6 hours,"LKR 9,000 - 12,000"
0,0.08,0.20966,0.18749,5-6 hours,"LKR 9,000 - 12,000"
1,0.04,0.1133,0.06229,5-6 hours,"LKR 9,000 - 12,000"
1,0.04,0.09617,0.05448,4-5 hours,"LKR 7,000 - 9,000"
1,0.04,0.09204,0.08325,4-5 hours,"LKR 7,000 - 9,000"
0,0.08,0.15522,0.12349,5-6 hours,"LKR 9,000 - 12,000"
0,0.0626,0.18148,0.06513,5-6 hours,"LKR 9,000 - 12,000"
0,0.08,0.13639,0.16655,5-6 hours,"LKR 9,000 - 12,000"
1,0.04,0.11819,0.0623,4-5 hours,"LKR 7,000 - 9,000"
0,0.08,0.12266,0.19638,5-6 hours,"LKR 9,000 - 12,000"
0,0.08,0.27449,0.11346,5-6 hours,"LKR 9,000 - 12,000"
1,0.04,0.09107,0.0855,5-6 hours,"LKR 9,000 - 12,000"
1,0.02765,0.05634,0.03536,3-4 hours,"LKR 5,000 - 7,000"
1,0.04,0.08121,0.05974,4-5 hours,"LKR 7,000 - 9,000"
2,0.04599,0.11905,0.10075,5-6 hours,"LKR 9,000 - 12,000"
2,0.1,0.30334,0.13459,5-6 hours,"LKR 9,000 - 12,000"
1,0.04,0.133,0.07196,4-5 hours,"LKR 7,000 - 9,000"
1,0.04,0.11116,0.05678,4-5 hours,"LKR 7,000 - 9,000"
1,0.04,0.09627,0.05611,4-5 hours,"LKR 7,000 - 9,000"
0,0.08,0.13696,0.16753,5-6 hours,"LKR 9,000 - 12,000"
0,0.02233,0.04105,0.04559,4-5 hours,"LKR 7,000 - 9,000"
0,0.08,0.15628,0.08594,5-6 hours,"LKR 9,000 - 12,000"
2,0.1,0.28699,0.24807,5-6 hours,"LKR 9,000 - 12,000"
0,0.08,0.20549,0.11927,5-6 hours,"LKR 9,000 - 12,000"
0,0.08,0.15471,0.18917,5-6 hours,"LKR 9,000 - 12,000"
1,0.04,0.0888,0.05287,4-5 hours,"LKR 7,000 - 9,000"
0,0.08,0.20347,0.19443,5-6 hours,"LKR 9,000 - 12,000"
0,0.08,0.26258,0.10941,5-6 hours,"LKR 9,000 - 12,000"
0,0.08,0.25719,0.097,5-6 hours,"LKR 9,000 - 12,000"
2,0.1,0.2914,0.11454,5-6 hours,"LKR 9,000 - 12,000"
0,0.08,0.15293,0.12351,6-7 hours,"LKR 12,000 - 15,000"
0,0.08,0.14169,0.13391,5-6 hours,"LKR 9,000 - 12,000"
2,0.1,0.297,0.11202,6-7 hours,"LKR 12,000 - 15,000"
2,0.1,0.17076,0.12557,5-6 hours,"LKR 9,000 - 12,000"
1,0.04,0.09655,0.05593,4-5 hours,"LKR 7,000 - 9,000"
1,0.04,0.0665,0.08188,4-5 hours,"LKR 7,000 - 9,000"
0,0.06171,0.20826,0.06986,6-7 hours,"LKR 12,000 - 15,000"
1,0.03764,0.07772,0.06265,4-5 hours,"LKR 7,000 - 9,000"
1,0.04,0.1021,0.09782,4-5 hours,"LKR 7,000 - 9,000"
2,0.1,0.26672,0.23936,5-6 hours,"LKR 9,000 - 12,000"
2,0.07238,0.24746,0.07476,5-6 hours,"LKR 9,000 - 12,000"
2,0.1,0.34969,0.12007,5-6 hours,"LKR 9,000 - 12,000"
2,0.1,0.27642,0.1897,5-6 hours,"LKR 9,000 - 12,000"
0,0.08,0.15319,0.19995,5-6 hours,"LKR 9,000 - 12,000"
0,0.08,0.22682,0.10471,5-6 hours,"LKR 9,000 - 12,000"
2,0.1,0.19751,0.17808,5-6 hours,"LKR 9,000 - 12,000"
1,0.04,0.07349,0.0952,4-5 hours,"LKR 7,000 - 9,000"
0,0.08,0.17709,0.1719,5-6 hours,"LKR 9,000 - 12,000"
0,0.08,0.2251,0.18564,5-6 hours,"LKR 9,000 - 12,000"
0,0.08,0.2688,0.15522,6-7 hours,"LKR 12,000 - 15,000"
0,0.08,0.26133,0.08926,5-6 hours,"LKR 9,000 - 12,000"
1,0.04,0.13259,0.08915,4-5 hours,"LKR 7,000 - 9,000"
0,0.04728,0.09435,0.05726,4-5 hours,"LKR 7,000 - 9,000"
1,0.04,0.11716,0.0927,4-5 hours,"LKR 7,000 - 9,000"
1,0.04,0.09874,0.04905,4-5 hours,"LKR 7,000 - 9,000"
0,0.02569,0.06946,0.02571,4-5 hours,"LKR 7,000 - 9,000"
2,0.04868,0.0853,0.0808,5-6 hours,"LKR 9,000 - 12,000"
0,0.06392,0.15347,0.10984,5-6 hours,"LKR 9,000 - 12,000"
0,0.08,0.20121,0.10594,5-6 hours,"LKR 9,000 - 12,000"
1,0.04,0.09655,0.08331,5-6 hours,"LKR 9,000 - 12,000"
0,0.08,0.18869,0.19255,5-6 hours,"LKR 9,000 - 12,000"
2,0.1,0.1614,0.17273,5-6 hours,"LKR 9,000 - 12,000"
0,0.03558,0.07544,0.05984,4-5 hours,"LKR 7,000 - 9,000"
0,0.0405,0.12042,0.06286,4-5 hours,"LKR 7,000 - 9,000"
1,0.04,0.06942,0.09981,4-5 hours,"LKR 7,000 - 9,000"
1,0.04,0.13341,0.04696,4-5 hours,"LKR 7,000 - 9,000"
2,0.1,0.30514,0.19833,5-6 hours,"LKR 9,000 - 12,000"
1,0.04,0.11297,0.04467,4-5 hours,"LKR 7,000 - 9,000"
0,0.08,0.22136,0.09162,6-7 hours,"LKR 12,000 - 15,000"
1,0.04,0.07899,0.07428,4-5 hours,"LKR 7,000 - 9,000"
1,0.04,0.11494,0.04679,4-5 hours,"LKR 7,000 - 9,000"
1,0.04,0.11956,0.0852,4-5 hours,"LKR 7,000 - 9,000"
1,0.04,0.11263,0.05128,4-5 hours,"LKR 7,000 - 9,000"
0,0.08,0.13115,0.12365,5-6 hours,"LKR 9,000 - 12,000"
1,0.04,0.08628,0.04514,4-5 hours,"LKR 7,000 - 9,000"
0,0.08,0.22677,0.13756,5-6 hours,"LKR 9,000 - 12,000"
0,0.08,0.25071,0.15354,5-6 hours,"LKR 9,000 - 12,000"
0,0.08,0.18474,0.0986,5-6 hours,"LKR 9,000 - 12,000"
1,0.04,0.09033,0.08498,4-5 hours,"LKR 7,000 - 9,000"
0,0.08,0.16039,0.12935,5-6 hours,"LKR 9,000 - 12,000"
0,0.08,0.26909,0.11201,6-7 hours,"LKR 12,000 - 15,000"
0,0.08,0.14646,0.17016,5-6 hours,"LKR 9,000 - 12,000"
1,0.04,0.091,0.07394,4-5 hours,"LKR 7,000 - 9,000"
1,0.04,0.08817,0.06807,4-5 hours,"LKR 7,000 - 9,000"
0,0.08,0.14645,0.18581,5-6 hours,"LKR 9,000 - 12,000"
0,0.08,0.26709,0.18592,6-7 hours,"LKR 12,000 - 15,000"
0,0.08,0.25466,0.13067,5-6 hours,"LKR 9,000 - 12,000"
1,0.04,0.096,0.05157,4-5 hours,"LKR 7,000 - 9,000"
1,0.04,0.13771,0.09403,4-5 hours,"LKR 7,000 - 9,000"
0,0.08,0.23762,0.17844,5-6 hours,"LKR 9,000 - 12,000"
0,0.08,0.26442,0.08217,5-6 hours,"LKR 9,000 - 12,000"
1,0.04,0.06328,0.05176,4-5 hours,"LKR 7,000 - 9,000"
1,0.02334,0.04694,0.0335,3-4 hours,"LKR 5,000 - 7,000"
0,0.02906,0.08784,0.06516,4-5 hours,"LKR 7,000 - 9,000"
1,0.04,0.13079,0.04063,4-5 hours,"LKR 7,000 - 9,000"
1,0.04,0.06828,0.07198,4-5 hours,"LKR 7,000 - 9,000"
1,0.04,0.11907,0.09915,4-5 hours,"LKR 7,000 - 9,000"
1,0.04,0.09646,0.06169,4-5 hours,"LKR 7,000 - 9,000"
2,0.1,0.229,0.21367,5-6 hours,"LKR 9,000 - 12,000"
0,0.08,0.16882,0.16267,5-6 hours,"LKR 9,000 - 12,000"
0,0.08,0.18573,0.14761,5-6 hours,"LKR 9,000 - 12,000"
0,0.08,0.18741,0.1135,5-6 hours,"LKR 9,000 - 12,000"
0,0.08,0.22418,0.11578,5-6 hours,"LKR 9,000 - 12,000"
0,0.08,0.1289,0.1322,5-6 hours,"LKR 9,000 - 12,000"
2,0.1,0.16035,0.13934,5-6 hours,"LKR 9,000 - 12,000"
0,0.08,0.27978,0.16236,5-6 hours,"LKR 9,000 - 12,000"
0,0.08,0.17104,0.15067,5-6 hours,"LKR 9,000 - 12,000"
0,0.08,0.22144,0.10616,5-6 hours,"LKR 9,000 - 12,000"
0,0.08,0.24354,0.14313,5-6 hours,"LKR 9,000 - 12,000"
0,0.08,0.21064,0.17769,5-6 hours,"LKR 9,000 - 12,000"
2,0.1,0.24252,0.19655,5-6 hours,"LKR 9,000 - 12,000"
0,0.08,0.18569,0.19081,5-6 hours,"LKR 9,000 - 12,000"
1,0.04,0.09088,0.04885,5-6 hours,"LKR 9,000 - 12,000"
1,0.04,0.12269,0.05889,4-5 hours,"LKR 7,000 - 9,000"
0,0.08,0.20714,0.17064,5-6 hours,"LKR 9,000 - 12,000"
0,0.08,0.21138,0.18554,5-6 hours,"LKR 9,000 - 12,000"
1,0.04,0.09772,0.04587,4-5 hours,"LKR 7,000 - 9,000"
1,0.04,0.07234,0.09425,4-5 hours,"LKR 7,000 - 9,000"
1,0.04,0.12583,0.04593,4-5 hours,"LKR 7,000 - 9,000"
1,0.04,0.08059,0.04517,4-5 hours,"LKR 7,000 - 9,000"
0,0.08,0.1397,0.14491,5-6 hours,"LKR 9,000 - 12,000"
0,0.08,0.17527,0.17442,5-6 hours,"LKR 9,000 - 12,000"
1,0.04,0.12079,0.04733,4-5 hours,"LKR 7,000 - 9,000"
2,0.1,0.28073,0.21721,5-6 hours,"LKR 9,000 - 12,000"
0,0.08,0.2558,0.15166,5-6 hours,"LKR 9,000 - 12,000"
0,0.08,0.22284,0.0862,5-6 hours,"LKR 9,000 - 12,000"
2,0.1,0.24682,0.18382,5-6 hours,"LKR 9,000 - 12,000"
1,0.04,0.06244,0.08312,4-5 hours,"LKR 7,000 - 9,000"
0,0.07298,0.14625,0.10454,5-6 hours,"LKR 9,000 - 12,000"
1,0.02179,0.04095,0.04317,3-4 hours,"LKR 5,000 - 7,000"
0,0.08,0.26089,0.15603,5-6 hours,"LKR 9,000 - 12,000"
1,0.04,0.10744,0.0751,5-6 hours,"LKR 9,000 - 12,000"
0,0.08,0.22251,0.16609,5-6 hours,"LKR 9,000 - 12,000"
0,0.08,0.14018,0.11736,6-7 hours,"LKR 12,000 - 15,000"
1,0.04,0.07632,0.07363,4-5 hours,"LKR 7,000 - 9,000"
2,0.1,0.23009,0.16818,5-6 hours,"LKR 9,000 - 12,000"
1,0.04,0.11517,0.08643,5-6 hours,"LKR 9,000 - 12,000"
2,0.1,0.20795,0.16637,5-6 hours,"LKR 9,000 - 12,000"
2,0.1,0.18246,0.10731,5-6 hours,"LKR 9,000 - 12,000"
1,0.04,0.08731,0.06847,4-5 hours,"LKR 7,000 - 9,000"
0,0.08,0.13319,0.14242,5-6 hours,"LKR 9,000 - 12,000"
1,0.04,0.07179,0.08834,4-5 hours,"LKR 7,000 - 9,000"
1,0.04,0.07232,0.0746,4-5 hours,"LKR 7,000 - 9,000"
2,0.1,0.27285,0.22249,5-6 hours,"LKR 9,000 - 12,000"
0,0.08,0.25552,0.19519,6-7 hours,"LKR 12,000 - 15,000"
1,0.04,0.08984,0.06291,4-5 hours,"LKR 7,000 - 9,000"
1,0.04,0.06735,0.08201,4-5 hours,"LKR 7,000 - 9,000"
0,0.08,0.25042,0.08305,5-6 hours,"LKR 9,000 - 12,000"
0,0.08,0.20069,0.18198,5-6 hours,"LKR 9,000 - 12,000"
1,0.04,0.07655,0.09519,4-5 hours,"LKR 7,000 - 9,000"
1,0.04,0.08584,0.05897,4-5 hours,"LKR 7,000 - 9,000"
0,0.08,0.15901,0.11144,5-6 hours,"LKR 9,000 - 12,000"
2,0.1,0.25383,0.21468,5-6 hours,"LKR 9,000 - 12,000"
2,0.1,0.19414,0.15247,5-6 hours,"LKR 9,000 - 12,000"
0,0.08,0.21473,0.14437,5-6 hours,"LKR 9,000 - 12,000"
0,0.08,0.21158,0.173,5-6 hours,"LKR 9,000 - 12,000"
2,0.1,0.29875,0.24528,5-6 hours,"LKR 9,000 - 12,000"
0,0.08,0.14016,0.14326,5-6 hours,"LKR 9,000 - 12,000"
0,0.08,0.2121,0.1611,5-6 hours,"LKR 9,000 - 12,000"
1,0.04,0.13692,0.04364,4-5 hours,"LKR 7,000 - 9,000"
1,0.04,0.13449,0.09904,5-6 hours,"LKR 9,000 - 12,000"
0,0.03388,0.05943,0.03404,4-5 hours,"LKR 7,000 - 9,000"
0,0.08,0.21109,0.16154,5-6 hours,"LKR 9,000 - 12,000"
1,0.04,0.13396,0.07991,4-5 hours,"LKR 7,000 - 9,000"
1,0.01305,0.04488,0.02398,2-3 hours,"LKR 3,000 - 5,000"
0,0.08,0.18629,0.15493,5-6 hours,"LKR 9,000 - 12,000"
1,0.04,0.09779,0.0459,4-5 hours,"LKR 7,000 - 9,000"
1,0.04,0.07398,0.08863,4-5 hours,"LKR 7,000 - 9,000"
1,0.04,0.09408,0.05622,4-5 hours,"LKR 7,000 - 9,000"
1,0.04,0.06874,0.04629,4-5 hours,"LKR 7,000 - 9,000"
2,0.1,0.2609,0.16632,5-6 hours,"LKR 9,000 - 12,000"
0,0.08,0.23671,0.19487,5-6 hours,"LKR 9,000 - 12,000"
2,0.1,0.29125,0.20373,5-6 hours,"LKR 9,000 - 12,000"
0,0.01942,0.06206,0.03626,3-4 hours,"LKR 5,000 - 7,000"
0,0.08,0.14552,0.14219,5-6 hours,"LKR 9,000 - 12,000"
0,0.06923,0.24098,0.08655,6-7 hours,"LKR 12,000 - 15,000"
1,0.04,0.13825,0.06069,4-5 hours,"LKR 7,000 - 9,000"
0,0.08,0.27826,0.12123,5-6 hours,"LKR 9,000 - 12,000"
1,0.04,0.06223,0.0424,4-5 hours,"LKR 7,000 - 9,000"
0,0.08,0.14384,0.161,5-6 hours,"LKR 9,000 - 12,000"
0,0.08,0.20583,0.14921,5-6 hours,"LKR 9,000 - 12,000"
2,0.1,0.18743,0.18445,5-6 hours,"LKR 9,000 - 12,000"
0,0.08,0.27284,0.12597,5-6 hours,"LKR 9,000 - 12,000"
2,0.1,0.27998,0.1169,5-6 hours,"LKR 9,000 - 12,000"
0,0.08,0.24649,0.15016,5-6 hours,"LKR 9,000 - 12,000"
0,0.08,0.2302,0.09248,5-6 hours,"LKR 9,000 - 12,000"
1,0.04,0.13682,0.09217,4-5 hours,"LKR 7,000 - 9,000"
1,0.04,0.13351,0.08926,4-5 hours,"LKR 7,000 - 9,000"
1,0.04,0.08128,0.06179,4-5 hours,"LKR 7,000 - 9,000"
2,0.1,0.31932,0.22823,5-6 hours,"LKR 9,000 - 12,000"
0,0.08,0.26815,0.16678,6-7 hours,"LKR 12,000 - 15,000"
0,0.08,0.27658,0.1953,5-6 hours,"LKR 9,000 - 12,000"
0,0.08,0.21964,0.13426,5-6 hours,"LKR 9,000 - 12,000"
0,0.08,0.27798,0.08527,5-6 hours,"LKR 9,000 - 12,000"
0,0.08,0.20976,0.19761,5-6 hours,"LKR 9,000 - 12,000"
0,0.08,0.21494,0.11055,5-6 hours,"LKR 9,000 - 12,000"
0,0.08,0.2565,0.19826,5-6 hours,"LKR 9,000 - 12,000"
0,0.08,0.247,0.13914,5-6 hours,"LKR 9,000 - 12,000"
1,0.04,0.10969,0.05563,4-5 hours,"LKR 7,000 - 9,000"
0,0.08,0.25924,0.13125,5-6 hours,"LKR 9,000 - 12,000"
0,0.08,0.16103,0.0897,6-7 hours,"LKR 12,000 - 15,000"
0,0.08,0.26418,0.13854,5-6 hours,"LKR 9,000 - 12,000"
1,0.04,0.10264,0.09718,4-5 hours,"LKR 7,000 - 9,000"
0,0.08,0.20738,0.09061,5-6 hours,"LKR 9,000 - 12,000"
2,0.1,0.32852,0.1695,5-6 hours,"LKR 9,000 - 12,000"
0,0.08,0.21039,0.14713,5-6 hours,"LKR 9,000 - 12,000"
2,0.1,0.19341,0.21816,5-6 hours,"LKR 9,000 - 12,000"
1,0.04,0.08578,0.07399,4-5 hours,"LKR 7,000 - 9,000"
2,0.1,0.24585,0.21752,5-6 hours,"LKR 9,000 - 12,000"
2,0.1,0.33982,0.13382,5-6 hours,"LKR 9,000 - 12,000"
1,0.04,0.0871,0.05073,4-5 hours,"LKR 7,000 - 9,000"
0,0.08,0.2726,0.18423,5-6 hours,"LKR 9,000 - 12,000"
0,0.08,0.20883,0.09212,5-6 hours,"LKR 9,000 - 12,000"
1,0.04,0.13559,0.07992,4-5 hours,"LKR 7,000 - 9,000"
0,0.05285,0.08076,0.09437,5-6 hours,"LKR 9,000 - 12,000"
1,0.04,0.0986,0.05473,4-5 hours,"LKR 7,000 - 9,000"
0,0.08,0.15622,0.12974,5-6 hours,"LKR 9,000 - 12,000"
0,0.08,0.24363,0.08855,5-6 hours,"LKR 9,000 - 12,000"
0,0.0661,0.16965,0.13816,5-6 hours,"LKR 9,000 - 12,000"
1,0.04,0.06841,0.09266,5-6 hours,"LKR 9,000 - 12,000"
1,0.04,0.11274,0.07614,4-5 hours,"LKR 7,000 - 9,000"
0,0.08,0.14789,0.13569,5-6 hours,"LKR 9,000 - 12,000"
0,0.08,0.20847,0.14758,5-6 hours,"LKR 9,000 - 12,000"
0,0.08,0.20667,0.18067,5-6 hours,"LKR 9,000 - 12,000"
0,0.08,0.25951,0.10522,5-6 hours,"LKR 9,000 - 12,000"
0,0.08,0.14456,0.08448,5-6 hours,"LKR 9,000 - 12,000"
0,0.08,0.21308,0.1367,5-6 hours,"LKR 9,000 - 12,000"
1,0.04,0.08983,0.06788,4-5 hours,"LKR 7,000 - 9,000"
0,0.08,0.20396,0.18509,5-6 hours,"LKR 9,000 - 12,000"
1,0.04,0.10827,0.05166,4-5 hours,"LKR 7,000 - 9,000"
0,0.08,0.14287,0.132,5-6 hours,"LKR 9,000 - 12,000"
0,0.06816,0.14798,0.06928,5-6 hours,"LKR 9,000 - 12,000"
1,0.04,0.09133,0.09808,4-5 hours,"LKR 7,000 - 9,000"
1,0.03212,0.08771,0.03341,4-5 hours,"LKR 7,000 - 9,000"
1,0.00986,0.0256,0.01665,2-3 hours,"LKR 3,000 - 5,000"
1,0.04,0.06895,0.09464,4-5 hours,"LKR 7,000 - 9,000"
1,0.04,0.0809,0.07785,4-5 hours,"LKR 7,000 - 9,000"
0,0.08,0.24864,0.14378,6-7 hours,"LKR 12,000 - 15,000"
1,0.04,0.06133,0.05312,5-6 hours,"LKR 9,000 - 12,000"
1,0.04,0.10499,0.06936,5-6 hours,"LKR 9,000 - 12,000"
0,0.08,0.23762,0.13512,5-6 hours,"LKR 9,000 - 12,000"
1,0.04,0.12509,0.09437,4-5 hours,"LKR 7,000 - 9,000"
0,0.08,0.25669,0.11374,6-7 hours,"LKR 12,000 - 15,000"
1,0.04,0.12152,0.04284,4-5 hours,"LKR 7,000 - 9,000"
2,0.1,0.30835,0.10718,5-6 hours,"LKR 9,000 - 12,000"
1,0.0071,0.02239,0.01454,3-4 hours,"LKR 5,000 - 7,000"
2,0.1,0.32809,0.18961,5-6 hours,"LKR 9,000 - 12,000"
1,0.04,0.0771,0.05523,4-5 hours,"LKR 7,000 - 9,000"
0,0.08,0.25889,0.09354,5-6 hours,"LKR 9,000 - 12,000"
1,0.04,0.08609,0.07516,4-5 hours,"LKR 7,000 - 9,000"
1,0.04,0.09138,0.0681,4-5 hours,"LKR 7,000 - 9,000"
0,0.08,0.17341,0.10376,5-6 hours,"LKR 9,000 - 12,000"
1,0.04,0.11434,0.09642,4-5 hours,"LKR 7,000 - 9,000"
2,0.1,0.21899,0.13695,5-6 hours,"LKR 9,000 - 12,000"
1,0.04,0.0703,0.06047,4-5 hours,"LKR 7,000 - 9,000"
1,0.04,0.09061,0.05952,5-6 hours,"LKR 9,000 - 12,000"
0,0.08,0.1561,0.19061,5-6 hours,"LKR 9,000 - 12,000"
0,0.08,0.18895,0.15025,5-6 hours,"LKR 9,000 - 12,000"
1,0.04,0.11585,0.08739,4-5 hours,"LKR 7,000 - 9,000"
2,0.1,0.29126,0.20739,5-6 hours,"LKR 9,000 - 12,000"
0,0.08,0.1908,0.1629,5-6 hours,"LKR 9,000 - 12,000"
1,0.04,0.07991,0.06642,4-5 hours,"LKR 7,000 - 9,000"
1,0.04,0.06323,0.09509,4-5 hours,"LKR 7,000 - 9,000"
0,0.08,0.20805,0.11949,5-6 hours,"LKR 9,000 - 12,000"
2,0.1,0.18753,0.14338,5-6 hours,"LKR 9,000 - 12,000"
2,0.1,0.18601,0.23322,5-6 hours,"LKR 9,000 - 12,000"
0,0.08,0.16968,0.12694,6-7 hours,"LKR 12,000 - 15,000"
0,0.08,0.19048,0.12634,5-6 hours,"LKR 9,000 - 12,000"
0,0.08,0.12083,0.14902,5-6 hours,"LKR 9,000 - 12,000"
1,0.04,0.06176,0.07769,4-5 hours,"LKR 7,000 - 9,000"
2,0.1,0.32108,0.16659,5-6 hours,"LKR 9,000 - 12,000"
1,0.04,0.06297,0.05254,4-5 hours,"LKR 7,000 - 9,000"
1,0.04,0.07152,0.09149,4-5 hours,"LKR 7,000 - 9,000"
0,0.01386,0.0349,0.03288,3-4 hours,"LKR 5,000 - 7,000"
0,0.08,0.21181,0.15066,5-6 hours,"LKR 9,000 - 12,000"
0,0.08,0.19561,0.08764,5-6 hours,"LKR 9,000 - 12,000"
1,0.04,0.1371,0.07341,4-5 hours,"LKR 7,000 - 9,000"
0,0.08,0.27076,0.15422,6-7 hours,"LKR 12,000 - 15,000"
0,0.03936,0.09701,0.04447,5-6 hours,"LKR 9,000 - 12,000"
0,0.03902,0.0619,0.08449,4-5 hours,"LKR 7,000 - 9,000"
0,0.08,0.26455,0.13355,5-6 hours,"LKR 9,000 - 12,000"
1,0.04,0.06181,0.05413,4-5 hours,"LKR 7,000 - 9,000"
0,0.08,0.16879,0.15498,5-6 hours,"LKR 9,000 - 12,000"
2,0.1,0.30734,0.10227,5-6 hours,"LKR 9,000 - 12,000"
1,0.04,0.11687,0.09073,4-5 hours,"LKR 7,000 - 9,000"
0,0.08,0.25369,0.19649,5-6 hours,"LKR 9,000 - 12,000"
0,0.08,0.21311,0.14588,6-7 hours,"LKR 12,000 - 15,000"
0,0.08,0.19216,0.14965,5-6 hours,"LKR 9,000 - 12,000"
2,0.1,0.279,0.10219,5-6 hours,"LKR 9,000 - 12,000"
2,0.1,0.28446,0.23406,5-6 hours,"LKR 9,000 - 12,000"
0,0.08,0.1564,0.09631,5-6 hours,"LKR 9,000 - 12,000"
1,0.04,0.12973,0.04486,4-5 hours,"LKR 7,000 - 9,000"
1,0.04,0.06643,0.05098,4-5 hours,"LKR 7,000 - 9,000"
1,0.04,0.11938,0.06985,4-5 hours,"LKR 7,000 - 9,000"
0,0.08,0.1616,0.17067,5-6 hours,"LKR 9,000 - 12,000"
0,0.08,0.22871,0.15008,5-6 hours,"LKR 9,000 - 12,000"
2,0.1,0.19064,0.13057,5-6 hours,"LKR 9,000 - 12,000"
0,0.03956,0.11203,0.07382,5-6 hours,"LKR 9,000 - 12,000"
1,0.04,0.07733,0.04743,4-5 hours,"LKR 7,000 - 9,000"
0,0.08,0.20551,0.11578,5-6 hours,"LKR 9,000 - 12,000"
0,0.04337,0.09441,0.04797,4-5 hours,"LKR 7,000 - 9,000"
1,0.04,0.1299,0.04467,4-5 hours,"LKR 7,000 - 9,000"
1,0.04,0.10123,0.07767,4-5 hours,"LKR 7,000 - 9,000"
0,0.07854,0.16298,0.10443,5-6 hours,"LKR 9,000 - 12,000"
1,0.04,0.07722,0.07012,4-5 hours,"LKR 7,000 - 9,000"
1,0.00813,0.02344,0.01375,2-3 hours,"LKR 3,000 - 5,000"
0,0.08,0.1524,0.08728,5-6 hours,"LKR 9,000 - 12,000"
0,0.08,0.14394,0.18188,5-6 hours,"LKR 9,000 - 12,000"
0,0.08,0.18281,0.13113,5-6 hours,"LKR 9,000 - 12,000"
0,0.08,0.19633,0.14382,5-6 hours,"LKR 9,000 - 12,000"
1,0.04,0.12432,0.07846,4-5 hours,"LKR 7,000 - 9,000"
0,0.08,0.18496,0.17556,5-6 hours,"LKR 9,000 - 12,000"
0,0.02973,0.06787,0.04327,4-5 hours,"LKR 7,000 - 9,000"
1,0.04,0.09657,0.04656,4-5 hours,"LKR 7,000 - 9,000"
0,0.08,0.19085,0.13432,5-6 hours,"LKR 9,000 - 12,000"
0,0.08,0.14382,0.19084,5-6 hours,"LKR 9,000 - 12,000"
1,0.04,0.11918,0.09021,4-5 hours,"LKR 7,000 - 9,000"
0,0.08,0.26048,0.17606,5-6 hours,"LKR 9,000 - 12,000"
0,0.08,0.21936,0.16513,6-7 hours,"LKR 12,000 - 15,000"
0,0.08,0.1611,0.09246,5-6 hours,"LKR 9,000 - 12,000"
0,0.08,0.20246,0.13734,5-6 hours,"LKR 9,000 - 12,000"
0,0.03113,0.10089,0.05305,4-5 hours,"LKR 7,000 - 9,000"
0,0.08,0.20403,0.16424,5-6 hours,"LKR 9,000 - 12,000"
1,0.04,0.1117,0.09251,4-5 hours,"LKR 7,000 - 9,000"
0,0.08,0.20165,0.11703,5-6 hours,"LKR 9,000 - 12,000"
0,0.01773,0.03637,0.03741,3-4 hours,"LKR 5,000 - 7,000"
0,0.08,0.17458,0.14546,5-6 hours,"LKR 9,000 - 12,000"
0,0.08,0.12248,0.11557,6-7 hours,"LKR 12,000 - 15,000"
0,0.08,0.26156,0.16357,5-6 hours,"LKR 9,000 - 12,000"
1,0.01716,0.03606,0.02039,3-4 hours,"LKR 5,000 - 7,000"
0,0.08,0.19068,0.15561,5-6 hours,"LKR 9,000 - 12,000"
2,0.1,0.24237,0.20253,5-6 hours,"LKR 9,000 - 12,000"
2,0.1,0.15711,0.14291,5-6 hours,"LKR 9,000 - 12,000"
2,0.1,0.25454,0.12132,6-7 hours,"LKR 12,000 - 15,000"
0,0.08,0.16577,0.13878,5-6 hours,"LKR 9,000 - 12,000"
1,0.02147,0.04269,0.03337,3-4 hours,"LKR 5,000 - 7,000"
1,0.04,0.13849,0.07562,4-5 hours,"LKR 7,000 - 9,000"
2,0.1,0.20514,0.161,5-6 hours,"LKR 9,000 - 12,000"
2,0.1,0.18013,0.20299,5-6 hours,"LKR 9,000 - 12,000"
0,0.08,0.16588,0.15373,5-6 hours,"LKR 9,000 - 12,000"
2,0.1,0.31443,0.10339,5-6 hours,"LKR 9,000 - 12,000"
2,0.1,0.27516,0.17395,5-6 hours,"LKR 9,000 - 12,000"
1,0.04,0.12204,0.09386,4-5 hours,"LKR 7,000 - 9,000"
2,0.1,0.26841,0.13529,5-6 hours,"LKR 9,000 - 12,000"
0,0.08,0.16001,0.19446,5-6 hours,"LKR 9,000 - 12,000"
0,0.08,0.26913,0.09411,5-6 hours,"LKR 9,000 - 12,000"
1,0.04,0.11354,0.05958,4-5 hours,"LKR 7,000 - 9,000"
2,0.1,0.24538,0.19445,5-6 hours,"LKR 9,000 - 12,000"
0,0.08,0.12555,0.11077,5-6 hours,"LKR 9,000 - 12,000"
1,0.04,0.08831,0.04812,4-5 hours,"LKR 7,000 - 9,000"
0,0.03649,0.0798,0.05662,4-5 hours,"LKR 7,000 - 9,000"
0,0.08,0.21984,0.16652,6-7 hours,"LKR 12,000 - 15,000"
1,0.04,0.09252,0.08247,4-5 hours,"LKR 7,000 - 9,000"
0,0.08,0.21898,0.12861,5-6 hours,"LKR 9,000 - 12,000"
1,0.04,0.09726,0.0586,4-5 hours,"LKR 7,000 - 9,000"
0,0.08,0.18366,0.10962,5-6 hours,"LKR 9,000 - 12,000"
0,0.08,0.14461,0.18623,5-6 hours,"LKR 9,000 - 12,000"
2,0.1,0.18791,0.24642,5-6 hours,"LKR 9,000 - 12,000"
1,0.04,0.08426,0.07583,4-5 hours,"LKR 7,000 - 9,000"
1,0.04,0.08585,0.05639,4-5 hours,"LKR 7,000 - 9,000"
1,0.04,0.0642,0.0659,5-6 hours,"LKR 9,000 - 12,000"
0,0.08,0.22364,0.09131,5-6 hours,"LKR 9,000 - 12,000"
0,0.08,0.18838,0.12048,5-6 hours,"LKR 9,000 - 12,000"
0,0.08,0.16032,0.16531,6-7 hours,"LKR 12,000 - 15,000"
1,0.04,0.09512,0.09275,4-5 hours,"LKR 7,000 - 9,000"
1,0.04,0.09109,0.09181,4-5 hours,"LKR 7,000 - 9,000"
1,0.04,0.10871,0.09503,4-5 hours,"LKR 7,000 - 9,000"
0,0.08,0.14199,0.13167,5-6 hours,"LKR 9,000 - 12,000"
2,0.1,0.33513,0.10068,5-6 hours,"LKR 9,000 - 12,000"
0,0.08,0.16207,0.14041,5-6 hours,"LKR 9,000 - 12,000"
0,0.08,0.12106,0.11323,5-6 hours,"LKR 9,000 - 12,000"
0,0.08,0.23018,0.16691,5-6 hours,"LKR 9,000 - 12,000"
0,0.08,0.13407,0.19398,5-6 hours,"LKR 9,000 - 12,000"
1,0.04,0.11899,0.051,4-5 hours,"LKR 7,000 - 9,000"
0,0.08,0.23758,0.14056,5-6 hours,"LKR 9,000 - 12,000"
1,0.04,0.1229,0.07476,4-5 hours,"LKR 7,000 - 9,000"
2,0.1,0.19266,0.15174,5-6 hours,"LKR 9,000 - 12,000"
2,0.1,0.23378,0.24043,5-6 hours,"LKR 9,000 - 12,000"
1,0.04,0.06176,0.05316,4-5 hours,"LKR 7,000 - 9,000"
1,0.04,0.07481,0.08243,4-5 hours,"LKR 7,000 - 9,000"
0,0.08,0.22564,0.10934,5-6 hours,"LKR 9,000 - 12,000"
0,0.05454,0.15009,0.06506,5-6 hours,"LKR 9,000 - 12,000"
1,0.04,0.07263,0.08731,4-5 hours,"LKR 7,000 - 9,000"
0,0.08,0.12084,0.10712,5-6 hours,"LKR 9,000 - 12,000"
0,0.08,0.20904,0.11287,5-6 hours,"LKR 9,000 - 12,000"
0,0.08,0.27736,0.16567,5-6 hours,"LKR 9,000 - 12,000"
2,0.1,0.29327,0.22329,5-6 hours,"LKR 9,000 - 12,000"
0,0.08,0.12782,0.15642,5-6 hours,"LKR 9,000 - 12,000"
0,0.08,0.14869,0.16078,5-6 hours,"LKR 9,000 - 12,000"
0,0.08,0.20526,0.1118,5-6 hours,"LKR 9,000 - 12,000"
0,0.07709,0.12525,0.16868,5-6 hours,"LKR 9,000 - 12,000"
0,0.08,0.16425,0.08814,5-6 hours,"LKR 9,000 - 12,000"
1,0.04,0.12631,0.07566,5-6 hours,"LKR 9,000 - 12,000"
0,0.08,0.27367,0.10704,5-6 hours,"LKR 9,000 - 12,000"
1,0.04,0.0716,0.05443,4-5 hours,"LKR 7,000 - 9,000"
0,0.04956,0.0998,0.09051,4-5 hours,"LKR 7,000 - 9,000"
1,0.04,0.09784,0.08377,4-5 hours,"LKR 7,000 - 9,000"
0,0.08,0.1929,0.09188,5-6 hours,"LKR 9,000 - 12,000"
0,0.0166,0.03495,0.02426,3-4 hours,"LKR 5,000 - 7,000"
1,0.04,0.13477,0.09261,4-5 hours,"LKR 7,000 - 9,000"
0,0.08,0.27681,0.1793,5-6 hours,"LKR 9,000 - 12,000"
1,0.04,0.10581,0.09065,4-5 hours,"LKR 7,000 - 9,000"
0,0.04787,0.07761,0.09845,4-5 hours,"LKR 7,000 - 9,000"
1,0.04,0.11176,0.07597,4-5 hours,"LKR 7,000 - 9,000"
2,0.1,0.21603,0.15187,5-6 hours,"LKR 9,000 - 12,000"
0,0.08,0.12923,0.09914,5-6 hours,"LKR 9,000 - 12,000"
0,0.08,0.22029,0.08418,5-6 hours,"LKR 9,000 - 12,000"
2,0.1,0.21525,0.249,5-6 hours,"LKR 9,000 - 12,000"
0,0.08,0.24522,0.11296,5-6 hours,"LKR 9,000 - 12,000"
1,0.0353,0.05847,0.06541,4-5 hours,"LKR 7,000 - 9,000"
1,0.04,0.09686,0.0786,5-6 hours,"LKR 9,000 - 12,000"
1,0.04,0.09569,0.09188,5-6 hours,"LKR 9,000 - 12,000"
0,0.08,0.21668,0.17179,5-6 hours,"LKR 9,000 - 12,000"
1,0.04,0.10942,0.09769,4-5 hours,"LKR 7,000 - 9,000"
0,0.08,0.25407,0.08735,5-6 hours,"LKR 9,000 - 12,000"
1,0.03586,0.07136,0.08345,4-5 hours,"LKR 7,000 - 9,000"
2,0.1,0.32151,0.15273,5-6 hours,"LKR 9,000 - 12,000"
1,0.04,0.13892,0.06182,4-5 hours,"LKR 7,000 - 9,000"
0,0.08,0.18126,0.11931,5-6 hours,"LKR 9,000 - 12,000"
0,0.08,0.15417,0.19209,5-6 hours,"LKR 9,000 - 12,000"
2,0.1,0.22224,0.22659,6-7 hours,"LKR 12,000 - 15,000"
1,0.04,0.11007,0.05948,4-5 hours,"LKR 7,000 - 9,000"
0,0.08,0.15446,0.09552,5-6 hours,"LKR 9,000 - 12,000"
0,0.08,0.14534,0.09281,5-6 hours,"LKR 9,000 - 12,000"
0,0.08,0.25947,0.14125,5-6 hours,"LKR 9,000 - 12,000"
0,0.08,0.26461,0.14617,5-6 hours,"LKR 9,000 - 12,000"
1,0.04,0.07835,0.04341,5-6 hours,"LKR 9,000 - 12,000"
0,0.08,0.2129,0.10842,5-6 hours,"LKR 9,000 - 12,000"
0,0.08,0.19834,0.16127,5-6 hours,"LKR 9,000 - 12,000"
0,0.08,0.12164,0.11721,5-6 hours,"LKR 9,000 - 12,000"
2,0.1,0.20308,0.11387,5-6 hours,"LKR 9,000 - 12,000"
1,0.04,0.08285,0.06396,4-5 hours,"LKR 7,000 - 9,000"
1,0.04,0.08722,0.07322,4-5 hours,"LKR 7,000 - 9,000"
0,0.08,0.16342,0.19672,5-6 hours,"LKR 9,000 - 12,000"
2,0.1,0.30894,0.18268,5-6 hours,"LKR 9,000 - 12,000"
0,0.08,0.15713,0.14294,5-6 hours,"LKR 9,000 - 12,000"
2,0.1,0.17877,0.24994,5-6 hours,"LKR 9,000 - 12,000"
0,0.08,0.16344,0.17581,5-6 hours,"LKR 9,000 - 12,000"
0,0.08,0.26531,0.08232,5-6 hours,"LKR 9,000 - 12,000"
2,0.1,0.19888,0.16904,5-6 hours,"LKR 9,000 - 12,000"
0,0.08,0.23055,0.19954,5-6 hours,"LKR 9,000 - 12,000"
1,0.04,0.09824,0.09615,4-5 hours,"LKR 7,000 - 9,000"
0,0.08,0.21735,0.16956,5-6 hours,"LKR 9,000 - 12,000"
0,0.08,0.14894,0.08128,5-6 hours,"LKR 9,000 - 12,000"
0,0.07287,0.14683,0.12023,5-6 hours,"LKR 9,000 - 12,000"
0,0.08,0.26326,0.15548,5-6 hours,"LKR 9,000 - 12,000"
1,0.04,0.07734,0.09951,4-5 hours,"LKR 7,000 - 9,000"
1,0.04,0.09244,0.05577,4-5 hours,"LKR 7,000 - 9,000"
1,0.04,0.06224,0.04743,4-5 hours,"LKR 7,000 - 9,000"
1,0.04,0.09525,0.04774,4-5 hours,"LKR 7,000 - 9,000"
1,0.04,0.10008,0.08418,4-5 hours,"LKR 7,000 - 9,000"
1,0.04,0.13719,0.0571,4-5 hours,"LKR 7,000 - 9,000"
0,0.08,0.26902,0.13191,5-6 hours,"LKR 9,000 - 12,000"
2,0.1,0.28523,0.20649,5-6 hours,"LKR 9,000 - 12,000"
1,0.04,0.11247,0.05902,4-5 hours,"LKR 7,000 - 9,000"
0,0.08,0.27852,0.19029,5-6 hours,"LKR 9,000 - 12,000"
0,0.08,0.21751,0.14344,5-6 hours,"LKR 9,000 - 12,000"
0,0.08,0.24827,0.15242,5-6 hours,"LKR 9,000 - 12,000"
0,0.08,0.19457,0.09377,5-6 hours,"LKR 9,000 - 12,000"
1,0.04,0.13368,0.09166,4-5 hours,"LKR 7,000 - 9,000"
2,0.07578,0.2432,0.11323,5-6 hours,"LKR 9,000 - 12,000"
0,0.06803,0.12962,0.12469,5-6 hours,"LKR 9,000 - 12,000"
0,0.03538,0.06682,0.0698,5-6 hours,"LKR 9,000 - 12,000"
0,0.08,0.1432,0.16955,6-7 hours,"LKR 12,000 - 15,000"
0,0.08,0.2488,0.1464,5-6 hours,"LKR 9,000 - 12,000"
1,0.04,0.11646,0.09221,4-5 hours,"LKR 7,000 - 9,000"
1,0.04,0.08999,0.04811,4-5 hours,"LKR 7,000 - 9,000"
0,0.08,0.22008,0.12229,5-6 hours,"LKR 9,000 - 12,000"
1,0.04,0.06916,0.0819,4-5 hours,"LKR 7,000 - 9,000"
0,0.08,0.23156,0.15936,6-7 hours,"LKR 12,000 - 15,000"
1,0.04,0.08956,0.0949,4-5 hours,"LKR 7,000 - 9,000"
1,0.0247,0.07831,0.06048,3-4 hours,"LKR 5,000 - 7,000"
2,0.1,0.30114,0.22099,5-6 hours,"LKR 9,000 - 12,000"
0,0.06574,0.16019,0.10953,5-6 hours,"LKR 9,000 - 12,000"
0,0.08,0.25288,0.18215,5-6 hours,"LKR 9,000 - 12,000"
2,0.1,0.16827,0.15318,5-6 hours,"LKR 9,000 - 12,000"
1,0.04,0.08869,0.05296,4-5 hours,"LKR 7,000 - 9,000"
0,0.08,0.19664,0.09671,5-6 hours,"LKR 9,000 - 12,000"
0,0.05568,0.17847,0.06583,5-6 hours,"LKR 9,000 - 12,000"
0,0.08,0.25543,0.13427,5-6 hours,"LKR 9,000 - 12,000"
1,0.04,0.0842,0.05339,4-5 hours,"LKR 7,000 - 9,000"
1,0.04,0.07735,0.08904,4-5 hours,"LKR 7,000 - 9,000"
1,0.03396,0.11598,0.07491,4-5 hours,"LKR 7,000 - 9,000"
1,0.04,0.11175,0.09178,4-5 hours,"LKR 7,000 - 9,000"
0,0.08,0.14641,0.08174,5-6 hours,"LKR 9,000 - 12,000"
2,0.03669,0.07434,0.0482,6-7 hours,"LKR 12,000 - 15,000"
1,0.04,0.11508,0.05151,4-5 hours,"LKR 7,000 - 9,000"
1,0.04,0.10469,0.06962,4-5 hours,"LKR 7,000 - 9,000"
0,0.08,0.23354,0.08682,5-6 hours,"LKR 9,000 - 12,000"
1,0.04,0.13867,0.04723,4-5 hours,"LKR 7,000 - 9,000"
0,0.08,0.1471,0.17552,5-6 hours,"LKR 9,000 - 12,000"
0,0.05963,0.19469,0.06424,5-6 hours,"LKR 9,000 - 12,000"
0,0.08,0.1838,0.1549,5-6 hours,"LKR 9,000 - 12,000"
1,0.04,0.10226,0.04653,4-5 hours,"LKR 7,000 - 9,000"
1,0.04,0.11863,0.05389,4-5 hours,"LKR 7,000 - 9,000"
2,0.08956,0.24852,0.20202,5-6 hours,"LKR 9,000 - 12,000"
0,0.08,0.26151,0.1591,5-6 hours,"LKR 9,000 - 12,000"
0,0.08,0.17584,0.08585,5-6 hours,"LKR 9,000 - 12,000"
0,0.08,0.26138,0.09565,5-6 hours,"LKR 9,000 - 12,000"
0,0.08,0.18883,0.13047,5-6 hours,"LKR 9,000 - 12,000"
0,0.08,0.21737,0.0946,5-6 hours,"LKR 9,000 - 12,000"
0,0.08,0.27837,0.11417,5-6 hours,"LKR 9,000 - 12,000"
2,0.1,0.17924,0.14602,5-6 hours,"LKR 9,000 - 12,000"
0,0.02031,0.06927,0.03617,4-5 hours,"LKR 7,000 - 9,000"
0,0.08,0.24827,0.11223,5-6 hours,"LKR 9,000 - 12,000"
1,0.04,0.13963,0.07207,4-5 hours,"LKR 7,000 - 9,000"
0,0.08,0.16227,0.14836,5-6 hours,"LKR 9,000 - 12,000"
2,0.06485,0.13038,0.10114,6-7 hours,"LKR 12,000 - 15,000"
0,0.08,0.22731,0.0856,5-6 hours,"LKR 9,000 - 12,000"
1,0.04,0.1278,0.06175,5-6 hours,"LKR 9,000 - 12,000"
1,0.04,0.10309,0.04217,4-5 hours,"LKR 7,000 - 9,000"
0,0.08,0.20631,0.14972,5-6 hours,"LKR 9,000 - 12,000"
0,0.08,0.16004,0.12962,5-6 hours,"LKR 9,000 - 12,000"
0,0.08,0.2479,0.17886,5-6 hours,"LKR 9,000 - 12,000"
1,0.03815,0.07822,0.05517,4-5 hours,"LKR 7,000 - 9,000"
0,0.08,0.24385,0.12281,5-6 hours,"LKR 9,000 - 12,000"
0,0.08,0.16645,0.09725,5-6 hours,"LKR 9,000 - 12,000"
1,0.04,0.13186,0.05442,4-5 hours,"LKR 7,000 - 9,000"
2,0.1,0.24715,0.11833,5-6 hours,"LKR 9,000 - 12,000"
0,0.08,0.1433,0.16339,5-6 hours,"LKR 9,000 - 12,000"
1,0.04,0.13305,0.07253,4-5 hours,"LKR 7,000 - 9,000"
1,0.04,0.13158,0.0758,4-5 hours,"LKR 7,000 - 9,000"
0,0.08,0.2265,0.14228,6-7 hours,"LKR 12,000 - 15,000"
1,0.04,0.12566,0.05267,5-6 hours,"LKR 9,000 - 12,000"
0,0.08,0.23307,0.10773,6-7 hours,"LKR 12,000 - 15,000"
0,0.08,0.16118,0.12993,5-6 hours,"LKR 9,000 - 12,000"
1,0.03089,0.10285,0.0477,4-5 hours,"LKR 7,000 - 9,000"
0,0.08,0.24669,0.13699,5-6 hours,"LKR 9,000 - 12,000"
2,0.1,0.1818,0.10562,6-7 hours,"LKR 12,000 - 15,000"
1,0.04,0.08827,0.06378,4-5 hours,"LKR 7,000 - 9,000"
2,0.1,0.22096,0.21261,5-6 hours,"LKR 9,000 - 12,000"
0,0.08,0.24234,0.1874,5-6 hours,"LKR 9,000 - 12,000"
0,0.04443,0.12196,0.06178,4-5 hours,"LKR 7,000 - 9,000"
1,0.01549,0.03455,0.02422,3-4 hours,"LKR 5,000 - 7,000"
0,0.08,0.20173,0.16147,5-6 hours,"LKR 9,000 - 12,000"
2,0.04743,0.11167,0.07597,5-6 hours,"LKR 9,000 - 12,000"
1,0.04,0.0722,0.07474,4-5 hours,"LKR 7,000 - 9,000"
2,0.1,0.27231,0.21554,5-6 hours,"LKR 9,000 - 12,000"
0,0.08,0.21303,0.13485,5-6 hours,"LKR 9,000 - 12,000"
0,0.08,0.17504,0.18314,5-6 hours,"LKR 9,000 - 12,000"
1,0.04,0.13436,0.07038,4-5 hours,"LKR 7,000 - 9,000"
1,0.04,0.12828,0.04787,4-5 hours,"LKR 7,000 - 9,000"
0,0.05179,0.16662,0.11918,5-6 hours,"LKR 9,000 - 12,000"
0,0.08,0.14638,0.12018,5-6 hours,"LKR 9,000 - 12,000"
1,0.04,0.10539,0.04456,4-5 hours,"LKR 7,000 - 9,000"
1,0.04,0.10268,0.0975,4-5 hours,"LKR 7,000 - 9,000"
1,0.04,0.08157,0.06406,4-5 hours,"LKR 7,000 - 9,000"
1,0.04,0.06461,0.07221,4-5 hours,"LKR 7,000 - 9,000"
1,0.04,0.10989,0.05067,4-5 hours,"LKR 7,000 - 9,000"
0,0.08,0.23895,0.14075,5-6 hours,"LKR 9,000 - 12,000"
1,0.01544,0.05244,0.03033,3-4 hours,"LKR 5,000 - 7,000"
0,0.08,0.20206,0.09803,6-7 hours,"LKR 12,000 - 15,000"
2,0.09179,0.25617,0.1426,5-6 hours,"LKR 9,000 - 12,000"
0,0.08,0.15907,0.12335,6-7 hours,"LKR 12,000 - 15,000"
0,0.08,0.1857,0.13377,5-6 hours,"LKR 9,000 - 12,000"
0,0.08,0.27724,0.13895,5-6 hours,"LKR 9,000 - 12,000"
2,0.1,0.32072,0.14789,5-6 hours,"LKR 9,000 - 12,000"
1,0.04,0.08291,0.08704,4-5 hours,"LKR 7,000 - 9,000"
2,0.1,0.28489,0.17492,5-6 hours,"LKR 9,000 - 12,000"
1,0.0111,0.03125,0.025,2-3 hours,"LKR 3,000 - 5,000"
0,0.08,0.19057,0.09831,5-6 hours,"LKR 9,000 - 12,000"
1,0.04,0.08128,0.0769,4-5 hours,"LKR 7,000 - 9,000"
0,0.08,0.15413,0.16118,5-6 hours,"LKR 9,000 - 12,000"
1,0.04,0.12166,0.05323,4-5 hours,"LKR 7,000 - 9,000"
0,0.08,0.24538,0.1541,5-6 hours,"LKR 9,000 - 12,000"
0,0.08,0.15293,0.13605,5-6 hours,"LKR 9,000 - 12,000"
2,0.1,0.17474,0.11306,5-6 hours,"LKR 9,000 - 12,000"
0,0.08,0.27873,0.14469,6-7 hours,"LKR 12,000 - 15,000"
0,0.08,0.191,0.08234,5-6 hours,"LKR 9,000 - 12,000"
0,0.08,0.27439,0.11836,6-7 hours,"LKR 12,000 - 15,000"
2,0.1,0.33128,0.1158,5-6 hours,"LKR 9,000 - 12,000"
2,0.1,0.29483,0.11256,5-6 hours,"LKR 9,000 - 12,000"
1,0.04,0.10163,0.0521,4-5 hours,"LKR 7,000 - 9,000"
1,0.04,0.07734,0.08883,4-5 hours,"LKR 7,000 - 9,000"
0,0.04624,0.11037,0.10173,4-5 hours,"LKR 7,000 - 9,000"
0,0.08,0.22728,0.09213,5-6 hours,"LKR 9,000 - 12,000"
1,0.04,0.11053,0.09426,4-5 hours,"LKR 7,000 - 9,000"
0,0.08,0.12799,0.15691,5-6 hours,"LKR 9,000 - 12,000"
0,0.08,0.16138,0.12323,5-6 hours,"LKR 9,000 - 12,000"
0,0.08,0.17708,0.15545,5-6 hours,"LKR 9,000 - 12,000"
1,0.04,0.13082,0.08112,4-5 hours,"LKR 7,000 - 9,000"
0,0.08,0.26803,0.10077,6-7 hours,"LKR 12,000 - 15,000"
0,0.08,0.14257,0.11499,5-6 hours,"LKR 9,000 - 12,000"
1,0.03785,0.1282,0.04089,4-5 hours,"LKR 7,000 - 9,000"
0,0.0651,0.20479,0.0884,5-6 hours,"LKR 9,000 - 12,000"
0,0.08,0.26889,0.17928,5-6 hours,"LKR 9,000 - 12,000"
1,0.04,0.06336,0.09326,4-5 hours,"LKR 7,000 - 9,000"
0,0.08,0.13826,0.15911,5-6 hours,"LKR 9,000 - 12,000"
0,0.08,0.22602,0.17229,5-6 hours,"LKR 9,000 - 12,000"
0,0.00472,0.01407,0.01,2-3 hours,"LKR 3,000 - 5,000"
0,0.08,0.19759,0.15407,5-6 hours,"LKR 9,000 - 12,000"
1,0.04,0.06376,0.07883,5-6 hours,"LKR 9,000 - 12,000"
0,0.0226,0.05368,0.05219,4-5 hours,"LKR 7,000 - 9,000"
1,0.02406,0.05843,0.04717,3-4 hours,"LKR 5,000 - 7,000"
1,0.04,0.12695,0.09543,4-5 hours,"LKR 7,000 - 9,000"
2,0.1,0.33781,0.19721,5-6 hours,"LKR 9,000 - 12,000"
0,0.08,0.24727,0.1139,5-6 hours,"LKR 9,000 - 12,000"
0,0.08,0.2339,0.12719,5-6 hours,"LKR 9,000 - 12,000"
0,0.08,0.26048,0.0987,5-6 hours,"LKR 9,000 - 12,000"
0,0.08,0.27384,0.19822,5-6 hours,"LKR 9,000 - 12,000"
1,0.04,0.07341,0.04767,4-5 hours,"LKR 7,000 - 9,000"
0,0.06789,0.17354,0.15663,5-6 hours,"LKR 9,000 - 12,000"
0,0.03137,0.08697,0.03915,5-6 hours,"LKR 9,000 - 12,000"
2,0.1,0.16998,0.21813,5-6 hours,"LKR 9,000 - 12,000"
0,0.08,0.20631,0.15511,6-7 hours,"LKR 12,000 - 15,000"
0,0.08,0.23495,0.17007,5-6 hours,"LKR 9,000 - 12,000"
0,0.08,0.22516,0.10356,5-6 hours,"LKR 9,000 - 12,000"
1,0.04,0.07155,0.06179,4-5 hours,"LKR 7,000 - 9,000"
0,0.08,0.19581,0.1256,5-6 hours,"LKR 9,000 - 12,000"
0,0.08,0.25178,0.10553,5-6 hours,"LKR 9,000 - 12,000"
1,0.04,0.08014,0.0797,4-5 hours,"LKR 7,000 - 9,000"
0,0.08,0.23383,0.11937,5-6 hours,"LKR 9,000 - 12,000"
1,0.04,0.12546,0.05558,4-5 hours,"LKR 7,000 - 9,000"
1,0.04,0.10435,0.07281,5-6 hours,"LKR 9,000 - 12,000"
1,0.04,0.08161,0.04382,4-5 hours,"LKR 7,000 - 9,000"
2,0.1,0.34474,0.21253,5-6 hours,"LKR 9,000 - 12,000"
1,0.04,0.13494,0.0601,4-5 hours,"LKR 7,000 - 9,000"
0,0.08,0.19892,0.12305,5-6 hours,"LKR 9,000 - 12,000"
0,0.08,0.25759,0.09095,5-6 hours,"LKR 9,000 - 12,000"
0,0.08,0.22844,0.18976,5-6 hours,"LKR 9,000 - 12,000"
0,0.08,0.23425,0.18692,5-6 hours,"LKR 9,000 - 12,000"
0,0.08,0.23334,0.18789,5-6 hours,"LKR 9,000 - 12,000"
0,0.08,0.24901,0.18951,5-6 hours,"LKR 9,000 - 12,000"
0,0.08,0.22699,0.19432,5-6 hours,"LKR 9,000 - 12,000"
1,0.04,0.07378,0.08603,4-5 hours,"LKR 7,000 - 9,000"
1,0.04,0.07859,0.07963,4-5 hours,"LKR 7,000 - 9,000"
0,0.08,0.12855,0.1032,6-7 hours,"LKR 12,000 - 15,000"
1,0.04,0.08688,0.0753,5-6 hours,"LKR 9,000 - 12,000"
1,0.04,0.12457,0.06469,4-5 hours,"LKR 7,000 - 9,000"
0,0.08,0.2076,0.11577,5-6 hours,"LKR 9,000 - 12,000"
0,0.08,0.16207,0.11084,5-6 hours,"LKR 9,000 - 12,000"
0,0.08,0.14398,0.08306,5-6 hours,"LKR 9,000 - 12,000"
1,0.04,0.12748,0.09632,4-5 hours,"LKR 7,000 - 9,000"
1,0.04,0.0752,0.09809,4-5 hours,"LKR 7,000 - 9,000"
0,0.08,0.22652,0.13429,6-7 hours,"LKR 12,000 - 15,000"
1,0.04,0.09066,0.08699,4-5 hours,"LKR 7,000 - 9,000"
0,0.08,0.16013,0.08792,5-6 hours,"LKR 9,000 - 12,000"
0,0.06581,0.14798,0.10843,5-6 hours,"LKR 9,000 - 12,000"
0,0.08,0.19865,0.08918,5-6 hours,"LKR 9,000 - 12,000"
1,0.04,0.07063,0.07258,4-5 hours,"LKR 7,000 - 9,000"
0,0.08,0.13684,0.13794,5-6 hours,"LKR 9,000 - 12,000"
2,0.1,0.30741,0.17306,5-6 hours,"LKR 9,000 - 12,000"
1,0.04,0.09193,0.0795,4-5 hours,"LKR 7,000 - 9,000"
0,0.08,0.27728,0.16118,5-6 hours,"LKR 9,000 - 12,000"
0,0.08,0.22448,0.17621,5-6 hours,"LKR 9,000 - 12,000"
0,0.08,0.22929,0.08129,5-6 hours,"LKR 9,000 - 12,000"
2,0.08105,0.17832,0.12436,5-6 hours,"LKR 9,000 - 12,000"
1,0.04,0.13579,0.05738,4-5 hours,"LKR 7,000 - 9,000"
0,0.08,0.19749,0.15953,5-6 hours,"LKR 9,000 - 12,000"
0,0.08,0.12614,0.14352,5-6 hours,"LKR 9,000 - 12,000"
2,0.1,0.15596,0.11524,5-6 hours,"LKR 9,000 - 12,000"
1,0.04,0.10217,0.04817,4-5 hours,"LKR 7,000 - 9,000"
1,0.04,0.08515,0.04127,4-5 hours,"LKR 7,000 - 9,000"
0,0.08,0.15468,0.15361,6-7 hours,"LKR 12,000 - 15,000"
0,0.08,0.21173,0.12888,5-6 hours,"LKR 9,000 - 12,000"
2,0.1,0.31964,0.12215,5-6 hours,"LKR 9,000 - 12,000"
0,0.08,0.2775,0.15284,5-6 hours,"LKR 9,000 - 12,000"
2,0.1,0.31192,0.18878,5-6 hours,"LKR 9,000 - 12,000"
2,0.1,0.29227,0.14421,5-6 hours,"LKR 9,000 - 12,000"
0,0.08,0.16632,0.12898,5-6 hours,"LKR 9,000 - 12,000"
0,0.07928,0.23159,0.11633,5-6 hours,"LKR 9,000 - 12,000"
2,0.1,0.34699,0.19508,5-6 hours,"LKR 9,000 - 12,000"
1,0.04,0.1151,0.08772,4-5 hours,"LKR 7,000 - 9,000"
0,0.04579,0.11275,0.07878,4-5 hours,"LKR 7,000 - 9,000"
1,0.04,0.0845,0.04202,4-5 hours,"LKR 7,000 - 9,000"
1,0.04,0.07717,0.07489,4-5 hours,"LKR 7,000 - 9,000"
2,0.1,0.28034,0.16296,5-6 hours,"LKR 9,000 - 12,000"
0,0.08,0.2712,0.0906,5-6 hours,"LKR 9,000 - 12,000"
1,0.04,0.08072,0.09374,5-6 hours,"LKR 9,000 - 12,000"
0,0.05721,0.1195,0.0927,5-6 hours,"LKR 9,000 - 12,000"
0,0.08,0.17258,0.10182,5-6 hours,"LKR 9,000 - 12,000"
0,0.08,0.22763,0.14142,5-6 hours,"LKR 9,000 - 12,000"
0,0.08,0.18986,0.15543,6-7 hours,"LKR 12,000 - 15,000"
2,0.1,0.32907,0.19322,6-7 hours,"LKR 12,000 - 15,000"
1,0.04,0.11889,0.09245,4-5 hours,"LKR 7,000 - 9,000"
1,0.04,0.11183,0.06292,4-5 hours,"LKR 7,000 - 9,000"
2,0.1,0.19877,0.12988,5-6 hours,"LKR 9,000 - 12,000"
0,0.04619,0.15389,0.0792,4-5 hours,"LKR 7,000 - 9,000"
0,0.08,0.14712,0.13574,6-7 hours,"LKR 12,000 - 15,000"
0,0.08,0.14574,0.14727,6-7 hours,"LKR 12,000 - 15,000"
0,0.08,0.13424,0.08649,5-6 hours,"LKR 9,000 - 12,000"
1,0.04,0.1153,0.09167,4-5 hours,"LKR 7,000 - 9,000"
0,0.08,0.25526,0.11638,5-6 hours,"LKR 9,000 - 12,000"
0,0.06885,0.15517,0.16144,5-6 hours,"LKR 9,000 - 12,000"
2,0.1,0.33676,0.17626,5-6 hours,"LKR 9,000 - 12,000"
1,0.04,0.13083,0.09508,4-5 hours,"LKR 7,000 - 9,000"
0,0.08,0.13584,0.10391,5-6 hours,"LKR 9,000 - 12,000"
0,0.08,0.2609,0.17425,5-6 hours,"LKR 9,000 - 12,000"
0,0.08,0.14805,0.18371,5-6 hours,"LKR 9,000 - 12,000"
1,0.04,0.12693,0.06569,4-5 hours,"LKR 7,000 - 9,000"
1,0.04,0.09299,0.07718,4-5 hours,"LKR 7,000 - 9,000"
1,0.04,0.06243,0.05686,4-5 hours,"LKR 7,000 - 9,000"
0,0.02189,0.07115,0.04084,5-6 hours,"LKR 9,000 - 12,000"
0,0.08,0.18321,0.19084,5-6 hours,"LKR 9,000 - 12,000"
1,0.04,0.10848,0.08788,4-5 hours,"LKR 7,000 - 9,000"
1,0.03156,0.0646,0.0364,5-6 hours,"LKR 9,000 - 12,000"
1,0.04,0.11077,0.05432,4-5 hours,"LKR 7,000 - 9,000"
2,0.0785,0.23634,0.19244,5-6 hours,"LKR 9,000 - 12,000"
0,0.08,0.25784,0.16943,5-6 hours,"LKR 9,000 - 12,000"
1,0.04,0.13407,0.09834,4-5 hours,"LKR 7,000 - 9,000"
1,0.02675,0.06805,0.04192,3-4 hours,"LKR 5,000 - 7,000"
1,0.04,0.08728,0.04399,4-5 hours,"LKR 7,000 - 9,000"
2,0.0671,0.11968,0.11487,5-6 hours,"LKR 9,000 - 12,000"
0,0.08,0.215,0.13113,5-6 hours,"LKR 9,000 - 12,000"
0,0.08,0.25652,0.15101,5-6 hours,"LKR 9,000 - 12,000"
0,0.08,0.1323,0.15812,5-6 hours,"LKR 9,000 - 12,000"
1,0.04,0.07783,0.08805,4-5 hours,"LKR 7,000 - 9,000"
1,0.04,0.11386,0.06069,4-5 hours,"LKR 7,000 - 9,000"
0,0.08,0.20642,0.13738,6-7 hours,"LKR 12,000 - 15,000"
2,0.1,0.2354,0.2287,5-6 hours,"LKR 9,000 - 12,000"
2,0.04597,0.14018,0.06621,6-7 hours,"LKR 12,000 - 15,000"
2,0.1,0.21115,0.12911,5-6 hours,"LKR 9,000 - 12,000"
1,0.04,0.07055,0.06501,4-5 hours,"LKR 7,000 - 9,000"
1,0.03456,0.05802,0.07386,4-5 hours,"LKR 7,000 - 9,000"
0,0.08,0.13449,0.13217,5-6 hours,"LKR 9,000 - 12,000"
0,0.08,0.13224,0.16486,5-6 hours,"LKR 9,000 - 12,000"
0,0.08,0.16864,0.10799,5-6 hours,"LKR 9,000 - 12,000"
1,0.04,0.13425,0.0958,4-5 hours,"LKR 7,000 - 9,000"
1,0.04,0.1313,0.04535,5-6 hours,"LKR 9,000 - 12,000"
1,0.04,0.1062,0.04059,4-5 hours,"LKR 7,000 - 9,000"
1,0.04,0.1049,0.06924,4-5 hours,"LKR 7,000 - 9,000"
0,0.07234,0.22192,0.09131,5-6 hours,"LKR 9,000 - 12,000"
0,0.08,0.24854,0.08417,5-6 hours,"LKR 9,000 - 12,000"
2,0.1,0.17743,0.23241,6-7 hours,"LKR 12,000 - 15,000"
1,0.04,0.10803,0.09798,5-6 hours,"LKR 9,000 - 12,000"
0,0.08,0.20365,0.12166,5-6 hours,"LKR 9,000 - 12,000"
0,0.08,0.19865,0.11837,5-6 hours,"LKR 9,000 - 12,000"
1,0.04,0.13656,0.08968,5-6 hours,"LKR 9,000 - 12,000"
0,0.08,0.19291,0.16485,5-6 hours,"LKR 9,000 - 12,000"
1,0.04,0.11651,0.09844,4-5 hours,"LKR 7,000 - 9,000"
1,0.04,0.12854,0.08031,4-5 hours,"LKR 7,000 - 9,000"
0,0.05833,0.17656,0.14275,5-6 hours,"LKR 9,000 - 12,000"
0,0.08,0.15433,0.11855,5-6 hours,"LKR 9,000 - 12,000"
2,0.1,0.33185,0.14275,5-6 hours,"LKR 9,000 - 12,000"
1,0.03028,0.06648,0.04912,4-5 hours,"LKR 7,000 - 9,000"
1,0.04,0.12261,0.09842,4-5 hours,"LKR 7,000 - 9,000"
2,0.07648,0.13068,0.15715,5-6 hours,"LKR 9,000 - 12,000"
0,0.02063,0.0558,0.02724,4-5 hours,"LKR 7,000 - 9,000"
1,0.04,0.11031,0.09132,4-5 hours,"LKR 7,000 - 9,000"
0,0.08,0.19334,0.18389,5-6 hours,"LKR 9,000 - 12,000"
0,0.08,0.27236,0.16312,6-7 hours,"LKR 12,000 - 15,000"
2,0.1,0.25238,0.22891,5-6 hours,"LKR 9,000 - 12,000"
0,0.08,0.26658,0.16503,5-6 hours,"LKR 9,000 - 12,000"
2,0.1,0.24109,0.19159,5-6 hours,"LKR 9,000 - 12,000"
2,0.1,0.24428,0.22097,5-6 hours,"LKR 9,000 - 12,000"
1,0.04,0.12048,0.07999,5-6 hours,"LKR 9,000 - 12,000"
0,0.08,0.13271,0.10218,5-6 hours,"LKR 9,000 - 12,000"
0,0.08,0.15415,0.18532,5-6 hours,"LKR 9,000 - 12,000"
2,0.07005,0.19781,0.074,5-6 hours,"LKR 9,000 - 12,000"
1,0.03724,0.07905,0.05349,4-5 hours,"LKR 7,000 - 9,000"
2,0.08805,0.20963,0.12724,6-7 hours,"LKR 12,000 - 15,000"
0,0.08,0.25835,0.19156,5-6 hours,"LKR 9,000 - 12,000"
2,0.1,0.18333,0.12922,5-6 hours,"LKR 9,000 - 12,000"
0,0.07391,0.21773,0.17375,6-7 hours,"LKR 12,000 - 15,000"
1,0.04,0.0808,0.07445,4-5 hours,"LKR 7,000 - 9,000"
0,0.08,0.19271,0.1537,5-6 hours,"LKR 9,000 - 12,000"
0,0.08,0.24925,0.08639,5-6 hours,"LKR 9,000 - 12,000"
1,0.04,0.07372,0.05117,4-5 hours,"LKR 7,000 - 9,000"
0,0.08,0.27536,0.0937,6-7 hours,"LKR 12,000 - 15,000"
0,0.08,0.21497,0.09663,5-6 hours,"LKR 9,000 - 12,000"
0,0.08,0.22987,0.13607,5-6 hours,"LKR 9,000 - 12,000"
0,0.08,0.25528,0.10172,5-6 hours,"LKR 9,000 - 12,000"
1,0.04,0.06088,0.09431,4-5 hours,"LKR 7,000 - 9,000"
0,0.01834,0.0623,0.02143,3-4 hours,"LKR 5,000 - 7,000"
0,0.08,0.18069,0.08525,5-6 hours,"LKR 9,000 - 12,000"
2,0.08716,0.27114,0.09718,6-7 hours,"LKR 12,000 - 15,000"
0,0.08,0.27883,0.13294,5-6 hours,"LKR 9,000 - 12,000"
0,0.08,0.12507,0.17635,5-6 hours,"LKR 9,000 - 12,000"
1,0.04,0.0927,0.0711,4-5 hours,"LKR 7,000 - 9,000"
0,0.08,0.27903,0.12747,5-6 hours,"LKR 9,000 - 12,000"
0,0.08,0.15553,0.1119,5-6 hours,"LKR 9,000 - 12,000"
0,0.08,0.12651,0.12615,6-7 hours,"LKR 12,000 - 15,000"
0,0.08,0.16862,0.12132,5-6 hours,"LKR 9,000 - 12,000"
2,0.1,0.29807,0.15989,5-6 hours,"LKR 9,000 - 12,000"
0,0.08,0.15078,0.17613,6-7 hours,"LKR 12,000 - 15,000"
1,0.04,0.08836,0.07869,4-5 hours,"LKR 7,000 - 9,000"
1,0.02062,0.067,0.03752,3-4 hours,"LKR 5,000 - 7,000"
1,0.01619,0.04721,0.0175,3-4 hours,"LKR 5,000 - 7,000"
0,0.08,0.13382,0.13286,5-6 hours,"LKR 9,000 - 12,000"
1,0.04,0.10452,0.04139,4-5 hours,"LKR 7,000 - 9,000"
0,0.08,0.2347,0.09372,5-6 hours,"LKR 9,000 - 12,000"
1,0.04,0.10095,0.08291,4-5 hours,"LKR 7,000 - 9,000"
0,0.08,0.14856,0.18198,5-6 hours,"LKR 9,000 - 12,000"
2,0.1,0.2843,0.17259,5-6 hours,"LKR 9,000 - 12,000"
1,0.04,0.07157,0.04988,4-5 hours,"LKR 7,000 - 9,000"
0,0.08,0.13406,0.1856,5-6 hours,"LKR 9,000 - 12,000"
0,0.08,0.14258,0.16305,5-6 hours,"LKR 9,000 - 12,000"
1,0.04,0.09609,0.07954,4-5 hours,"LKR 7,000 - 9,000"
0,0.08,0.14307,0.17688,5-6 hours,"LKR 9,000 - 12,000"
0,0.08,0.21481,0.1989,5-6 hours,"LKR 9,000 - 12,000"
0,0.08,0.20509,0.17597,5-6 hours,"LKR 9,000 - 12,000"
2,0.03337,0.09359,0.04227,5-6 hours,"LKR 9,000 - 12,000"
2,0.1,0.21485,0.23267,5-6 hours,"LKR 9,000 - 12,000"
2,0.1,0.2388,0.24193,5-6 hours,"LKR 9,000 - 12,000"
0,0.08,0.21312,0.18293,5-6 hours,"LKR 9,000 - 12,000"
1,0.04,0.06279,0.06114,4-5 hours,"LKR 7,000 - 9,000"
0,0.07615,0.23913,0.14879,5-6 hours,"LKR 9,000 - 12,000"
1,0.04,0.08715,0.05643,4-5 hours,"LKR 7,000 - 9,000"
0,0.08,0.13109,0.10341,5-6 hours,"LKR 9,000 - 12,000"
0,0.05501,0.12297,0.13126,5-6 hours,"LKR 9,000 - 12,000"
0,0.08,0.18367,0.1847,5-6 hours,"LKR 9,000 - 12,000"
1,0.04,0.07492,0.06701,4-5 hours,"LKR 7,000 - 9,000"
1,0.04,0.06504,0.07366,4-5 hours,"LKR 7,000 - 9,000"
0,0.08,0.23804,0.08621,5-6 hours,"LKR 9,000 - 12,000"
2,0.1,0.25622,0.19844,5-6 hours,"LKR 9,000 - 12,000"
1,0.04,0.08102,0.06171,4-5 hours,"LKR 7,000 - 9,000"
1,0.04,0.13302,0.06313,4-5 hours,"LKR 7,000 - 9,000"
1,0.04,0.10892,0.04868,4-5 hours,"LKR 7,000 - 9,000"
1,0.04,0.09244,0.06965,4-5 hours,"LKR 7,000 - 9,000"
0,0.08,0.14637,0.08254,5-6 hours,"LKR 9,000 - 12,000"
1,0.00644,0.01845,0.01,2-3 hours,"LKR 3,000 - 5,000"
2,0.1,0.33215,0.2282,5-6 hours,"LKR 9,000 - 12,000"
1,0.04,0.08092,0.08831,5-6 hours,"LKR 9,000 - 12,000"
0,0.08,0.21854,0.12317,5-6 hours,"LKR 9,000 - 12,000"
1,0.04,0.06081,0.06624,4-5 hours,"LKR 7,000 - 9,000"
1,0.04,0.11046,0.09899,4-5 hours,"LKR 7,000 - 9,000"
0,0.08,0.16539,0.12455,5-6 hours,"LKR 9,000 - 12,000"
0,0.08,0.27544,0.11632,6-7 hours,"LKR 12,000 - 15,000"
0,0.06454,0.19961,0.13277,5-6 hours,"LKR 9,000 - 12,000"
0,0.08,0.23153,0.11013,5-6 hours,"LKR 9,000 - 12,000"
0,0.08,0.18856,0.09505,5-6 hours,"LKR 9,000 - 12,000"
2,0.1,0.30572,0.12738,5-6 hours,"LKR 9,000 - 12,000"
1,0.04,0.09403,0.06123,4-5 hours,"LKR 7,000 - 9,000"
0,0.08,0.26568,0.19334,5-6 hours,"LKR 9,000 - 12,000"
0,0.08,0.12353,0.1535,6-7 hours,"LKR 12,000 - 15,000"
0,0.08,0.16382,0.16727,5-6 hours,"LKR 9,000 - 12,000"
0,0.05815,0.15245,0.1263,5-6 hours,"LKR 9,000 - 12,000"
1,0.04,0.06269,0.0834,4-5 hours,"LKR 7,000 - 9,000"
1,0.04,0.10919,0.09338,4-5 hours,"LKR 7,000 - 9,000"
1,0.04,0.09555,0.09052,4-5 hours,"LKR 7,000 - 9,000"
1,0.04,0.12625,0.07383,4-5 hours,"LKR 7,000 - 9,000"
2,0.1,0.25249,0.10108,5-6 hours,"LKR 9,000 - 12,000"
0,0.08,0.17469,0.0995,5-6 hours,"LKR 9,000 - 12,000"
0,0.08,0.15816,0.14174,5-6 hours,"LKR 9,000 - 12,000"
0,0.08,0.23825,0.16426,5-6 hours,"LKR 9,000 - 12,000"
2,0.1,0.16065,0.14136,5-6 hours,"LKR 9,000 - 12,000"
0,0.08,0.24234,0.1053,5-6 hours,"LKR 9,000 - 12,000"
0,0.08,0.20573,0.13028,5-6 hours,"LKR 9,000 - 12,000"
0,0.08,0.2224,0.16688,5-6 hours,"LKR 9,000 - 12,000"
2,0.1,0.22121,0.24256,5-6 hours,"LKR 9,000 - 12,000"
2,0.1,0.20403,0.16099,5-6 hours,"LKR 9,000 - 12,000"
1,0.04,0.13435,0.07519,4-5 hours,"LKR 7,000 - 9,000"
1,0.04,0.13989,0.06357,4-5 hours,"LKR 7,000 - 9,000"
0,0.08,0.19012,0.1927,5-6 hours,"LKR 9,000 - 12,000"
0,0.08,0.22686,0.16861,5-6 hours,"LKR 9,000 - 12,000"
0,0.08,0.27242,0.08468,6-7 hours,"LKR 12,000 - 15,000"
2,0.1,0.32923,0.23347,5-6 hours,"LKR 9,000 - 12,000"
0,0.08,0.17832,0.17057,5-6 hours,"LKR 9,000 - 12,000"
0,0.08,0.25952,0.08009,5-6 hours,"LKR 9,000 - 12,000"
2,0.1,0.28968,0.10363,5-6 hours,"LKR 9,000 - 12,000"
1,0.04,0.09783,0.04615,4-5 hours,"LKR 7,000 - 9,000"
1,0.04,0.07693,0.06813,4-5 hours,"LKR 7,000 - 9,000"
1,0.04,0.11492,0.04287,4-5 hours,"LKR 7,000 - 9,000"
0,0.08,0.26857,0.08037,5-6 hours,"LKR 9,000 - 12,000"
1,0.04,0.10065,0.09898,4-5 hours,"LKR 7,000 - 9,000"
0,0.08,0.17645,0.19987,5-6 hours,"LKR 9,000 - 12,000"
0,0.07059,0.19866,0.09325,5-6 hours,"LKR 9,000 - 12,000"
0,0.08,0.15961,0.12539,5-6 hours,"LKR 9,000 - 12,000"
0,0.08,0.13602,0.08278,5-6 hours,"LKR 9,000 - 12,000"
0,0.08,0.15638,0.10395,5-6 hours,"LKR 9,000 - 12,000"
0,0.03364,0.0936,0.03873,4-5 hours,"LKR 7,000 - 9,000"
2,0.1,0.33903,0.1765,5-6 hours,"LKR 9,000 - 12,000"
1,0.04,0.07748,0.09488,4-5 hours,"LKR 7,000 - 9,000"
0,0.08,0.17036,0.11651,5-6 hours,"LKR 9,000 - 12,000"
1,0.04,0.08262,0.09963,4-5 hours,"LKR 7,000 - 9,000"
1,0.04,0.13792,0.07214,4-5 hours,"LKR 7,000 - 9,000"
0,0.08,0.20377,0.10803,5-6 hours,"LKR 9,000 - 12,000"
1,0.04,0.10834,0.07588,4-5 hours,"LKR 7,000 - 9,000"
0,0.06418,0.10226,0.06862,5-6 hours,"LKR 9,000 - 12,000"
0,0.08,0.15215,0.18038,5-6 hours,"LKR 9,000 - 12,000"
0,0.08,0.12499,0.17304,5-6 hours,"LKR 9,000 - 12,000"
2,0.1,0.31762,0.22081,5-6 hours,"LKR 9,000 - 12,000"
0,0.08,0.21691,0.16137,5-6 hours,"LKR 9,000 - 12,000"
1,0.03451,0.05557,0.04595,4-5 hours,"LKR 7,000 - 9,000"
0,0.08,0.22115,0.08037,5-6 hours,"LKR 9,000 - 12,000"
0,0.08,0.15393,0.1629,6-7 hours,"LKR 12,000 - 15,000"
1,0.04,0.10268,0.09506,4-5 hours,"LKR 7,000 - 9,000"
1,0.04,0.12707,0.04618,4-5 hours,"LKR 7,000 - 9,000"
1,0.04,0.11044,0.05595,4-5 hours,"LKR 7,000 - 9,000"
0,0.08,0.23946,0.10266,5-6 hours,"LKR 9,000 - 12,000"
0,0.08,0.22619,0.12718,5-6 hours,"LKR 9,000 - 12,000"
0,0.08,0.2792,0.08013,5-6 hours,"LKR 9,000 - 12,000"
0,0.08,0.23268,0.14956,5-6 hours,"LKR 9,000 - 12,000"
0,0.0504,0.17306,0.08146,5-6 hours,"LKR 9,000 - 12,000"
1,0.04,0.08373,0.04736,4-5 hours,"LKR 7,000 - 9,000"
2,0.08557,0.2705,0.15241,5-6 hours,"LKR 9,000 - 12,000"
1,0.04,0.13908,0.05385,4-5 hours,"LKR 7,000 - 9,000"
0,0.0572,0.17062,0.0991,5-6 hours,"LKR 9,000 - 12,000"
0,0.08,0.16177,0.17815,5-6 hours,"LKR 9,000 - 12,000"
1,0.04,0.11189,0.09337,4-5 hours,"LKR 7,000 - 9,000"
0,0.08,0.19602,0.19015,5-6 hours,"LKR 9,000 - 12,000"
1,0.04,0.07961,0.07002,4-5 hours,"LKR 7,000 - 9,000"
2,0.1,0.19318,0.23481,5-6 hours,"LKR 9,000 - 12,000"
0,0.08,0.17512,0.16416,5-6 hours,"LKR 9,000 - 12,000"
0,0.08,0.24807,0.12282,5-6 hours,"LKR 9,000 - 12,000"
0,0.08,0.2343,0.1511,5-6 hours,"LKR 9,000 - 12,000"
1,0.04,0.0719,0.04056,4-5 hours,"LKR 7,000 - 9,000"
1,0.04,0.09907,0.05632,4-5 hours,"LKR 7,000 - 9,000"
1,0.04,0.10156,0.05392,4-5 hours,"LKR 7,000 - 9,000"
1,0.037,0.06491,0.09111,4-5 hours,"LKR 7,000 - 9,000"
1,0.04,0.13684,0.0994,4-5 hours,"LKR 7,000 - 9,000"
0,0.04995,0.12709,0.09947,4-5 hours,"LKR 7,000 - 9,000"
1,0.04,0.10701,0.0865,4-5 hours,"LKR 7,000 - 9,000"
1,0.04,0.09769,0.09867,4-5 hours,"LKR 7,000 - 9,000"
0,0.08,0.22059,0.14703,5-6 hours,"LKR 9,000 - 12,000"
0,0.003,0.01,0.01,2-3 hours,"LKR 3,000 - 5,000"
2,0.1,0.28249,0.10977,5-6 hours,"LKR 9,000 - 12,000"
1,0.04,0.06697,0.0943,4-5 hours,"LKR 7,000 - 9,000"
2,0.1,0.15004,0.1795,6-7 hours,"LKR 12,000 - 15,000"
0,0.08,0.24387,0.13834,5-6 hours,"LKR 9,000 - 12,000"
1,0.04,0.09015,0.09522,4-5 hours,"LKR 7,000 - 9,000"
2,0.1,0.15594,0.15919,5-6 hours,"LKR 9,000 - 12,000"
1,0.04,0.12024,0.08351,4-5 hours,"LKR 7,000 - 9,000"
1,0.04,0.12715,0.04606,4-5 hours,"LKR 7,000 - 9,000"
0,0.02555,0.07257,0.03734,4-5 hours,"LKR 7,000 - 9,000"
0,0.08,0.17934,0.18662,5-6 hours,"LKR 9,000 - 12,000"
1,0.04,0.13447,0.04775,4-5 hours,"LKR 7,000 - 9,000"
1,0.04,0.10482,0.04145,4-5 hours,"LKR 7,000 - 9,000"
0,0.08,0.22622,0.11007,5-6 hours,"LKR 9,000 - 12,000"
1,0.04,0.07177,0.04917,4-5 hours,"LKR 7,000 - 9,000"
0,0.08,0.20407,0.16393,5-6 hours,"LKR 9,000 - 12,000"
2,0.04521,0.09375,0.09045,5-6 hours,"LKR 9,000 - 12,000"
0,0.08,0.15675,0.08418,5-6 hours,"LKR 9,000 - 12,000"
0,0.08,0.17124,0.11035,5-6 hours,"LKR 9,000 - 12,000"
0,0.08,0.26216,0.18034,5-6 hours,"LKR 9,000 - 12,000"
0,0.08,0.21886,0.15158,5-6 hours,"LKR 9,000 - 12,000"
0,0.08,0.22291,0.17886,5-6 hours,"LKR 9,000 - 12,000"
2,0.1,0.24125,0.18928,5-6 hours,"LKR 9,000 - 12,000"
1,0.04,0.11713,0.06132,4-5 hours,"LKR 7,000 - 9,000"
1,0.04,0.06147,0.09463,4-5 hours,"LKR 7,000 - 9,000"
0,0.08,0.16054,0.12164,5-6 hours,"LKR 9,000 - 12,000"
0,0.08,0.16926,0.17126,5-6 hours,"LKR 9,000 - 12,000"
1,0.04,0.10808,0.08148,4-5 hours,"LKR 7,000 - 9,000"
2,0.1,0.33426,0.19614,5-6 hours,"LKR 9,000 - 12,000"
0,0.08,0.21735,0.16275,5-6 hours,"LKR 9,000 - 12,000"
1,0.04,0.06036,0.0682,4-5 hours,"LKR 7,000 - 9,000"
0,0.08,0.13702,0.19979,5-6 hours,"LKR 9,000 - 12,000"
1,0.04,0.11518,0.07436,4-5 hours,"LKR 7,000 - 9,000"
0,0.08,0.22229,0.10602,5-6 hours,"LKR 9,000 - 12,000"
2,0.1,0.21949,0.22688,5-6 hours,"LKR 9,000 - 12,000"
0,0.08,0.24759,0.11611,5-6 hours,"LKR 9,000 - 12,000"
0,0.07785,0.16385,0.07839,6-7 hours,"LKR 12,000 - 15,000"
0,0.08,0.20747,0.15436,5-6 hours,"LKR 9,000 - 12,000"
2,0.1,0.15205,0.2495,5-6 hours,"LKR 9,000 - 12,000"
0,0.04957,0.09957,0.11243,4-5 hours,"LKR 7,000 - 9,000"
2,0.1,0.28953,0.15445,5-6 hours,"LKR 9,000 - 12,000"
1,0.04,0.1375,0.08462,4-5 hours,"LKR 7,000 - 9,000"
0,0.0776,0.20538,0.19194,5-6 hours,"LKR 9,000 - 12,000"
1,0.04,0.07828,0.09546,4-5 hours,"LKR 7,000 - 9,000"
0,0.08,0.16638,0.15969,6-7 hours,"LKR 12,000 - 15,000"
2,0.1,0.33639,0.19434,5-6 hours,"LKR 9,000 - 12,000"
2,0.1,0.32647,0.21848,5-6 hours,"LKR 9,000 - 12,000"
2,0.1,0.16599,0.21287,5-6 hours,"LKR 9,000 - 12,000"
2,0.1,0.24233,0.20066,5-6 hours,"LKR 9,000 - 12,000"
0,0.05651,0.16554,0.13868,5-6 hours,"LKR 9,000 - 12,000"
1,0.04,0.10371,0.07698,4-5 hours,"LKR 7,000 - 9,000"
1,0.04,0.06382,0.04146,4-5 hours,"LKR 7,000 - 9,000"
0,0.08,0.13648,0.19618,5-6 hours,"LKR 9,000 - 12,000"
2,0.1,0.25936,0.20073,5-6 hours,"LKR 9,000 - 12,000"
1,0.04,0.06432,0.04095,4-5 hours,"LKR 7,000 - 9,000"
0,0.08,0.1769,0.18314,6-7 hours,"LKR 12,000 - 15,000"
2,0.1,0.20026,0.24735,5-6 hours,"LKR 9,000 - 12,000"
0,0.08,0.22328,0.1057,5-6 hours,"LKR 9,000 - 12,000"
1,0.04,0.06486,0.08689,4-5 hours,"LKR 7,000 - 9,000"
0,0.08,0.17561,0.09433,5-6 hours,"LKR 9,000 - 12,000"
0,0.08,0.24787,0.18153,5-6 hours,"LKR 9,000 - 12,000"
1,0.04,0.13003,0.09747,4-5 hours,"LKR 7,000 - 9,000"
1,0.04,0.09414,0.08194,4-5 hours,"LKR 7,000 - 9,000"
0,0.08,0.2211,0.158,5-6 hours,"LKR 9,000 - 12,000"
1,0.04,0.13294,0.07064,5-6 hours,"LKR 9,000 - 12,000"
0,0.08,0.22732,0.15361,5-6 hours,"LKR 9,000 - 12,000"
1,0.04,0.08895,0.0575,4-5 hours,"LKR 7,000 - 9,000"
0,0.08,0.17024,0.19714,5-6 hours,"LKR 9,000 - 12,000"
2,0.1,0.29963,0.14049,5-6 hours,"LKR 9,000 - 12,000"
0,0.08,0.20578,0.14439,5-6 hours,"LKR 9,000 - 12,000"
2,0.1,0.26113,0.23875,5-6 hours,"LKR 9,000 - 12,000"
2,0.1,0.18511,0.15726,5-6 hours,"LKR 9,000 - 12,000"
0,0.08,0.20395,0.12988,5-6 hours,"LKR 9,000 - 12,000"
1,0.04,0.11479,0.09677,4-5 hours,"LKR 7,000 - 9,000"
1,0.02522,0.07741,0.0485,3-4 hours,"LKR 5,000 - 7,000"
1,0.04,0.09413,0.08285,4-5 hours,"LKR 7,000 - 9,000"
0,0.03802,0.10055,0.06083,4-5 hours,"LKR 7,000 - 9,000"
0,0.08,0.1702,0.09937,5-6 hours,"LKR 9,000 - 12,000"
2,0.1,0.34709,0.24918,5-6 hours,"LKR 9,000 - 12,000"
0,0.08,0.23408,0.09934,5-6 hours,"LKR 9,000 - 12,000"
0,0.08,0.22712,0.09935,5-6 hours,"LKR 9,000 - 12,000"
0,0.08,0.14011,0.1229,5-6 hours,"LKR 9,000 - 12,000"
1,0.04,0.0906,0.06156,4-5 hours,"LKR 7,000 - 9,000"
0,0.08,0.16577,0.19667,5-6 hours,"LKR 9,000 - 12,000"
0,0.08,0.22338,0.17855,6-7 hours,"LKR 12,000 - 15,000"
0,0.08,0.1539,0.10814,5-6 hours,"LKR 9,000 - 12,000"
1,0.04,0.12566,0.06498,4-5 hours,"LKR 7,000 - 9,000"
0,0.08,0.17623,0.0964,5-6 hours,"LKR 9,000 - 12,000"
2,0.01,0.01865,0.01111,3-4 hours,"LKR 5,000 - 7,000"
1,0.04,0.06021,0.05732,4-5 hours,"LKR 7,000 - 9,000"
1,0.02753,0.04591,0.03659,4-5 hours,"LKR 7,000 - 9,000"
2,0.1,0.34072,0.11113,5-6 hours,"LKR 9,000 - 12,000"
0,0.08,0.16418,0.17194,5-6 hours,"LKR 9,000 - 12,000"
0,0.07223,0.17516,0.08931,5-6 hours,"LKR 9,000 - 12,000"
2,0.1,0.22967,0.14918,5-6 hours,"LKR 9,000 - 12,000"
0,0.08,0.14895,0.17685,5-6 hours,"LKR 9,000 - 12,000"
1,0.04,0.07002,0.05479,5-6 hours,"LKR 9,000 - 12,000"
1,0.04,0.11617,0.06103,4-5 hours,"LKR 7,000 - 9,000"
0,0.08,0.15317,0.17209,5-6 hours,"LKR 9,000 - 12,000"
0,0.08,0.21612,0.082,5-6 hours,"LKR 9,000 - 12,000"
1,0.04,0.13198,0.04998,4-5 hours,"LKR 7,000 - 9,000"
1,0.01871,0.04794,0.03668,3-4 hours,"LKR 5,000 - 7,000"
0,0.08,0.17421,0.188,6-7 hours,"LKR 12,000 - 15,000"
1,0.04,0.10865,0.074,4-5 hours,"LKR 7,000 - 9,000"
2,0.1,0.17985,0.20446,5-6 hours,"LKR 9,000 - 12,000"
0,0.08,0.22121,0.17165,5-6 hours,"LKR 9,000 - 12,000"
0,0.08,0.1883,0.10887,5-6 hours,"LKR 9,000 - 12,000"
1,0.04,0.13378,0.07984,4-5 hours,"LKR 7,000 - 9,000"
1,0.04,0.11381,0.05181,4-5 hours,"LKR 7,000 - 9,000"
1,0.04,0.06227,0.04234,4-5 hours,"LKR 7,000 - 9,000"
0,0.08,0.20553,0.10906,6-7 hours,"LKR 12,000 - 15,000"
0,0.08,0.26261,0.08942,5-6 hours,"LKR 9,000 - 12,000"
0,0.08,0.26766,0.138,5-6 hours,"LKR 9,000 - 12,000"
0,0.08,0.15383,0.15139,5-6 hours,"LKR 9,000 - 12,000"
2,0.08849,0.19454,0.1339,5-6 hours,"LKR 9,000 - 12,000"
0,0.0284,0.06853,0.07047,4-5 hours,"LKR 7,000 - 9,000"
0,0.08,0.14604,0.13492,5-6 hours,"LKR 9,000 - 12,000"
1,0.04,0.12296,0.07617,4-5 hours,"LKR 7,000 - 9,000"
0,0.08,0.14526,0.13544,5-6 hours,"LKR 9,000 - 12,000"
1,0.04,0.08865,0.05464,4-5 hours,"LKR 7,000 - 9,000"
1,0.04,0.1116,0.07836,4-5 hours,"LKR 7,000 - 9,000"
0,0.08,0.25876,0.13265,5-6 hours,"LKR 9,000 - 12,000"
2,0.1,0.26004,0.1311,5-6 hours,"LKR 9,000 - 12,000"
0,0.08,0.2666,0.12748,5-6 hours,"LKR 9,000 - 12,000"
0,0.08,0.20285,0.19329,5-6 hours,"LKR 9,000 - 12,000"
0,0.07605,0.12419,0.1014,5-6 hours,"LKR 9,000 - 12,000"
0,0.08,0.16489,0.14883,5-6 hours,"LKR 9,000 - 12,000"
0,0.08,0.2456,0.12305,5-6 hours,"LKR 9,000 - 12,000"
1,0.04,0.10673,0.04166,4-5 hours,"LKR 7,000 - 9,000"
0,0.08,0.21241,0.13283,5-6 hours,"LKR 9,000 - 12,000"
1,0.04,0.06634,0.08448,4-5 hours,"LKR 7,000 - 9,000"
2,0.1,0.17737,0.20323,5-6 hours,"LKR 9,000 - 12,000"
0,0.08,0.1674,0.16866,5-6 hours,"LKR 9,000 - 12,000"
0,0.08,0.22405,0.19903,5-6 hours,"LKR 9,000 - 12,000"
0,0.08,0.16918,0.08224,5-6 hours,"LKR 9,000 - 12,000"
0,0.06243,0.20517,0.09664,5-6 hours,"LKR 9,000 - 12,000"
1,0.04,0.07362,0.07508,4-5 hours,"LKR 7,000 - 9,000"
0,0.08,0.2048,0.19587,6-7 hours,"LKR 12,000 - 15,000"
0,0.08,0.144,0.10842,5-6 hours,"LKR 9,000 - 12,000"
1,0.04,0.0879,0.08212,4-5 hours,"LKR 7,000 - 9,000"
1,0.04,0.12958,0.07177,4-5 hours,"LKR 7,000 - 9,000"
0,0.08,0.19376,0.17964,5-6 hours,"LKR 9,000 - 12,000"
0,0.08,0.14769,0.09839,6-7 hours,"LKR 12,000 - 15,000"
0,0.08,0.1712,0.11751,5-6 hours,"LKR 9,000 - 12,000"
1,0.04,0.11574,0.09529,4-5 hours,"LKR 7,000 - 9,000"
0,0.08,0.18571,0.19531,5-6 hours,"LKR 9,000 - 12,000"
0,0.04159,0.1301,0.05537,4-5 hours,"LKR 7,000 - 9,000"
0,0.08,0.27996,0.15123,5-6 hours,"LKR 9,000 - 12,000"
1,0.04,0.1024,0.07091,4-5 hours,"LKR 7,000 - 9,000"
1,0.04,0.11118,0.08807,4-5 hours,"LKR 7,000 - 9,000"
1,0.04,0.09212,0.07989,4-5 hours,"LKR 7,000 - 9,000"
2,0.1,0.25725,0.19786,5-6 hours,"LKR 9,000 - 12,000"
0,0.08,0.16885,0.10475,6-7 hours,"LKR 12,000 - 15,000"
2,0.1,0.22014,0.17517,5-6 hours,"LKR 9,000 - 12,000"
1,0.04,0.09959,0.08944,4-5 hours,"LKR 7,000 - 9,000"
0,0.08,0.23322,0.09068,5-6 hours,"LKR 9,000 - 12,000"
1,0.04,0.13414,0.09071,4-5 hours,"LKR 7,000 - 9,000"
0,0.08,0.17492,0.10976,5-6 hours,"LKR 9,000 - 12,000"
1,0.04,0.07662,0.05121,4-5 hours,"LKR 7,000 - 9,000"
2,0.1,0.18897,0.16103,5-6 hours,"LKR 9,000 - 12,000"
0,0.08,0.17137,0.19241,5-6 hours,"LKR 9,000 - 12,000"
0,0.08,0.14899,0.1783,6-7 hours,"LKR 12,000 - 15,000"
0,0.08,0.16158,0.13081,5-6 hours,"LKR 9,000 - 12,000"
1,0.04,0.13349,0.04285,4-5 hours,"LKR 7,000 - 9,000"
1,0.04,0.10589,0.06386,4-5 hours,"LKR 7,000 - 9,000"
1,0.04,0.08509,0.0875,4-5 hours,"LKR 7,000 - 9,000"
0,0.08,0.27899,0.15352,5-6 hours,"LKR 9,000 - 12,000"
1,0.04,0.10262,0.09904,4-5 hours,"LKR 7,000 - 9,000"
1,0.04,0.07279,0.04781,4-5 hours,"LKR 7,000 - 9,000"
0,0.08,0.17246,0.08477,6-7 hours,"LKR 12,000 - 15,000"
0,0.08,0.19555,0.1829,5-6 hours,"LKR 9,000 - 12,000"
2,0.04537,0.14934,0.0525,5-6 hours,"LKR 9,000 - 12,000"
0,0.08,0.16561,0.18674,5-6 hours,"LKR 9,000 - 12,000"
0,0.0405,0.13203,0.06676,4-5 hours,"LKR 7,000 - 9,000"
1,0.04,0.08414,0.07737,4-5 hours,"LKR 7,000 - 9,000"
0,0.08,0.24788,0.10134,5-6 hours,"LKR 9,000 - 12,000"
0,0.08,0.21293,0.16006,5-6 hours,"LKR 9,000 - 12,000"
2,0.1,0.18724,0.18955,6-7 hours,"LKR 12,000 - 15,000"
1,0.01441,0.03423,0.02117,2-3 hours,"LKR 3,000 - 5,000"
0,0.03014,0.08119,0.04544,4-5 hours,"LKR 7,000 - 9,000"
0,0.08,0.25583,0.17554,5-6 hours,"LKR 9,000 - 12,000"
0,0.08,0.24916,0.18976,5-6 hours,"LKR 9,000 - 12,000"
0,0.02493,0.06827,0.05476,4-5 hours,"LKR 7,000 - 9,000"
0,0.08,0.24407,0.08628,5-6 hours,"LKR 9,000 - 12,000"
1,0.04,0.12072,0.05155,4-5 hours,"LKR 7,000 - 9,000"
0,0.08,0.21306,0.18598,5-6 hours,"LKR 9,000 - 12,000"
1,0.04,0.07324,0.05937,4-5 hours,"LKR 7,000 - 9,000"
1,0.04,0.12125,0.04604,4-5 hours,"LKR 7,000 - 9,000"
1,0.04,0.12255,0.07881,4-5 hours,"LKR 7,000 - 9,000"
1,0.04,0.09401,0.08967,4-5 hours,"LKR 7,000 - 9,000"
0,0.08,0.18546,0.15781,6-7 hours,"LKR 12,000 - 15,000"
0,0.08,0.20874,0.10326,5-6 hours,"LKR 9,000 - 12,000"
0,0.08,0.19015,0.16226,5-6 hours,"LKR 9,000 - 12,000"
0,0.08,0.2194,0.08703,5-6 hours,"LKR 9,000 - 12,000"
2,0.1,0.1541,0.1215,5-6 hours,"LKR 9,000 - 12,000"
1,0.04,0.09641,0.06149,4-5 hours,"LKR 7,000 - 9,000"
1,0.04,0.13161,0.07607,4-5 hours,"LKR 7,000 - 9,000"
1,0.04,0.10368,0.06416,4-5 hours,"LKR 7,000 - 9,000"
0,0.08,0.16531,0.18549,5-6 hours,"LKR 9,000 - 12,000"
0,0.0763,0.12885,0.12539,5-6 hours,"LKR 9,000 - 12,000"
2,0.1,0.26114,0.22621,5-6 hours,"LKR 9,000 - 12,000"
1,0.04,0.11317,0.07256,4-5 hours,"LKR 7,000 - 9,000"
1,0.04,0.06851,0.06605,5-6 hours,"LKR 9,000 - 12,000"
0,0.08,0.1565,0.10928,5-6 hours,"LKR 9,000 - 12,000"
1,0.04,0.11987,0.08635,4-5 hours,"LKR 7,000 - 9,000"
0,0.08,0.19651,0.16521,5-6 hours,"LKR 9,000 - 12,000"
0,0.08,0.25869,0.10796,5-6 hours,"LKR 9,000 - 12,000"
0,0.08,0.26559,0.08829,5-6 hours,"LKR 9,000 - 12,000"
0,0.08,0.26673,0.16325,5-6 hours,"LKR 9,000 - 12,000"
0,0.08,0.25945,0.14434,5-6 hours,"LKR 9,000 - 12,000"
0,0.08,0.23185,0.10812,5-6 hours,"LKR 9,000 - 12,000"
2,0.1,0.15767,0.12504,5-6 hours,"LKR 9,000 - 12,000"
0,0.08,0.26373,0.15242,5-6 hours,"LKR 9,000 - 12,000"
1,0.03656,0.07979,0.08397,4-5 hours,"LKR 7,000 - 9,000"
2,0.1,0.33299,0.1133,5-6 hours,"LKR 9,000 - 12,000"
1,0.04,0.07022,0.05638,4-5 hours,"LKR 7,000 - 9,000"
1,0.04,0.07996,0.0876,4-5 hours,"LKR 7,000 - 9,000"
1,0.04,0.13952,0.0914,4-5 hours,"LKR 7,000 - 9,000"
1,0.04,0.12394,0.05713,4-5 hours,"LKR 7,000 - 9,000"
0,0.08,0.26283,0.16233,6-7 hours,"LKR 12,000 - 15,000"
2,0.1,0.34991,0.19378,5-6 hours,"LKR 9,000 - 12,000"
0,0.08,0.27677,0.18393,5-6 hours,"LKR 9,000 - 12,000"
1,0.04,0.13785,0.09586,4-5 hours,"LKR 7,000 - 9,000"
0,0.08,0.26595,0.17016,5-6 hours,"LKR 9,000 - 12,000"
0,0.08,0.18943,0.19049,5-6 hours,"LKR 9,000 - 12,000"
0,0.08,0.2613,0.11738,5-6 hours,"LKR 9,000 - 12,000"
0,0.08,0.23678,0.13662,5-6 hours,"LKR 9,000 - 12,000"
1,0.04,0.13212,0.08977,4-5 hours,"LKR 7,000 - 9,000"
1,0.04,0.08036,0.08739,4-5 hours,"LKR 7,000 - 9,000"
2,0.1,0.16195,0.19975,6-7 hours,"LKR 12,000 - 15,000"
1,0.04,0.06425,0.05181,4-5 hours,"LKR 7,000 - 9,000"
0,0.02373,0.0754,0.02587,4-5 hours,"LKR 7,000 - 9,000"
2,0.1,0.28316,0.22288,5-6 hours,"LKR 9,000 - 12,000"
1,0.04,0.12999,0.05898,4-5 hours,"LKR 7,000 - 9,000"
1,0.04,0.08248,0.06518,4-5 hours,"LKR 7,000 - 9,000"
1,0.04,0.13608,0.05432,4-5 hours,"LKR 7,000 - 9,000"
2,0.1,0.22259,0.11275,5-6 hours,"LKR 9,000 - 12,000"
2,0.1,0.31522,0.12009,5-6 hours,"LKR 9,000 - 12,000"
1,0.04,0.06611,0.07863,4-5 hours,"LKR 7,000 - 9,000"
0,0.08,0.15569,0.09266,5-6 hours,"LKR 9,000 - 12,000"
0,0.08,0.15436,0.19524,5-6 hours,"LKR 9,000 - 12,000"
0,0.07996,0.26601,0.15065,5-6 hours,"LKR 9,000 - 12,000"
1,0.04,0.11623,0.0529,4-5 hours,"LKR 7,000 - 9,000"
2,0.09759,0.24146,0.20124,5-6 hours,"LKR 9,000 - 12,000"
1,0.04,0.13964,0.08096,4-5 hours,"LKR 7,000 - 9,000"
2,0.03273,0.05377,0.05124,5-6 hours,"LKR 9,000 - 12,000"
0,0.08,0.25095,0.16346,5-6 hours,"LKR 9,000 - 12,000"
2,0.1,0.26767,0.20003,5-6 hours,"LKR 9,000 - 12,000"
1,0.04,0.11042,0.0967,4-5 hours,"LKR 7,000 - 9,000"
1,0.04,0.13681,0.06293,4-5 hours,"LKR 7,000 - 9,000"
1,0.04,0.12701,0.06856,4-5 hours,"LKR 7,000 - 9,000"
0,0.08,0.20196,0.08795,5-6 hours,"LKR 9,000 - 12,000"
0,0.08,0.13367,0.11507,5-6 hours,"LKR 9,000 - 12,000"
2,0.1,0.23665,0.21866,5-6 hours,"LKR 9,000 - 12,000"
2,0.1,0.33691,0.21789,5-6 hours,"LKR 9,000 - 12,000"
1,0.04,0.12851,0.04821,5-6 hours,"LKR 9,000 - 12,000"
1,0.02728,0.08589,0.06285,3-4 hours,"LKR 5,000 - 7,000"
0,0.08,0.16218,0.17931,5-6 hours,"LKR 9,000 - 12,000"
0,0.08,0.14992,0.17517,5-6 hours,"LKR 9,000 - 12,000"
0,0.08,0.14152,0.09999,5-6 hours,"LKR 9,000 - 12,000"
0,0.08,0.27274,0.12012,5-6 hours,"LKR 9,000 - 12,000"
0,0.08,0.14725,0.19586,5-6 hours,"LKR 9,000 - 12,000"
0,0.03978,0.13394,0.06578,4-5 hours,"LKR 7,000 - 9,000"
1,0.04,0.10819,0.04199,4-5 hours,"LKR 7,000 - 9,000"
0,0.08,0.17023,0.19274,5-6 hours,"LKR 9,000 - 12,000"
1,0.03789,0.08576,0.09114,4-5 hours,"LKR 7,000 - 9,000"
0,0.08,0.18919,0.16411,5-6 hours,"LKR 9,000 - 12,000"
2,0.1,0.31274,0.12493,5-6 hours,"LKR 9,000 - 12,000"
0,0.08,0.22627,0.13045,6-7 hours,"LKR 12,000 - 15,000"
2,0.1,0.15784,0.15838,5-6 hours,"LKR 9,000 - 12,000"
2,0.1,0.31882,0.16015,5-6 hours,"LKR 9,000 - 12,000"
2,0.1,0.17061,0.11901,5-6 hours,"LKR 9,000 - 12,000"
2,0.1,0.16019,0.20813,5-6 hours,"LKR 9,000 - 12,000"
0,0.08,0.14032,0.11355,5-6 hours,"LKR 9,000 - 12,000"
1,0.04,0.07101,0.07679,5-6 hours,"LKR 9,000 - 12,000"
1,0.04,0.06038,0.09186,5-6 hours,"LKR 9,000 - 12,000"
2,0.1,0.30704,0.15637,5-6 hours,"LKR 9,000 - 12,000"
0,0.03152,0.06636,0.04205,4-5 hours,"LKR 7,000 - 9,000"
1,0.04,0.06933,0.05089,4-5 hours,"LKR 7,000 - 9,000"
1,0.04,0.13003,0.07126,4-5 hours,"LKR 7,000 - 9,000"
1,0.03907,0.08099,0.08602,4-5 hours,"LKR 7,000 - 9,000"
1,0.04,0.09693,0.0602,4-5 hours,"LKR 7,000 - 9,000"
0,0.08,0.24454,0.13097,5-6 hours,"LKR 9,000 - 12,000"
0,0.08,0.23355,0.1832,5-6 hours,"LKR 9,000 - 12,000"
0,0.08,0.19922,0.17117,5-6 hours,"LKR 9,000 - 12,000"
2,0.1,0.19963,0.21615,5-6 hours,"LKR 9,000 - 12,000"
0,0.08,0.15241,0.1865,5-6 hours,"LKR 9,000 - 12,000"
0,0.02518,0.03803,0.06234,4-5 hours,"LKR 7,000 - 9,000"
0,0.08,0.2177,0.12343,5-6 hours,"LKR 9,000 - 12,000"
0,0.08,0.2007,0.16804,5-6 hours,"LKR 9,000 - 12,000"
0,0.00978,0.03267,0.01022,3-4 hours,"LKR 5,000 - 7,000"
0,0.08,0.1989,0.14052,5-6 hours,"LKR 9,000 - 12,000"
0,0.08,0.15653,0.15647,5-6 hours,"LKR 9,000 - 12,000"
0,0.04045,0.10741,0.04305,4-5 hours,"LKR 7,000 - 9,000"
0,0.08,0.15366,0.10384,6-7 hours,"LKR 12,000 - 15,000"
0,0.08,0.25369,0.15123,5-6 hours,"LKR 9,000 - 12,000"
2,0.1,0.1922,0.22713,5-6 hours,"LKR 9,000 - 12,000"
0,0.08,0.22826,0.09453,5-6 hours,"LKR 9,000 - 12,000"
0,0.08,0.2602,0.14659,5-6 hours,"LKR 9,000 - 12,000"
2,0.1,0.22008,0.17595,5-6 hours,"LKR 9,000 - 12,000"
0,0.05143,0.13766,0.07305,5-6 hours,"LKR 9,000 - 12,000"
0,0.07497,0.22738,0.11145,5-6 hours,"LKR 9,000 - 12,000"
2,0.1,0.34283,0.19451,5-6 hours,"LKR 9,000 - 12,000"
0,0.08,0.13235,0.1001,5-6 hours,"LKR 9,000 - 12,000"
1,0.04,0.06762,0.05141,4-5 hours,"LKR 7,000 - 9,000"
1,0.04,0.11601,0.077,4-5 hours,"LKR 7,000 - 9,000"
1,0.04,0.0946,0.04551,5-6 hours,"LKR 9,000 - 12,000"
2,0.1,0.33854,0.24655,5-6 hours,"LKR 9,000 - 12,000"
0,0.08,0.25281,0.17886,5-6 hours,"LKR 9,000 - 12,000"
0,0.08,0.25065,0.12352,5-6 hours,"LKR 9,000 - 12,000"
0,0.0621,0.1459,0.07497,5-6 hours,"LKR 9,000 - 12,000"
1,0.04,0.1381,0.09114,4-5 hours,"LKR 7,000 - 9,000"
1,0.04,0.13027,0.09934,4-5 hours,"LKR 7,000 - 9,000"
0,0.06825,0.20439,0.07049,5-6 hours,"LKR 9,000 - 12,000"
1,0.04,0.12253,0.06269,4-5 hours,"LKR 7,000 - 9,000"
1,0.04,0.08822,0.04335,4-5 hours,"LKR 7,000 - 9,000"
0,0.08,0.22791,0.14739,5-6 hours,"LKR 9,000 - 12,000"
1,0.03225,0.06621,0.07927,4-5 hours,"LKR 7,000 - 9,000"
0,0.08,0.13318,0.13364,5-6 hours,"LKR 9,000 - 12,000"
2,0.1,0.25619,0.24802,5-6 hours,"LKR 9,000 - 12,000"
2,0.08141,0.24013,0.18826,5-6 hours,"LKR 9,000 - 12,000"
1,0.04,0.09463,0.08246,4-5 hours,"LKR 7,000 - 9,000"
2,0.1,0.17556,0.17147,5-6 hours,"LKR 9,000 - 12,000"
1,0.04,0.13332,0.07413,5-6 hours,"LKR 9,000 - 12,000"
2,0.1,0.287,0.10153,6-7 hours,"LKR 12,000 - 15,000"
0,0.08,0.18829,0.19147,5-6 hours,"LKR 9,000 - 12,000"
1,0.04,0.12305,0.08215,4-5 hours,"LKR 7,000 - 9,000"
0,0.08,0.23368,0.11654,5-6 hours,"LKR 9,000 - 12,000"
1,0.04,0.11625,0.08273,4-5 hours,"LKR 7,000 - 9,000"
0,0.08,0.20196,0.08456,6-7 hours,"LKR 12,000 - 15,000"
0,0.08,0.19965,0.10512,5-6 hours,"LKR 9,000 - 12,000"
1,0.04,0.11035,0.04909,4-5 hours,"LKR 7,000 - 9,000"
0,0.08,0.26132,0.18789,5-6 hours,"LKR 9,000 - 12,000"
1,0.04,0.11896,0.0654,4-5 hours,"LKR 7,000 - 9,000"
1,0.04,0.10846,0.06344,4-5 hours,"LKR 7,000 - 9,000"
0,0.08,0.19307,0.15665,5-6 hours,"LKR 9,000 - 12,000"
0,0.08,0.13588,0.18701,5-6 hours,"LKR 9,000 - 12,000"
1,0.02462,0.08359,0.04749,3-4 hours,"LKR 5,000 - 7,000"
1,0.04,0.1311,0.04639,5-6 hours,"LKR 9,000 - 12,000"
2,0.1,0.30884,0.19112,5-6 hours,"LKR 9,000 - 12,000"
1,0.04,0.12249,0.05625,4-5 hours,"LKR 7,000 - 9,000"
0,0.08,0.23743,0.15585,5-6 hours,"LKR 9,000 - 12,000"
0,0.08,0.26981,0.16775,5-6 hours,"LKR 9,000 - 12,000"
0,0.08,0.18181,0.10259,5-6 hours,"LKR 9,000 - 12,000"
0,0.08,0.20004,0.10265,5-6 hours,"LKR 9,000 - 12,000"
0,0.08,0.15317,0.09708,5-6 hours,"LKR 9,000 - 12,000"
2,0.1,0.15894,0.15604,5-6 hours,"LKR 9,000 - 12,000"
1,0.04,0.1028,0.05652,4-5 hours,"LKR 7,000 - 9,000"
2,0.1,0.1571,0.21809,5-6 hours,"LKR 9,000 - 12,000"
0,0.08,0.23892,0.1392,5-6 hours,"LKR 9,000 - 12,000"
0,0.08,0.20184,0.186,5-6 hours,"LKR 9,000 - 12,000"
0,0.08,0.14669,0.17424,5-6 hours,"LKR 9,000 - 12,000"
0,0.08,0.24091,0.08696,5-6 hours,"LKR 9,000 - 12,000"
0,0.06845,0.144,0.11298,6-7 hours,"LKR 12,000 - 15,000"
0,0.08,0.14622,0.15459,5-6 hours,"LKR 9,000 - 12,000"
2,0.1,0.34056,0.13567,5-6 hours,"LKR 9,000 - 12,000"
1,0.04,0.07074,0.0559,4-5 hours,"LKR 7,000 - 9,000"
1,0.04,0.09392,0.08444,4-5 hours,"LKR 7,000 - 9,000"
2,0.1,0.22349,0.17372,5-6 hours,"LKR 9,000 - 12,000"
0,0.08,0.13825,0.12408,5-6 hours,"LKR 9,000 - 12,000"
1,0.0172,0.03947,0.01782,3-4 hours,"LKR 5,000 - 7,000"
2,0.03067,0.05451,0.04344,6-7 hours,"LKR 12,000 - 15,000"
0,0.08,0.16579,0.1577,5-6 hours,"LKR 9,000 - 12,000"
0,0.08,0.17041,0.13771,5-6 hours,"LKR 9,000 - 12,000"
2,0.1,0.18821,0.19204,5-6 hours,"LKR 9,000 - 12,000"
2,0.1,0.24863,0.10676,5-6 hours,"LKR 9,000 - 12,000"
0,0.08,0.1915,0.15831,5-6 hours,"LKR 9,000 - 12,000"
0,0.08,0.24707,0.15164,5-6 hours,"LKR 9,000 - 12,000"
2,0.1,0.15124,0.19944,5-6 hours,"LKR 9,000 - 12,000"
1,0.04,0.11348,0.0791,4-5 hours,"LKR 7,000 - 9,000"
0,0.08,0.19317,0.1593,5-6 hours,"LKR 9,000 - 12,000"
1,0.04,0.07346,0.07241,4-5 hours,"LKR 7,000 - 9,000"
2,0.1,0.22422,0.18015,5-6 hours,"LKR 9,000 - 12,000"
1,0.04,0.07524,0.04139,4-5 hours,"LKR 7,000 - 9,000"
0,0.08,0.15729,0.1554,5-6 hours,"LKR 9,000 - 12,000"
0,0.08,0.2637,0.11059,6-7 hours,"LKR 12,000 - 15,000"
1,0.04,0.13286,0.08935,4-5 hours,"LKR 7,000 - 9,000"
1,0.04,0.10657,0.07407,4-5 hours,"LKR 7,000 - 9,000"
2,0.1,0.20941,0.1875,5-6 hours,"LKR 9,000 - 12,000"
0,0.08,0.23873,0.08454,5-6 hours,"LKR 9,000 - 12,000"
1,0.04,0.06091,0.0442,4-5 hours,"LKR 7,000 - 9,000"
0,0.03554,0.07821,0.06313,5-6 hours,"LKR 9,000 - 12,000"
2,0.1,0.32763,0.14316,5-6 hours,"LKR 9,000 - 12,000"
0,0.08,0.15511,0.12074,5-6 hours,"LKR 9,000 - 12,000"
0,0.02534,0.06571,0.04465,4-5 hours,"LKR 7,000 - 9,000"
1,0.04,0.10739,0.08363,4-5 hours,"LKR 7,000 - 9,000"
2,0.1,0.24411,0.20826,5-6 hours,"LKR 9,000 - 12,000"
1,0.04,0.11072,0.05822,4-5 hours,"LKR 7,000 - 9,000"
0,0.03241,0.09399,0.07187,4-5 hours,"LKR 7,000 - 9,000"
1,0.04,0.09439,0.07688,4-5 hours,"LKR 7,000 - 9,000"
0,0.08,0.26856,0.1279,5-6 hours,"LKR 9,000 - 12,000"
1,0.03553,0.06254,0.08835,4-5 hours,"LKR 7,000 - 9,000"
0,0.08,0.20979,0.08738,5-6 hours,"LKR 9,000 - 12,000"
0,0.08,0.1966,0.1597,5-6 hours,"LKR 9,000 - 12,000"
0,0.08,0.15984,0.09818,5-6 hours,"LKR 9,000 - 12,000"
1,0.04,0.12146,0.08963,4-5 hours,"LKR 7,000 - 9,000"
0,0.08,0.14456,0.12888,5-6 hours,"LKR 9,000 - 12,000"
1,0.02539,0.05471,0.04501,3-4 hours,"LKR 5,000 - 7,000"
1,0.04,0.09721,0.08689,4-5 hours,"LKR 7,000 - 9,000"
2,0.1,0.22017,0.17382,5-6 hours,"LKR 9,000 - 12,000"
0,0.08,0.14299,0.1382,5-6 hours,"LKR 9,000 - 12,000"
2,0.1,0.16927,0.15255,5-6 hours,"LKR 9,000 - 12,000"
0,0.08,0.26289,0.19103,5-6 hours,"LKR 9,000 - 12,000"
1,0.04,0.122,0.0948,4-5 hours,"LKR 7,000 - 9,000"
0,0.07488,0.1384,0.13619,5-6 hours,"LKR 9,000 - 12,000"
2,0.1,0.30772,0.15013,5-6 hours,"LKR 9,000 - 12,000"
0,0.08,0.21833,0.14389,5-6 hours,"LKR 9,000 - 12,000"
1,0.04,0.10437,0.06777,4-5 hours,"LKR 7,000 - 9,000"
0,0.08,0.14494,0.13469,5-6 hours,"LKR 9,000 - 12,000"
0,0.08,0.17139,0.10365,5-6 hours,"LKR 9,000 - 12,000"
0,0.08,0.16924,0.19593,5-6 hours,"LKR 9,000 - 12,000"
0,0.08,0.15908,0.10638,5-6 hours,"LKR 9,000 - 12,000"
1,0.04,0.09665,0.093,4-5 hours,"LKR 7,000 - 9,000"
0,0.08,0.26943,0.09745,5-6 hours,"LKR 9,000 - 12,000"
0,0.08,0.27503,0.14436,5-6 hours,"LKR 9,000 - 12,000"
0,0.08,0.16704,0.15147,5-6 hours,"LKR 9,000 - 12,000"
1,0.04,0.1278,0.06398,4-5 hours,"LKR 7,000 - 9,000"
0,0.08,0.26479,0.15456,5-6 hours,"LKR 9,000 - 12,000"
0,0.08,0.21426,0.19816,5-6 hours,"LKR 9,000 - 12,000"
1,0.04,0.08204,0.06823,4-5 hours,"LKR 7,000 - 9,000"
1,0.01328,0.04345,0.01461,2-3 hours,"LKR 3,000 - 5,000"
2,0.1,0.25854,0.23348,5-6 hours,"LKR 9,000 - 12,000"
0,0.04942,0.11184,0.10315,4-5 hours,"LKR 7,000 - 9,000"
1,0.04,0.13643,0.0662,4-5 hours,"LKR 7,000 - 9,000"
1,0.01168,0.02133,0.01637,2-3 hours,"LKR 3,000 - 5,000"
2,0.1,0.26932,0.20169,5-6 hours,"LKR 9,000 - 12,000"
2,0.1,0.21836,0.22999,6-7 hours,"LKR 12,000 - 15,000"
1,0.04,0.06492,0.04196,4-5 hours,"LKR 7,000 - 9,000"
1,0.04,0.0889,0.06009,4-5 hours,"LKR 7,000 - 9,000"
1,0.04,0.12942,0.09492,4-5 hours,"LKR 7,000 - 9,000"
0,0.08,0.13304,0.17776,6-7 hours,"LKR 12,000 - 15,000"
0,0.08,0.26513,0.1799,5-6 hours,"LKR 9,000 - 12,000"
0,0.08,0.27122,0.18453,5-6 hours,"LKR 9,000 - 12,000"
0,0.08,0.15001,0.15321,5-6 hours,"LKR 9,000 - 12,000"
0,0.08,0.13003,0.14405,5-6 hours,"LKR 9,000 - 12,000"
2,0.1,0.32477,0.13644,5-6 hours,"LKR 9,000 - 12,000"
0,0.08,0.21699,0.10225,5-6 hours,"LKR 9,000 - 12,000"
0,0.08,0.1505,0.18266,5-6 hours,"LKR 9,000 - 12,000"
0,0.03889,0.08193,0.07064,4-5 hours,"LKR 7,000 - 9,000"
1,0.04,0.09894,0.07456,4-5 hours,"LKR 7,000 - 9,000"
1,0.04,0.06051,0.07421,4-5 hours,"LKR 7,000 - 9,000"
0,0.08,0.1425,0.13424,5-6 hours,"LKR 9,000 - 12,000"
0,0.00879,0.02115,0.01012,3-4 hours,"LKR 5,000 - 7,000"
2,0.1,0.15041,0.18092,5-6 hours,"LKR 9,000 - 12,000"
1,0.04,0.07815,0.05908,5-6 hours,"LKR 9,000 - 12,000"
0,0.08,0.16845,0.12983,5-6 hours,"LKR 9,000 - 12,000"
1,0.04,0.12716,0.08201,4-5 hours,"LKR 7,000 - 9,000"
2,0.1,0.21468,0.21651,5-6 hours,"LKR 9,000 - 12,000"
1,0.04,0.13392,0.05265,4-5 hours,"LKR 7,000 - 9,000"
1,0.04,0.12502,0.09292,4-5 hours,"LKR 7,000 - 9,000"
1,0.04,0.11356,0.06519,4-5 hours,"LKR 7,000 - 9,000"
0,0.08,0.23061,0.12057,6-7 hours,"LKR 12,000 - 15,000"
1,0.04,0.07595,0.08404,5-6 hours,"LKR 9,000 - 12,000"
1,0.04,0.10659,0.0583,4-5 hours,"LKR 7,000 - 9,000"
0,0.08,0.12002,0.11647,5-6 hours,"LKR 9,000 - 12,000"
1,0.04,0.1335,0.06952,4-5 hours,"LKR 7,000 - 9,000"
1,0.04,0.11927,0.06899,4-5 hours,"LKR 7,000 - 9,000"
0,0.08,0.25347,0.16629,5-6 hours,"LKR 9,000 - 12,000"
1,0.04,0.06369,0.04893,5-6 hours,"LKR 9,000 - 12,000"
0,0.08,0.22036,0.10053,5-6 hours,"LKR 9,000 - 12,000"
1,0.04,0.10543,0.04562,4-5 hours,"LKR 7,000 - 9,000"
0,0.08,0.22322,0.18367,5-6 hours,"LKR 9,000 - 12,000"
1,0.04,0.08957,0.08955,4-5 hours,"LKR 7,000 - 9,000"
0,0.08,0.15762,0.1942,5-6 hours,"LKR 9,000 - 12,000"
2,0.1,0.20903,0.16306,5-6 hours,"LKR 9,000 - 12,000"
2,0.05045,0.13584,0.11965,5-6 hours,"LKR 9,000 - 12,000"
0,0.08,0.14368,0.19559,5-6 hours,"LKR 9,000 - 12,000"
2,0.1,0.23435,0.18068,5-6 hours,"LKR 9,000 - 12,000"
0,0.08,0.19781,0.14134,5-6 hours,"LKR 9,000 - 12,000"
0,0.08,0.22271,0.18953,5-6 hours,"LKR 9,000 - 12,000"
1,0.04,0.09124,0.09434,4-5 hours,"LKR 7,000 - 9,000"
0,0.08,0.2492,0.18467,5-6 hours,"LKR 9,000 - 12,000"
1,0.04,0.08656,0.09444,4-5 hours,"LKR 7,000 - 9,000"
0,0.08,0.16744,0.12924,5-6 hours,"LKR 9,000 - 12,000"
0,0.08,0.27121,0.11815,5-6 hours,"LKR 9,000 - 12,000"
0,0.08,0.17184,0.19422,5-6 hours,"LKR 9,000 - 12,000"
0,0.08,0.13808,0.08485,5-6 hours,"LKR 9,000 - 12,000"
1,0.04,0.087,0.07958,4-5 hours,"LKR 7,000 - 9,000"
1,0.02693,0.07387,0.04453,3-4 hours,"LKR 5,000 - 7,000"
0,0.08,0.18215,0.1089,5-6 hours,"LKR 9,000 - 12,000"
0,0.08,0.15864,0.12889,6-7 hours,"LKR 12,000 - 15,000"
0,0.08,0.14096,0.10905,6-7 hours,"LKR 12,000 - 15,000"
0,0.07441,0.22707,0.12422,5-6 hours,"LKR 9,000 - 12,000"
0,0.08,0.24918,0.09862,6-7 hours,"LKR 12,000 - 15,000"
1,0.04,0.07877,0.0691,4-5 hours,"LKR 7,000 - 9,000"
0,0.08,0.26802,0.08162,5-6 hours,"LKR 9,000 - 12,000"
0,0.08,0.1983,0.09175,5-6 hours,"LKR 9,000 - 12,000"
0,0.08,0.18726,0.13213,5-6 hours,"LKR 9,000 - 12,000"
0,0.08,0.14562,0.08558,5-6 hours,"LKR 9,000 - 12,000"
1,0.04,0.09443,0.08628,4-5 hours,"LKR 7,000 - 9,000"
2,0.1,0.1773,0.18797,5-6 hours,"LKR 9,000 - 12,000"
1,0.04,0.10942,0.07838,4-5 hours,"LKR 7,000 - 9,000"
1,0.04,0.08848,0.07186,4-5 hours,"LKR 7,000 - 9,000"
0,0.08,0.16858,0.12898,5-6 hours,"LKR 9,000 - 12,000"
0,0.08,0.18184,0.18974,5-6 hours,"LKR 9,000 - 12,000"
1,0.04,0.12101,0.04111,4-5 hours,"LKR 7,000 - 9,000"
0,0.08,0.27922,0.09971,5-6 hours,"LKR 9,000 - 12,000"
1,0.04,0.11683,0.073,4-5 hours,"LKR 7,000 - 9,000"
1,0.04,0.08769,0.09636,4-5 hours,"LKR 7,000 - 9,000"
0,0.08,0.14608,0.10071,5-6 hours,"LKR 9,000 - 12,000"
0,0.08,0.26068,0.08345,5-6 hours,"LKR 9,000 - 12,000"
0,0.08,0.17229,0.18617,5-6 hours,"LKR 9,000 - 12,000"
0,0.08,0.26849,0.12759,5-6 hours,"LKR 9,000 - 12,000"
0,0.08,0.20408,0.14525,5-6 hours,"LKR 9,000 - 12,000"
0,0.08,0.16323,0.16585,5-6 hours,"LKR 9,000 - 12,000"
2,0.1,0.30372,0.16795,5-6 hours,"LKR 9,000 - 12,000"
1,0.04,0.10448,0.094,4-5 hours,"LKR 7,000 - 9,000"
1,0.04,0.13006,0.04927,4-5 hours,"LKR 7,000 - 9,000"
2,0.1,0.26957,0.15151,5-6 hours,"LKR 9,000 - 12,000"
0,0.08,0.25082,0.1752,5-6 hours,"LKR 9,000 - 12,000"
0,0.08,0.20702,0.12915,5-6 hours,"LKR 9,000 - 12,000"
0,0.07763,0.24954,0.16871,5-6 hours,"LKR 9,000 - 12,000"
0,0.08,0.20538,0.18115,5-6 hours,"LKR 9,000 - 12,000"
2,0.1,0.17788,0.13454,5-6 hours,"LKR 9,000 - 12,000"
1,0.04,0.09672,0.08622,4-5 hours,"LKR 7,000 - 9,000"
0,0.08,0.1352,0.09756,5-6 hours,"LKR 9,000 - 12,000"
1,0.04,0.11962,0.08187,4-5 hours,"LKR 7,000 - 9,000"
0,0.08,0.25167,0.16906,6-7 hours,"LKR 12,000 - 15,000"
0,0.05248,0.18188,0.07069,5-6 hours,"LKR 9,000 - 12,000"
1,0.04,0.07229,0.08336,5-6 hours,"LKR 9,000 - 12,000"
0,0.08,0.14165,0.11426,5-6 hours,"LKR 9,000 - 12,000"
0,0.08,0.23072,0.13813,5-6 hours,"LKR 9,000 - 12,000"
0,0.08,0.26557,0.18861,5-6 hours,"LKR 9,000 - 12,000"
0,0.03276,0.06332,0.04579,4-5 hours,"LKR 7,000 - 9,000"
1,0.04,0.13506,0.06883,4-5 hours,"LKR 7,000 - 9,000"
2,0.1,0.17379,0.14744,5-6 hours,"LKR 9,000 - 12,000"
0,0.08,0.2242,0.12912,5-6 hours,"LKR 9,000 - 12,000"
0,0.07693,0.26467,0.0862,5-6 hours,"LKR 9,000 - 12,000"
1,0.04,0.1111,0.0459,4-5 hours,"LKR 7,000 - 9,000"
0,0.08,0.13769,0.1425,5-6 hours,"LKR 9,000 - 12,000"
1,0.04,0.10571,0.0789,5-6 hours,"LKR 9,000 - 12,000"
1,0.04,0.12019,0.07573,4-5 hours,"LKR 7,000 - 9,000"
1,0.03547,0.11654,0.05585,4-5 hours,"LKR 7,000 - 9,000"
0,0.08,0.23443,0.16125,5-6 hours,"LKR 9,000 - 12,000"
0,0.08,0.23951,0.10214,5-6 hours,"LKR 9,000 - 12,000"
0,0.0392,0.0794,0.06299,5-6 hours,"LKR 9,000 - 12,000"
2,0.1,0.15378,0.12396,5-6 hours,"LKR 9,000 - 12,000"
2,0.1,0.23281,0.24774,5-6 hours,"LKR 9,000 - 12,000"
0,0.08,0.19417,0.08174,5-6 hours,"LKR 9,000 - 12,000"
0,0.08,0.12651,0.11074,5-6 hours,"LKR 9,000 - 12,000"
1,0.04,0.10199,0.05709,4-5 hours,"LKR 7,000 - 9,000"
0,0.08,0.14948,0.13676,5-6 hours,"LKR 9,000 - 12,000"
0,0.08,0.26153,0.16928,5-6 hours,"LKR 9,000 - 12,000"
0,0.08,0.23026,0.09854,5-6 hours,"LKR 9,000 - 12,000"
0,0.08,0.22006,0.15623,5-6 hours,"LKR 9,000 - 12,000"
0,0.08,0.2391,0.09768,5-6 hours,"LKR 9,000 - 12,000"
0,0.08,0.13011,0.1969,5-6 hours,"LKR 9,000 - 12,000"
1,0.04,0.11492,0.07964,4-5 hours,"LKR 7,000 - 9,000"
0,0.08,0.23601,0.1571,5-6 hours,"LKR 9,000 - 12,000"
1,0.04,0.09271,0.07566,4-5 hours,"LKR 7,000 - 9,000"
1,0.04,0.0934,0.04881,4-5 hours,"LKR 7,000 - 9,000"
1,0.03032,0.09507,0.03904,4-5 hours,"LKR 7,000 - 9,000"
1,0.04,0.07935,0.06653,4-5 hours,"LKR 7,000 - 9,000"
1,0.04,0.13895,0.07026,4-5 hours,"LKR 7,000 - 9,000"
0,0.08,0.1277,0.1823,5-6 hours,"LKR 9,000 - 12,000"
0,0.08,0.26945,0.09282,5-6 hours,"LKR 9,000 - 12,000"
1,0.03358,0.10871,0.06438,4-5 hours,"LKR 7,000 - 9,000"
2,0.1,0.24471,0.24964,5-6 hours,"LKR 9,000 - 12,000"
0,0.0397,0.13661,0.06039,4-5 hours,"LKR 7,000 - 9,000"
1,0.04,0.08547,0.05117,4-5 hours,"LKR 7,000 - 9,000"
1,0.04,0.13536,0.04104,4-5 hours,"LKR 7,000 - 9,000"
2,0.1,0.34435,0.20977,5-6 hours,"LKR 9,000 - 12,000"
0,0.08,0.20512,0.17002,5-6 hours,"LKR 9,000 - 12,000"
0,0.08,0.19366,0.1713,5-6 hours,"LKR 9,000 - 12,000"
1,0.04,0.11929,0.08988,4-5 hours,"LKR 7,000 - 9,000"
2,0.1,0.33226,0.23803,5-6 hours,"LKR 9,000 - 12,000"
0,0.08,0.12734,0.16366,5-6 hours,"LKR 9,000 - 12,000"
1,0.04,0.11249,0.07771,4-5 hours,"LKR 7,000 - 9,000"
1,0.00869,0.0231,0.01258,2-3 hours,"LKR 3,000 - 5,000"
0,0.08,0.12524,0.08109,5-6 hours,"LKR 9,000 - 12,000"
0,0.00429,0.01,0.01,2-3 hours,"LKR 3,000 - 5,000"
1,0.04,0.08483,0.09852,4-5 hours,"LKR 7,000 - 9,000"
1,0.04,0.12313,0.04025,4-5 hours,"LKR 7,000 - 9,000"
0,0.08,0.27429,0.13184,5-6 hours,"LKR 9,000 - 12,000"
1,0.04,0.07346,0.08298,5-6 hours,"LKR 9,000 - 12,000"
1,0.04,0.12386,0.05548,4-5 hours,"LKR 7,000 - 9,000"
1,0.04,0.11096,0.06665,5-6 hours,"LKR 9,000 - 12,000"
1,0.04,0.07439,0.05259,4-5 hours,"LKR 7,000 - 9,000"
0,0.08,0.12712,0.0939,6-7 hours,"LKR 12,000 - 15,000"
1,0.04,0.1318,0.05298,4-5 hours,"LKR 7,000 - 9,000"
1,0.04,0.07914,0.06588,4-5 hours,"LKR 7,000 - 9,000"
1,0.04,0.07542,0.07208,4-5 hours,"LKR 7,000 - 9,000"
0,0.08,0.19772,0.14062,5-6 hours,"LKR 9,000 - 12,000"
0,0.08,0.24719,0.10343,5-6 hours,"LKR 9,000 - 12,000"
0,0.01317,0.04033,0.01969,3-4 hours,"LKR 5,000 - 7,000"
2,0.1,0.2258,0.14385,5-6 hours,"LKR 9,000 - 12,000"
1,0.04,0.11461,0.06213,4-5 hours,"LKR 7,000 - 9,000"
0,0.06689,0.19701,0.13891,5-6 hours,"LKR 9,000 - 12,000"
0,0.08,0.12158,0.11726,5-6 hours,"LKR 9,000 - 12,000"
1,0.04,0.08082,0.09863,4-5 hours,"LKR 7,000 - 9,000"
0,0.08,0.17451,0.11762,5-6 hours,"LKR 9,000 - 12,000"
2,0.1,0.29028,0.16403,5-6 hours,"LKR 9,000 - 12,000"
0,0.08,0.26774,0.093,5-6 hours,"LKR 9,000 - 12,000"
1,0.04,0.10411,0.05976,4-5 hours,"LKR 7,000 - 9,000"
1,0.04,0.10382,0.08628,4-5 hours,"LKR 7,000 - 9,000"
1,0.04,0.13991,0.07685,4-5 hours,"LKR 7,000 - 9,000"
2,0.1,0.29967,0.22075,5-6 hours,"LKR 9,000 - 12,000"
1,0.04,0.06312,0.06225,4-5 hours,"LKR 7,000 - 9,000"
0,0.08,0.13618,0.14466,5-6 hours,"LKR 9,000 - 12,000"
0,0.08,0.21403,0.11507,5-6 hours,"LKR 9,000 - 12,000"
1,0.04,0.09587,0.04772,4-5 hours,"LKR 7,000 - 9,000"
1,0.04,0.09036,0.08668,4-5 hours,"LKR 7,000 - 9,000"
0,0.08,0.23314,0.18703,5-6 hours,"LKR 9,000 - 12,000"
0,0.08,0.15857,0.08187,5-6 hours,"LKR 9,000 - 12,000"
2,0.1,0.21874,0.15151,5-6 hours,"LKR 9,000 - 12,000"
0,0.0347,0.05327,0.04304,4-5 hours,"LKR 7,000 - 9,000"
0,0.08,0.21343,0.19688,6-7 hours,"LKR 12,000 - 15,000"
0,0.05696,0.16834,0.08408,5-6 hours,"LKR 9,000 - 12,000"
1,0.04,0.07994,0.04738,4-5 hours,"LKR 7,000 - 9,000"
1,0.04,0.06261,0.0735,5-6 hours,"LKR 9,000 - 12,000"
1,0.04,0.0856,0.06142,4-5 hours,"LKR 7,000 - 9,000"
2,0.1,0.26575,0.12179,5-6 hours,"LKR 9,000 - 12,000"
1,0.04,0.10186,0.04328,4-5 hours,"LKR 7,000 - 9,000"
2,0.1,0.2286,0.20995,5-6 hours,"LKR 9,000 - 12,000"
0,0.08,0.23796,0.18483,5-6 hours,"LKR 9,000 - 12,000"
1,0.04,0.13408,0.09586,4-5 hours,"LKR 7,000 - 9,000"
2,0.1,0.19203,0.13945,6-7 hours,"LKR 12,000 - 15,000"
1,0.04,0.13495,0.05703,4-5 hours,"LKR 7,000 - 9,000"
2,0.1,0.34283,0.10612,5-6 hours,"LKR 9,000 - 12,000"
0,0.08,0.27058,0.16433,5-6 hours,"LKR 9,000 - 12,000"
2,0.1,0.1536,0.19273,5-6 hours,"LKR 9,000 - 12,000"
2,0.1,0.25401,0.19267,5-6 hours,"LKR 9,000 - 12,000"
1,0.04,0.1061,0.09656,5-6 hours,"LKR 9,000 - 12,000"
0,0.08,0.20605,0.11676,5-6 hours,"LKR 9,000 - 12,000"
1,0.04,0.10803,0.04737,4-5 hours,"LKR 7,000 - 9,000"
0,0.08,0.21827,0.13501,5-6 hours,"LKR 9,000 - 12,000"
2,0.1,0.28954,0.16697,5-6 hours,"LKR 9,000 - 12,000"
0,0.08,0.21507,0.10525,6-7 hours,"LKR 12,000 - 15,000"
1,0.04,0.07227,0.09931,5-6 hours,"LKR 9,000 - 12,000"
1,0.04,0.10435,0.05942,4-5 hours,"LKR 7,000 - 9,000"
0,0.08,0.16725,0.1473,5-6 hours,"LKR 9,000 - 12,000"
0,0.08,0.27927,0.1836,5-6 hours,"LKR 9,000 - 12,000"
1,0.04,0.11413,0.06403,4-5 hours,"LKR 7,000 - 9,000"
0,0.08,0.15135,0.14781,5-6 hours,"LKR 9,000 - 12,000"
0,0.08,0.14341,0.1318,5-6 hours,"LKR 9,000 - 12,000"
0,0.07965,0.22037,0.16863,5-6 hours,"LKR 9,000 - 12,000"
1,0.04,0.08023,0.08223,4-5 hours,"LKR 7,000 - 9,000"
0,0.06875,0.13232,0.12084,5-6 hours,"LKR 9,000 - 12,000"
1,0.04,0.11714,0.08464,4-5 hours,"LKR 7,000 - 9,000"
1,0.04,0.11201,0.07977,4-5 hours,"LKR 7,000 - 9,000"
0,0.03694,0.11363,0.0831,4-5 hours,"LKR 7,000 - 9,000"
0,0.08,0.16857,0.1205,5-6 hours,"LKR 9,000 - 12,000"
0,0.04989,0.14438,0.09088,4-5 hours,"LKR 7,000 - 9,000"
0,0.08,0.26544,0.17451,5-6 hours,"LKR 9,000 - 12,000"
0,0.08,0.18535,0.16399,5-6 hours,"LKR 9,000 - 12,000"
2,0.1,0.24749,0.22171,5-6 hours,"LKR 9,000 - 12,000"
1,0.04,0.13782,0.09734,4-5 hours,"LKR 7,000 - 9,000"
1,0.04,0.09707,0.06346,4-5 hours,"LKR 7,000 - 9,000"
0,0.08,0.17773,0.12849,5-6 hours,"LKR 9,000 - 12,000"
1,0.04,0.11606,0.04571,4-5 hours,"LKR 7,000 - 9,000"
0,0.08,0.19925,0.19192,5-6 hours,"LKR 9,000 - 12,000"
1,0.04,0.13012,0.07346,4-5 hours,"LKR 7,000 - 9,000"
1,0.04,0.09666,0.04945,4-5 hours,"LKR 7,000 - 9,000"
1,0.04,0.06479,0.04253,4-5 hours,"LKR 7,000 - 9,000"
2,0.1,0.29111,0.15598,5-6 hours,"LKR 9,000 - 12,000"
0,0.08,0.1778,0.13222,5-6 hours,"LKR 9,000 - 12,000"
1,0.04,0.13709,0.07631,4-5 hours,"LKR 7,000 - 9,000"
0,0.02381,0.06933,0.0322,4-5 hours,"LKR 7,000 - 9,000"
0,0.08,0.13173,0.14775,5-6 hours,"LKR 9,000 - 12,000"
1,0.04,0.12352,0.0726,4-5 hours,"LKR 7,000 - 9,000"
2,0.1,0.32513,0.12953,5-6 hours,"LKR 9,000 - 12,000"
2,0.1,0.26452,0.18586,5-6 hours,"LKR 9,000 - 12,000"
2,0.1,0.17856,0.17061,6-7 hours,"LKR 12,000 - 15,000"
1,0.04,0.13667,0.05516,4-5 hours,"LKR 7,000 - 9,000"
2,0.1,0.28675,0.13141,5-6 hours,"LKR 9,000 - 12,000"
0,0.08,0.17797,0.09249,5-6 hours,"LKR 9,000 - 12,000"
2,0.1,0.21881,0.21071,6-7 hours,"LKR 12,000 - 15,000"
0,0.06956,0.24162,0.14024,5-6 hours,"LKR 9,000 - 12,000"
0,0.08,0.1955,0.15234,5-6 hours,"LKR 9,000 - 12,000"
1,0.02926,0.09616,0.05563,3-4 hours,"LKR 5,000 - 7,000"
1,0.04,0.0676,0.07788,5-6 hours,"LKR 9,000 - 12,000"
1,0.04,0.08679,0.08834,4-5 hours,"LKR 7,000 - 9,000"
1,0.02713,0.0789,0.05359,3-4 hours,"LKR 5,000 - 7,000"
2,0.1,0.33235,0.1788,6-7 hours,"LKR 12,000 - 15,000"
0,0.08,0.2447,0.14124,5-6 hours,"LKR 9,000 - 12,000"
1,0.04,0.10751,0.04278,4-5 hours,"LKR 7,000 - 9,000"
2,0.1,0.19333,0.12149,5-6 hours,"LKR 9,000 - 12,000"
2,0.1,0.21154,0.14553,5-6 hours,"LKR 9,000 - 12,000"
0,0.08,0.15332,0.15347,5-6 hours,"LKR 9,000 - 12,000"
1,0.04,0.07382,0.07276,4-5 hours,"LKR 7,000 - 9,000"
2,0.1,0.24859,0.12563,6-7 hours,"LKR 12,000 - 15,000"
0,0.08,0.22025,0.17682,5-6 hours,"LKR 9,000 - 12,000"
0,0.08,0.17737,0.15109,5-6 hours,"LKR 9,000 - 12,000"
0,0.08,0.17666,0.17039,5-6 hours,"LKR 9,000 - 12,000"
0,0.08,0.18974,0.17055,6-7 hours,"LKR 12,000 - 15,000"
1,0.04,0.09343,0.08614,4-5 hours,"LKR 7,000 - 9,000"
0,0.08,0.27466,0.088,5-6 hours,"LKR 9,000 - 12,000"
2,0.1,0.30523,0.22783,5-6 hours,"LKR 9,000 - 12,000"
1,0.04,0.08595,0.05769,4-5 hours,"LKR 7,000 - 9,000"
0,0.05633,0.12774,0.07435,6-7 hours,"LKR 12,000 - 15,000"
1,0.04,0.10332,0.09716,4-5 hours,"LKR 7,000 - 9,000"
0,0.08,0.22212,0.12482,5-6 hours,"LKR 9,000 - 12,000"
1,0.04,0.11201,0.09019,4-5 hours,"LKR 7,000 - 9,000"
1,0.04,0.10159,0.07882,4-5 hours,"LKR 7,000 - 9,000"
0,0.08,0.13124,0.14577,5-6 hours,"LKR 9,000 - 12,000"
0,0.08,0.26543,0.16191,6-7 hours,"LKR 12,000 - 15,000"
1,0.04,0.11642,0.05702,4-5 hours,"LKR 7,000 - 9,000"
0,0.08,0.14816,0.11045,5-6 hours,"LKR 9,000 - 12,000"
0,0.08,0.12257,0.1789,6-7 hours,"LKR 12,000 - 15,000"
1,0.04,0.10144,0.09458,5-6 hours,"LKR 9,000 - 12,000"
0,0.08,0.2091,0.17778,5-6 hours,"LKR 9,000 - 12,000"
0,0.08,0.15477,0.12099,6-7 hours,"LKR 12,000 - 15,000"
1,0.04,0.07477,0.05156,4-5 hours,"LKR 7,000 - 9,000"
0,0.04653,0.1459,0.10026,4-5 hours,"LKR 7,000 - 9,000"
1,0.04,0.10628,0.09666,4-5 hours,"LKR 7,000 - 9,000"
1,0.04,0.12555,0.05422,4-5 hours,"LKR 7,000 - 9,000"
1,0.02512,0.05173,0.05059,3-4 hours,"LKR 5,000 - 7,000"
0,0.08,0.14274,0.17843,5-6 hours,"LKR 9,000 - 12,000"
2,0.1,0.23283,0.12527,5-6 hours,"LKR 9,000 - 12,000"
0,0.07608,0.14758,0.10414,5-6 hours,"LKR 9,000 - 12,000"
1,0.04,0.07188,0.06392,4-5 hours,"LKR 7,000 - 9,000"
2,0.1,0.31786,0.1247,5-6 hours,"LKR 9,000 - 12,000"
1,0.04,0.1145,0.07977,5-6 hours,"LKR 9,000 - 12,000"
1,0.02927,0.09809,0.04426,3-4 hours,"LKR 5,000 - 7,000"
0,0.08,0.20962,0.1064,5-6 hours,"LKR 9,000 - 12,000"
1,0.04,0.12682,0.0756,4-5 hours,"LKR 7,000 - 9,000"
0,0.08,0.18604,0.12054,5-6 hours,"LKR 9,000 - 12,000"
1,0.04,0.11749,0.05738,4-5 hours,"LKR 7,000 - 9,000"
0,0.08,0.20188,0.10181,6-7 hours,"LKR 12,000 - 15,000"
0,0.08,0.25254,0.15452,6-7 hours,"LKR 12,000 - 15,000"
1,0.04,0.08278,0.07285,4-5 hours,"LKR 7,000 - 9,000"
1,0.04,0.08189,0.08041,4-5 hours,"LKR 7,000 - 9,000"
0,0.08,0.23113,0.08507,5-6 hours,"LKR 9,000 - 12,000"
1,0.04,0.09138,0.05444,4-5 hours,"LKR 7,000 - 9,000"
2,0.1,0.31893,0.18415,5-6 hours,"LKR 9,000 - 12,000"
0,0.08,0.12422,0.10386,5-6 hours,"LKR 9,000 - 12,000"
2,0.1,0.32461,0.221,5-6 hours,"LKR 9,000 - 12,000"
0,0.08,0.27267,0.0958,5-6 hours,"LKR 9,000 - 12,000"
0,0.08,0.18256,0.13336,6-7 hours,"LKR 12,000 - 15,000"
1,0.04,0.07872,0.04629,5-6 hours,"LKR 9,000 - 12,000"
1,0.04,0.11206,0.06571,4-5 hours,"LKR 7,000 - 9,000"
1,0.04,0.12414,0.0546,4-5 hours,"LKR 7,000 - 9,000"
0,0.05094,0.08135,0.07245,5-6 hours,"LKR 9,000 - 12,000"
0,0.08,0.25778,0.18679,5-6 hours,"LKR 9,000 - 12,000"
1,0.04,0.09712,0.09482,4-5 hours,"LKR 7,000 - 9,000"
0,0.08,0.15481,0.14615,5-6 hours,"LKR 9,000 - 12,000"
0,0.08,0.25173,0.13517,5-6 hours,"LKR 9,000 - 12,000"
0,0.08,0.23422,0.10071,5-6 hours,"LKR 9,000 - 12,000"
0,0.04009,0.12615,0.07018,4-5 hours,"LKR 7,000 - 9,000"
1,0.04,0.11289,0.05371,4-5 hours,"LKR 7,000 - 9,000"
1,0.04,0.06541,0.06925,4-5 hours,"LKR 7,000 - 9,000"
1,0.04,0.13284,0.04468,4-5 hours,"LKR 7,000 - 9,000"
2,0.1,0.33991,0.1025,5-6 hours,"LKR 9,000 - 12,000"
1,0.04,0.09267,0.06004,4-5 hours,"LKR 7,000 - 9,000"
1,0.04,0.08153,0.07689,4-5 hours,"LKR 7,000 - 9,000"
0,0.08,0.22089,0.15263,5-6 hours,"LKR 9,000 - 12,000"
1,0.03909,0.07499,0.04367,4-5 hours,"LKR 7,000 - 9,000"
0,0.08,0.14007,0.11849,5-6 hours,"LKR 9,000 - 12,000"
1,0.04,0.06756,0.09655,4-5 hours,"LKR 7,000 - 9,000"
1,0.04,0.11825,0.06036,4-5 hours,"LKR 7,000 - 9,000"
0,0.03783,0.06479,0.04078,4-5 hours,"LKR 7,000 - 9,000"
0,0.07877,0.26756,0.07894,5-6 hours,"LKR 9,000 - 12,000"
0,0.08,0.18188,0.08211,5-6 hours,"LKR 9,000 - 12,000"
2,0.1,0.15244,0.10811,5-6 hours,"LKR 9,000 - 12,000"
0,0.0549,0.15818,0.08344,5-6 hours,"LKR 9,000 - 12,000"
0,0.06907,0.10834,0.09745,5-6 hours,"LKR 9,000 - 12,000"
0,0.08,0.25577,0.18217,5-6 hours,"LKR 9,000 - 12,000"
1,0.04,0.13346,0.04332,5-6 hours,"LKR 9,000 - 12,000"
2,0.1,0.18478,0.18067,5-6 hours,"LKR 9,000 - 12,000"
0,0.08,0.24322,0.13253,5-6 hours,"LKR 9,000 - 12,000"
2,0.1,0.1678,0.23577,5-6 hours,"LKR 9,000 - 12,000"
1,0.00682,0.01249,0.01518,2-3 hours,"LKR 3,000 - 5,000"
2,0.1,0.21986,0.21786,5-6 hours,"LKR 9,000 - 12,000"
0,0.08,0.23841,0.16052,5-6 hours,"LKR 9,000 - 12,000"
0,0.08,0.19374,0.1424,5-6 hours,"LKR 9,000 - 12,000"
0,0.08,0.15423,0.09305,5-6 hours,"LKR 9,000 - 12,000"
1,0.04,0.13507,0.07726,4-5 hours,"LKR 7,000 - 9,000"
2,0.1,0.245,0.15781,5-6 hours,"LKR 9,000 - 12,000"
1,0.04,0.07887,0.05562,4-5 hours,"LKR 7,000 - 9,000"
1,0.04,0.0719,0.06986,5-6 hours,"LKR 9,000 - 12,000"
0,0.08,0.15477,0.1551,5-6 hours,"LKR 9,000 - 12,000"
0,0.03918,0.0923,0.08303,4-5 hours,"LKR 7,000 - 9,000"
0,0.08,0.20212,0.10957,5-6 hours,"LKR 9,000 - 12,000"
0,0.03173,0.10903,0.05706,5-6 hours,"LKR 9,000 - 12,000"
0,0.08,0.1957,0.18832,6-7 hours,"LKR 12,000 - 15,000"
0,0.08,0.17547,0.19773,5-6 hours,"LKR 9,000 - 12,000"
0,0.08,0.21074,0.13671,5-6 hours,"LKR 9,000 - 12,000"
0,0.08,0.2124,0.08961,5-6 hours,"LKR 9,000 - 12,000"
0,0.08,0.15464,0.14443,5-6 hours,"LKR 9,000 - 12,000"
1,0.04,0.08073,0.0881,4-5 hours,"LKR 7,000 - 9,000"
2,0.1,0.17916,0.11526,5-6 hours,"LKR 9,000 - 12,000"
1,0.04,0.09906,0.09251,4-5 hours,"LKR 7,000 - 9,000"
1,0.04,0.06367,0.06188,5-6 hours,"LKR 9,000 - 12,000"
0,0.08,0.24018,0.11225,5-6 hours,"LKR 9,000 - 12,000"
0,0.08,0.21498,0.19297,6-7 hours,"LKR 12,000 - 15,000"
0,0.08,0.24807,0.15646,5-6 hours,"LKR 9,000 - 12,000"
1,0.02474,0.06136,0.0558,3-4 hours,"LKR 5,000 - 7,000"
2,0.1,0.24948,0.24913,5-6 hours,"LKR 9,000 - 12,000"
0,0.08,0.23279,0.10421,5-6 hours,"LKR 9,000 - 12,000"
0,0.08,0.16202,0.15362,5-6 hours,"LKR 9,000 - 12,000"
1,0.04,0.13597,0.05139,4-5 hours,"LKR 7,000 - 9,000"
1,0.01379,0.04236,0.02028,2-3 hours,"LKR 3,000 - 5,000"
0,0.08,0.24422,0.17194,5-6 hours,"LKR 9,000 - 12,000"
1,0.04,0.07832,0.0808,4-5 hours,"LKR 7,000 - 9,000"
2,0.1,0.16793,0.13337,5-6 hours,"LKR 9,000 - 12,000"
0,0.03321,0.0796,0.04974,4-5 hours,"LKR 7,000 - 9,000"
1,0.04,0.08347,0.04721,4-5 hours,"LKR 7,000 - 9,000"
1,0.03376,0.0829,0.07334,5-6 hours,"LKR 9,000 - 12,000"
0,0.08,0.14963,0.16544,6-7 hours,"LKR 12,000 - 15,000"
1,0.04,0.10163,0.08972,4-5 hours,"LKR 7,000 - 9,000"
0,0.08,0.24111,0.19939,6-7 hours,"LKR 12,000 - 15,000"
1,0.02277,0.06,0.04285,3-4 hours,"LKR 5,000 - 7,000"
2,0.1,0.20714,0.10098,6-7 hours,"LKR 12,000 - 15,000"
0,0.08,0.25582,0.10174,5-6 hours,"LKR 9,000 - 12,000"
1,0.04,0.1213,0.04324,4-5 hours,"LKR 7,000 - 9,000"
0,0.08,0.12108,0.16141,5-6 hours,"LKR 9,000 - 12,000"
0,0.08,0.24588,0.12313,5-6 hours,"LKR 9,000 - 12,000"
0,0.08,0.25323,0.11432,5-6 hours,"LKR 9,000 - 12,000"
0,0.08,0.166,0.18015,5-6 hours,"LKR 9,000 - 12,000"
1,0.04,0.06468,0.07984,4-5 hours,"LKR 7,000 - 9,000"
1,0.04,0.09752,0.08127,4-5 hours,"LKR 7,000 - 9,000"
1,0.04,0.06549,0.05132,4-5 hours,"LKR 7,000 - 9,000"
0,0.02259,0.06601,0.02657,4-5 hours,"LKR 7,000 - 9,000"
0,0.08,0.23541,0.14088,5-6 hours,"LKR 9,000 - 12,000"
0,0.08,0.19493,0.13728,5-6 hours,"LKR 9,000 - 12,000"
1,0.04,0.13452,0.0624,5-6 hours,"LKR 9,000 - 12,000"
1,0.04,0.07629,0.04253,4-5 hours,"LKR 7,000 - 9,000"
1,0.04,0.09622,0.0532,4-5 hours,"LKR 7,000 - 9,000"
1,0.04,0.08771,0.06817,4-5 hours,"LKR 7,000 - 9,000"
2,0.1,0.18911,0.18826,6-7 hours,"LKR 12,000 - 15,000"
0,0.08,0.22927,0.19272,5-6 hours,"LKR 9,000 - 12,000"
0,0.08,0.17848,0.15474,5-6 hours,"LKR 9,000 - 12,000"
1,0.04,0.09216,0.09572,4-5 hours,"LKR 7,000 - 9,000"
1,0.04,0.08476,0.04747,4-5 hours,"LKR 7,000 - 9,000"
0,0.08,0.12732,0.17235,6-7 hours,"LKR 12,000 - 15,000"
0,0.02174,0.07064,0.04901,4-5 hours,"LKR 7,000 - 9,000"
0,0.06729,0.18822,0.12034,5-6 hours,"LKR 9,000 - 12,000"
0,0.08,0.23972,0.19333,5-6 hours,"LKR 9,000 - 12,000"
2,0.1,0.33644,0.12108,5-6 hours,"LKR 9,000 - 12,000"
2,0.1,0.25127,0.13016,5-6 hours,"LKR 9,000 - 12,000"
1,0.04,0.13963,0.06999,4-5 hours,"LKR 7,000 - 9,000"
0,0.08,0.24976,0.13096,5-6 hours,"LKR 9,000 - 12,000"
0,0.08,0.13014,0.09453,5-6 hours,"LKR 9,000 - 12,000"
0,0.08,0.27074,0.13645,5-6 hours,"LKR 9,000 - 12,000"
0,0.06752,0.17869,0.11169,5-6 hours,"LKR 9,000 - 12,000"
2,0.1,0.27958,0.17167,5-6 hours,"LKR 9,000 - 12,000"
0,0.08,0.15522,0.10745,5-6 hours,"LKR 9,000 - 12,000"
1,0.04,0.08446,0.05321,5-6 hours,"LKR 9,000 - 12,000"
0,0.08,0.12671,0.17315,5-6 hours,"LKR 9,000 - 12,000"
1,0.04,0.07999,0.06457,4-5 hours,"LKR 7,000 - 9,000"
1,0.04,0.09539,0.08821,4-5 hours,"LKR 7,000 - 9,000"
0,0.08,0.22074,0.09809,5-6 hours,"LKR 9,000 - 12,000"
0,0.08,0.14,0.08511,6-7 hours,"LKR 12,000 - 15,000"
2,0.1,0.24786,0.13125,5-6 hours,"LKR 9,000 - 12,000"
0,0.08,0.12618,0.14765,5-6 hours,"LKR 9,000 - 12,000"
1,0.04,0.07934,0.09179,4-5 hours,"LKR 7,000 - 9,000"
1,0.04,0.10762,0.0713,4-5 hours,"LKR 7,000 - 9,000"
1,0.04,0.11648,0.06857,4-5 hours,"LKR 7,000 - 9,000"
0,0.08,0.26433,0.14698,5-6 hours,"LKR 9,000 - 12,000"
0,0.08,0.26062,0.084,5-6 hours,"LKR 9,000 - 12,000"
1,0.04,0.11833,0.07223,4-5 hours,"LKR 7,000 - 9,000"
0,0.08,0.2392,0.14396,5-6 hours,"LKR 9,000 - 12,000"
2,0.1,0.31943,0.10013,5-6 hours,"LKR 9,000 - 12,000"
0,0.08,0.26801,0.13691,6-7 hours,"LKR 12,000 - 15,000"
2,0.09219,0.27448,0.12776,5-6 hours,"LKR 9,000 - 12,000"
0,0.08,0.15023,0.18442,5-6 hours,"LKR 9,000 - 12,000"
0,0.08,0.18155,0.15781,5-6 hours,"LKR 9,000 - 12,000"
1,0.04,0.07082,0.07456,4-5 hours,"LKR 7,000 - 9,000"
0,0.08,0.2138,0.12391,5-6 hours,"LKR 9,000 - 12,000"
0,0.08,0.12289,0.10119,5-6 hours,"LKR 9,000 - 12,000"
1,0.04,0.09269,0.05555,4-5 hours,"LKR 7,000 - 9,000"
0,0.04679,0.08696,0.11093,4-5 hours,"LKR 7,000 - 9,000"
2,0.1,0.33019,0.20051,5-6 hours,"LKR 9,000 - 12,000"
2,0.1,0.19986,0.11541,5-6 hours,"LKR 9,000 - 12,000"
0,0.08,0.25481,0.10104,6-7 hours,"LKR 12,000 - 15,000"
1,0.04,0.07294,0.09311,4-5 hours,"LKR 7,000 - 9,000"
2,0.1,0.24737,0.11237,5-6 hours,"LKR 9,000 - 12,000"
0,0.08,0.1889,0.09774,5-6 hours,"LKR 9,000 - 12,000"
0,0.08,0.24893,0.11042,5-6 hours,"LKR 9,000 - 12,000"
1,0.04,0.09369,0.06726,4-5 hours,"LKR 7,000 - 9,000"
0,0.08,0.13316,0.12398,5-6 hours,"LKR 9,000 - 12,000"
1,0.04,0.12601,0.07385,4-5 hours,"LKR 7,000 - 9,000"
2,0.1,0.26829,0.10549,5-6 hours,"LKR 9,000 - 12,000"
0,0.08,0.13979,0.17528,5-6 hours,"LKR 9,000 - 12,000"
0,0.04409,0.15294,0.09389,4-5 hours,"LKR 7,000 - 9,000"
1,0.04,0.11853,0.08183,5-6 hours,"LKR 9,000 - 12,000"
0,0.08,0.21595,0.14328,5-6 hours,"LKR 9,000 - 12,000"
1,0.04,0.10686,0.05831,4-5 hours,"LKR 7,000 - 9,000"
1,0.04,0.06881,0.06678,4-5 hours,"LKR 7,000 - 9,000"
0,0.08,0.27224,0.19497,5-6 hours,"LKR 9,000 - 12,000"
1,0.04,0.13198,0.09747,4-5 hours,"LKR 7,000 - 9,000"
0,0.08,0.25705,0.19691,5-6 hours,"LKR 9,000 - 12,000"
0,0.08,0.24847,0.19095,5-6 hours,"LKR 9,000 - 12,000"
0,0.08,0.14475,0.19156,5-6 hours,"LKR 9,000 - 12,000"
1,0.04,0.09605,0.07521,4-5 hours,"LKR 7,000 - 9,000"
0,0.08,0.2748,0.08473,5-6 hours,"LKR 9,000 - 12,000"
1,0.04,0.12478,0.07095,4-5 hours,"LKR 7,000 - 9,000"
0,0.08,0.26628,0.18138,5-6 hours,"LKR 9,000 - 12,000"
1,0.04,0.1362,0.08324,4-5 hours,"LKR 7,000 - 9,000"
0,0.08,0.23893,0.11651,6-7 hours,"LKR 12,000 - 15,000"
1,0.04,0.13552,0.04602,4-5 hours,"LKR 7,000 - 9,000"
1,0.04,0.09288,0.09612,4-5 hours,"LKR 7,000 - 9,000"
2,0.1,0.23823,0.12344,5-6 hours,"LKR 9,000 - 12,000"
0,0.01571,0.02471,0.02557,3-4 hours,"LKR 5,000 - 7,000"
0,0.08,0.18592,0.18177,5-6 hours,"LKR 9,000 - 12,000"
1,0.04,0.07064,0.04925,4-5 hours,"LKR 7,000 - 9,000"
1,0.04,0.119,0.0504,4-5 hours,"LKR 7,000 - 9,000"
1,0.04,0.06673,0.07953,4-5 hours,"LKR 7,000 - 9,000"
0,0.08,0.18275,0.11955,5-6 hours,"LKR 9,000 - 12,000"
1,0.04,0.09422,0.0991,4-5 hours,"LKR 7,000 - 9,000"
0,0.08,0.19282,0.19929,6-7 hours,"LKR 12,000 - 15,000"
2,0.1,0.2866,0.21167,5-6 hours,"LKR 9,000 - 12,000"
0,0.08,0.22592,0.14785,5-6 hours,"LKR 9,000 - 12,000"
1,0.04,0.06442,0.09648,5-6 hours,"LKR 9,000 - 12,000"
1,0.04,0.12829,0.06194,4-5 hours,"LKR 7,000 - 9,000"
0,0.03075,0.09575,0.04551,4-5 hours,"LKR 7,000 - 9,000"
1,0.04,0.11598,0.08818,4-5 hours,"LKR 7,000 - 9,000"
1,0.04,0.07715,0.08482,4-5 hours,"LKR 7,000 - 9,000"
0,0.08,0.25071,0.128,5-6 hours,"LKR 9,000 - 12,000"
0,0.08,0.1991,0.16385,5-6 hours,"LKR 9,000 - 12,000"
0,0.08,0.2422,0.12635,5-6 hours,"LKR 9,000 - 12,000"
1,0.04,0.06046,0.08151,4-5 hours,"LKR 7,000 - 9,000"
2,0.1,0.23987,0.16838,5-6 hours,"LKR 9,000 - 12,000"
0,0.03012,0.10188,0.03059,4-5 hours,"LKR 7,000 - 9,000"
0,0.08,0.25539,0.10515,5-6 hours,"LKR 9,000 - 12,000"
1,0.04,0.10951,0.08682,4-5 hours,"LKR 7,000 - 9,000"
0,0.07038,0.14179,0.10897,5-6 hours,"LKR 9,000 - 12,000"
0,0.08,0.24478,0.13038,5-6 hours,"LKR 9,000 - 12,000"
0,0.08,0.25882,0.09722,5-6 hours,"LKR 9,000 - 12,000"
0,0.05059,0.17578,0.09705,6-7 hours,"LKR 12,000 - 15,000"
0,0.08,0.18461,0.17087,5-6 hours,"LKR 9,000 - 12,000"
1,0.04,0.13668,0.09291,4-5 hours,"LKR 7,000 - 9,000"
1,0.04,0.06961,0.08255,4-5 hours,"LKR 7,000 - 9,000"
1,0.04,0.08158,0.04088,4-5 hours,"LKR 7,000 - 9,000"
0,0.08,0.16147,0.09251,6-7 hours,"LKR 12,000 - 15,000"
0,0.08,0.16082,0.16208,5-6 hours,"LKR 9,000 - 12,000"
1,0.04,0.0733,0.05786,4-5 hours,"LKR 7,000 - 9,000"
0,0.08,0.26936,0.15815,5-6 hours,"LKR 9,000 - 12,000"
0,0.08,0.27306,0.1524,5-6 hours,"LKR 9,000 - 12,000"
0,0.08,0.2122,0.08538,5-6 hours,"LKR 9,000 - 12,000"
0,0.08,0.18922,0.19594,5-6 hours,"LKR 9,000 - 12,000"
0,0.08,0.16696,0.1448,6-7 hours,"LKR 12,000 - 15,000"
0,0.08,0.21133,0.12476,5-6 hours,"LKR 9,000 - 12,000"
1,0.04,0.10683,0.07299,4-5 hours,"LKR 7,000 - 9,000"
0,0.04669,0.14038,0.09855,4-5 hours,"LKR 7,000 - 9,000"
0,0.08,0.25976,0.1718,5-6 hours,"LKR 9,000 - 12,000"
0,0.08,0.22103,0.12828,5-6 hours,"LKR 9,000 - 12,000"
1,0.04,0.11377,0.05884,4-5 hours,"LKR 7,000 - 9,000"
0,0.08,0.23638,0.10031,5-6 hours,"LKR 9,000 - 12,000"
1,0.04,0.12644,0.04277,4-5 hours,"LKR 7,000 - 9,000"
1,0.04,0.08845,0.07165,4-5 hours,"LKR 7,000 - 9,000"
0,0.08,0.13727,0.16846,5-6 hours,"LKR 9,000 - 12,000"
2,0.1,0.17622,0.10068,5-6 hours,"LKR 9,000 - 12,000"
1,0.04,0.10935,0.09625,4-5 hours,"LKR 7,000 - 9,000"
0,0.08,0.2024,0.1475,5-6 hours,"LKR 9,000 - 12,000"
0,0.08,0.24678,0.12966,5-6 hours,"LKR 9,000 - 12,000"
1,0.04,0.09533,0.08928,4-5 hours,"LKR 7,000 - 9,000"
0,0.08,0.20892,0.14133,5-6 hours,"LKR 9,000 - 12,000"
1,0.04,0.10321,0.09926,4-5 hours,"LKR 7,000 - 9,000"
2,0.1,0.1688,0.21465,5-6 hours,"LKR 9,000 - 12,000"
0,0.08,0.26005,0.16439,5-6 hours,"LKR 9,000 - 12,000"
0,0.08,0.12383,0.09387,5-6 hours,"LKR 9,000 - 12,000"
1,0.04,0.07445,0.05728,4-5 hours,"LKR 7,000 - 9,000"
1,0.01386,0.03279,0.02432,2-3 hours,"LKR 3,000 - 5,000"
0,0.08,0.20319,0.12239,5-6 hours,"LKR 9,000 - 12,000"
0,0.08,0.2134,0.10041,6-7 hours,"LKR 12,000 - 15,000"
2,0.1,0.15945,0.13365,5-6 hours,"LKR 9,000 - 12,000"
0,0.056,0.18144,0.11884,6-7 hours,"LKR 12,000 - 15,000"
2,0.1,0.26281,0.11439,5-6 hours,"LKR 9,000 - 12,000"
0,0.08,0.26066,0.16345,5-6 hours,"LKR 9,000 - 12,000"
0,0.08,0.16486,0.18248,5-6 hours,"LKR 9,000 - 12,000"
1,0.04,0.13356,0.08696,4-5 hours,"LKR 7,000 - 9,000"
1,0.04,0.11235,0.07354,4-5 hours,"LKR 7,000 - 9,000"
2,0.1,0.34804,0.23778,5-6 hours,"LKR 9,000 - 12,000"
1,0.04,0.09914,0.07172,4-5 hours,"LKR 7,000 - 9,000"
0,0.08,0.12824,0.17392,5-6 hours,"LKR 9,000 - 12,000"
1,0.04,0.08545,0.09396,4-5 hours,"LKR 7,000 - 9,000"
0,0.08,0.14372,0.10125,5-6 hours,"LKR 9,000 - 12,000"
0,0.08,0.1849,0.17054,5-6 hours,"LKR 9,000 - 12,000"
0,0.08,0.12999,0.16465,5-6 hours,"LKR 9,000 - 12,000"
1,0.04,0.13453,0.09262,4-5 hours,"LKR 7,000 - 9,000"
1,0.04,0.11422,0.04938,4-5 hours,"LKR 7,000 - 9,000"
1,0.04,0.08231,0.04938,4-5 hours,"LKR 7,000 - 9,000"
0,0.08,0.21935,0.19953,5-6 hours,"LKR 9,000 - 12,000"
0,0.08,0.20406,0.19586,5-6 hours,"LKR 9,000 - 12,000"
0,0.08,0.16889,0.18334,5-6 hours,"LKR 9,000 - 12,000"
0,0.08,0.26711,0.13406,6-7 hours,"LKR 12,000 - 15,000"
1,0.02135,0.06419,0.02434,4-5 hours,"LKR 7,000 - 9,000"
1,0.04,0.13797,0.0596,4-5 hours,"LKR 7,000 - 9,000"
0,0.07298,0.24343,0.10023,5-6 hours,"LKR 9,000 - 12,000"
0,0.08,0.18102,0.09877,5-6 hours,"LKR 9,000 - 12,000"
1,0.04,0.09851,0.08297,4-5 hours,"LKR 7,000 - 9,000"
0,0.08,0.26008,0.1703,5-6 hours,"LKR 9,000 - 12,000"
2,0.1,0.18917,0.15158,5-6 hours,"LKR 9,000 - 12,000"
0,0.08,0.16518,0.19714,6-7 hours,"LKR 12,000 - 15,000"
0,0.08,0.24037,0.13837,5-6 hours,"LKR 9,000 - 12,000"
1,0.04,0.11257,0.04876,4-5 hours,"LKR 7,000 - 9,000"
0,0.08,0.17045,0.15242,5-6 hours,"LKR 9,000 - 12,000"
1,0.04,0.09311,0.06108,4-5 hours,"LKR 7,000 - 9,000"
0,0.03633,0.09677,0.03809,4-5 hours,"LKR 7,000 - 9,000"
1,0.04,0.10227,0.08629,5-6 hours,"LKR 9,000 - 12,000"
1,0.04,0.08595,0.04878,4-5 hours,"LKR 7,000 - 9,000"
1,0.04,0.07773,0.09122,5-6 hours,"LKR 9,000 - 12,000"
0,0.08,0.16936,0.13056,5-6 hours,"LKR 9,000 - 12,000"
0,0.08,0.23853,0.18371,6-7 hours,"LKR 12,000 - 15,000"
0,0.06362,0.15779,0.12844,6-7 hours,"LKR 12,000 - 15,000"
1,0.04,0.0797,0.09223,4-5 hours,"LKR 7,000 - 9,000"
1,0.04,0.07116,0.0479,4-5 hours,"LKR 7,000 - 9,000"
2,0.1,0.28525,0.22778,5-6 hours,"LKR 9,000 - 12,000"
1,0.04,0.0675,0.09859,4-5 hours,"LKR 7,000 - 9,000"
1,0.04,0.12816,0.06661,4-5 hours,"LKR 7,000 - 9,000"
0,0.08,0.15647,0.11751,5-6 hours,"LKR 9,000 - 12,000"
1,0.04,0.06619,0.08246,4-5 hours,"LKR 7,000 - 9,000"
0,0.08,0.18891,0.17512,5-6 hours,"LKR 9,000 - 12,000"
1,0.0257,0.07234,0.03098,3-4 hours,"LKR 5,000 - 7,000"
1,0.04,0.09512,0.06492,4-5 hours,"LKR 7,000 - 9,000"
1,0.04,0.08345,0.07783,5-6 hours,"LKR 9,000 - 12,000"
2,0.1,0.21304,0.10594,6-7 hours,"LKR 12,000 - 15,000"
2,0.1,0.17919,0.14056,5-6 hours,"LKR 9,000 - 12,000"
2,0.1,0.18458,0.18539,5-6 hours,"LKR 9,000 - 12,000"
1,0.04,0.08697,0.09227,4-5 hours,"LKR 7,000 - 9,000"
0,0.08,0.16057,0.1775,5-6 hours,"LKR 9,000 - 12,000"
2,0.1,0.22307,0.10713,5-6 hours,"LKR 9,000 - 12,000"
2,0.1,0.22724,0.14858,5-6 hours,"LKR 9,000 - 12,000"
0,0.08,0.13938,0.14815,6-7 hours,"LKR 12,000 - 15,000"
1,0.04,0.07745,0.07009,4-5 hours,"LKR 7,000 - 9,000"
0,0.08,0.16045,0.09433,5-6 hours,"LKR 9,000 - 12,000"
1,0.04,0.09356,0.0459,4-5 hours,"LKR 7,000 - 9,000"
1,0.04,0.10399,0.08426,4-5 hours,"LKR 7,000 - 9,000"
0,0.04517,0.14568,0.04549,4-5 hours,"LKR 7,000 - 9,000"
0,0.08,0.22204,0.08868,5-6 hours,"LKR 9,000 - 12,000"
2,0.1,0.28992,0.11633,5-6 hours,"LKR 9,000 - 12,000"
1,0.01105,0.02414,0.01383,3-4 hours,"LKR 5,000 - 7,000"
0,0.08,0.2112,0.17228,5-6 hours,"LKR 9,000 - 12,000"
2,0.1,0.30445,0.19107,5-6 hours,"LKR 9,000 - 12,000"
0,0.08,0.199,0.10289,5-6 hours,"LKR 9,000 - 12,000"
1,0.04,0.13165,0.09694,4-5 hours,"LKR 7,000 - 9,000"
2,0.1,0.17811,0.13341,5-6 hours,"LKR 9,000 - 12,000"
2,0.0932,0.24286,0.11689,5-6 hours,"LKR 9,000 - 12,000"
0,0.08,0.14517,0.12157,5-6 hours,"LKR 9,000 - 12,000"
0,0.08,0.19166,0.10549,5-6 hours,"LKR 9,000 - 12,000"
0,0.08,0.26356,0.18564,5-6 hours,"LKR 9,000 - 12,000"
1,0.04,0.09852,0.0631,4-5 hours,"LKR 7,000 - 9,000"
0,0.03833,0.09473,0.06031,4-5 hours,"LKR 7,000 - 9,000"
0,0.08,0.27299,0.10527,5-6 hours,"LKR 9,000 - 12,000"
1,0.04,0.08573,0.07227,4-5 hours,"LKR 7,000 - 9,000"
0,0.08,0.22441,0.10333,5-6 hours,"LKR 9,000 - 12,000"
0,0.08,0.18881,0.12229,5-6 hours,"LKR 9,000 - 12,000"
1,0.04,0.12075,0.04552,4-5 hours,"LKR 7,000 - 9,000"
0,0.08,0.14248,0.14264,5-6 hours,"LKR 9,000 - 12,000"
0,0.07962,0.12158,0.14503,5-6 hours,"LKR 9,000 - 12,000"
0,0.08,0.12179,0.13063,5-6 hours,"LKR 9,000 - 12,000"
0,0.08,0.2229,0.11642,5-6 hours,"LKR 9,000 - 12,000"
0,0.08,0.2557,0.16438,5-6 hours,"LKR 9,000 - 12,000"
1,0.04,0.12081,0.04682,4-5 hours,"LKR 7,000 - 9,000"
1,0.04,0.07224,0.09842,4-5 hours,"LKR 7,000 - 9,000"
0,0.08,0.1932,0.18288,6-7 hours,"LKR 12,000 - 15,000"
0,0.08,0.14309,0.16002,5-6 hours,"LKR 9,000 - 12,000"
1,0.04,0.08386,0.09058,5-6 hours,"LKR 9,000 - 12,000"
1,0.04,0.12984,0.05554,4-5 hours,"LKR 7,000 - 9,000"
0,0.08,0.23199,0.164,5-6 hours,"LKR 9,000 - 12,000"
0,0.08,0.24189,0.08569,5-6 hours,"LKR 9,000 - 12,000"
2,0.1,0.23087,0.23653,6-7 hours,"LKR 12,000 - 15,000"
0,0.08,0.2775,0.13364,5-6 hours,"LKR 9,000 - 12,000"
1,0.04,0.12467,0.08918,4-5 hours,"LKR 7,000 - 9,000"
0,0.08,0.16512,0.17806,5-6 hours,"LKR 9,000 - 12,000"
2,0.1,0.31697,0.10632,5-6 hours,"LKR 9,000 - 12,000"
2,0.1,0.29056,0.15623,6-7 hours,"LKR 12,000 - 15,000"
0,0.08,0.21027,0.11977,5-6 hours,"LKR 9,000 - 12,000"
0,0.08,0.25299,0.09618,5-6 hours,"LKR 9,000 - 12,000"
0,0.08,0.14187,0.11908,5-6 hours,"LKR 9,000 - 12,000"
1,0.04,0.09003,0.08647,4-5 hours,"LKR 7,000 - 9,000"
1,0.04,0.08529,0.083,4-5 hours,"LKR 7,000 - 9,000"
1,0.0206,0.0374,0.04852,4-5 hours,"LKR 7,000 - 9,000"
0,0.0271,0.06389,0.05737,4-5 hours,"LKR 7,000 - 9,000"
1,0.04,0.07061,0.0686,5-6 hours,"LKR 9,000 - 12,000"
0,0.05101,0.12306,0.06905,5-6 hours,"LKR 9,000 - 12,000"
0,0.08,0.22548,0.09955,5-6 hours,"LKR 9,000 - 12,000"
1,0.03462,0.05735,0.04903,4-5 hours,"LKR 7,000 - 9,000"
1,0.04,0.08947,0.05385,4-5 hours,"LKR 7,000 - 9,000"
1,0.03513,0.10974,0.05497,4-5 hours,"LKR 7,000 - 9,000"
2,0.1,0.25437,0.18039,5-6 hours,"LKR 9,000 - 12,000"
1,0.04,0.0739,0.07636,4-5 hours,"LKR 7,000 - 9,000"
1,0.04,0.1224,0.06017,4-5 hours,"LKR 7,000 - 9,000"
0,0.08,0.17835,0.19884,5-6 hours,"LKR 9,000 - 12,000"
1,0.04,0.13155,0.09003,4-5 hours,"LKR 7,000 - 9,000"
0,0.08,0.14393,0.13631,5-6 hours,"LKR 9,000 - 12,000"
0,0.08,0.17362,0.10264,5-6 hours,"LKR 9,000 - 12,000"
0,0.08,0.22473,0.13824,5-6 hours,"LKR 9,000 - 12,000"
1,0.04,0.06248,0.07377,5-6 hours,"LKR 9,000 - 12,000"
1,0.04,0.11826,0.09274,4-5 hours,"LKR 7,000 - 9,000"
0,0.08,0.15047,0.16957,5-6 hours,"LKR 9,000 - 12,000"
1,0.04,0.09612,0.08036,4-5 hours,"LKR 7,000 - 9,000"
0,0.08,0.26677,0.1745,5-6 hours,"LKR 9,000 - 12,000"
2,0.1,0.24461,0.10368,6-7 hours,"LKR 12,000 - 15,000"
0,0.08,0.16895,0.13927,5-6 hours,"LKR 9,000 - 12,000"
1,0.04,0.1089,0.0586,4-5 hours,"LKR 7,000 - 9,000"
1,0.04,0.13124,0.061,4-5 hours,"LKR 7,000 - 9,000"
1,0.04,0.08205,0.04526,5-6 hours,"LKR 9,000 - 12,000"
1,0.04,0.13538,0.0714,4-5 hours,"LKR 7,000 - 9,000"
0,0.08,0.12265,0.08666,5-6 hours,"LKR 9,000 - 12,000"
0,0.08,0.26043,0.13658,5-6 hours,"LKR 9,000 - 12,000"
1,0.04,0.07244,0.06343,4-5 hours,"LKR 7,000 - 9,000"
2,0.1,0.34897,0.1875,5-6 hours,"LKR 9,000 - 12,000"
0,0.08,0.18204,0.18841,5-6 hours,"LKR 9,000 - 12,000"
1,0.04,0.06606,0.0791,4-5 hours,"LKR 7,000 - 9,000"
2,0.1,0.31854,0.24126,5-6 hours,"LKR 9,000 - 12,000"
1,0.04,0.12978,0.09903,4-5 hours,"LKR 7,000 - 9,000"
1,0.04,0.08019,0.04192,4-5 hours,"LKR 7,000 - 9,000"
0,0.08,0.25514,0.12883,5-6 hours,"LKR 9,000 - 12,000"
1,0.04,0.08195,0.09019,4-5 hours,"LKR 7,000 - 9,000"
2,0.1,0.1816,0.18306,5-6 hours,"LKR 9,000 - 12,000"
1,0.04,0.10664,0.06623,4-5 hours,"LKR 7,000 - 9,000"
0,0.02284,0.07526,0.02672,4-5 hours,"LKR 7,000 - 9,000"
0,0.08,0.24955,0.14377,5-6 hours,"LKR 9,000 - 12,000"
0,0.06423,0.20711,0.11412,5-6 hours,"LKR 9,000 - 12,000"
1,0.04,0.09464,0.058,4-5 hours,"LKR 7,000 - 9,000"
0,0.08,0.17969,0.18837,5-6 hours,"LKR 9,000 - 12,000"
2,0.1,0.2398,0.19764,5-6 hours,"LKR 9,000 - 12,000"
0,0.08,0.27592,0.11018,5-6 hours,"LKR 9,000 - 12,000"
0,0.05372,0.1822,0.08233,6-7 hours,"LKR 12,000 - 15,000"
0,0.08,0.19911,0.08951,5-6 hours,"LKR 9,000 - 12,000"
1,0.04,0.11444,0.09012,4-5 hours,"LKR 7,000 - 9,000"
2,0.1,0.16195,0.24803,5-6 hours,"LKR 9,000 - 12,000"
0,0.08,0.12797,0.17358,5-6 hours,"LKR 9,000 - 12,000"
1,0.04,0.13498,0.04888,4-5 hours,"LKR 7,000 - 9,000"
1,0.04,0.11151,0.06015,5-6 hours,"LKR 9,000 - 12,000"
0,0.08,0.207,0.12991,6-7 hours,"LKR 12,000 - 15,000"
2,0.1,0.27208,0.17284,5-6 hours,"LKR 9,000 - 12,000"
0,0.08,0.24994,0.09758,5-6 hours,"LKR 9,000 - 12,000"
0,0.08,0.22038,0.17463,6-7 hours,"LKR 12,000 - 15,000"
2,0.09077,0.26999,0.18535,5-6 hours,"LKR 9,000 - 12,000"
0,0.08,0.18066,0.08187,5-6 hours,"LKR 9,000 - 12,000"
1,0.04,0.10528,0.04064,4-5 hours,"LKR 7,000 - 9,000"
2,0.1,0.26273,0.20486,5-6 hours,"LKR 9,000 - 12,000"
0,0.08,0.1259,0.11098,5-6 hours,"LKR 9,000 - 12,000"
1,0.04,0.13395,0.05424,4-5 hours,"LKR 7,000 - 9,000"
0,0.08,0.14281,0.08085,5-6 hours,"LKR 9,000 - 12,000"
2,0.08583,0.21911,0.17933,5-6 hours,"LKR 9,000 - 12,000"
0,0.08,0.25005,0.09836,5-6 hours,"LKR 9,000 - 12,000"
0,0.08,0.23525,0.09443,5-6 hours,"LKR 9,000 - 12,000"
0,0.02823,0.06746,0.06794,4-5 hours,"LKR 7,000 - 9,000"
0,0.02278,0.06237,0.04797,4-5 hours,"LKR 7,000 - 9,000"
1,0.04,0.06456,0.07391,4-5 hours,"LKR 7,000 - 9,000"
0,0.08,0.15807,0.14848,5-6 hours,"LKR 9,000 - 12,000"
1,0.04,0.12131,0.04111,4-5 hours,"LKR 7,000 - 9,000"
1,0.02594,0.09049,0.03729,3-4 hours,"LKR 5,000 - 7,000"
2,0.1,0.2618,0.18642,5-6 hours,"LKR 9,000 - 12,000"
1,0.04,0.13765,0.05777,4-5 hours,"LKR 7,000 - 9,000"
0,0.08,0.12859,0.1107,5-6 hours,"LKR 9,000 - 12,000"
1,0.04,0.13923,0.0629,4-5 hours,"LKR 7,000 - 9,000"
0,0.08,0.27374,0.15074,5-6 hours,"LKR 9,000 - 12,000"
1,0.04,0.071,0.0868,4-5 hours,"LKR 7,000 - 9,000"
0,0.04474,0.09163,0.08072,4-5 hours,"LKR 7,000 - 9,000"
0,0.08,0.13767,0.08135,5-6 hours,"LKR 9,000 - 12,000"
2,0.1,0.2241,0.2189,5-6 hours,"LKR 9,000 - 12,000"
0,0.08,0.12331,0.12308,5-6 hours,"LKR 9,000 - 12,000"
1,0.04,0.12893,0.07893,4-5 hours,"LKR 7,000 - 9,000"
0,0.03601,0.06805,0.0597,4-5 hours,"LKR 7,000 - 9,000"
0,0.08,0.16688,0.11196,5-6 hours,"LKR 9,000 - 12,000"
2,0.1,0.2051,0.18189,5-6 hours,"LKR 9,000 - 12,000"
0,0.08,0.12863,0.16833,5-6 hours,"LKR 9,000 - 12,000"
2,0.1,0.28888,0.24719,5-6 hours,"LKR 9,000 - 12,000"
1,0.03733,0.05926,0.08103,4-5 hours,"LKR 7,000 - 9,000"
1,0.04,0.08278,0.06072,4-5 hours,"LKR 7,000 - 9,000"
0,0.08,0.23721,0.1659,5-6 hours,"LKR 9,000 - 12,000"
0,0.08,0.186,0.17486,5-6 hours,"LKR 9,000 - 12,000"
0,0.03943,0.12749,0.09823,4-5 hours,"LKR 7,000 - 9,000"
0,0.08,0.2675,0.12092,6-7 hours,"LKR 12,000 - 15,000"
1,0.04,0.08367,0.06919,4-5 hours,"LKR 7,000 - 9,000"
2,0.03367,0.0747,0.07808,5-6 hours,"LKR 9,000 - 12,000"
0,0.08,0.1228,0.10421,5-6 hours,"LKR 9,000 - 12,000"
1,0.04,0.13493,0.05525,4-5 hours,"LKR 7,000 - 9,000"
2,0.1,0.32919,0.16356,5-6 hours,"LKR 9,000 - 12,000"
0,0.08,0.20815,0.13736,5-6 hours,"LKR 9,000 - 12,000"
0,0.0197,0.05084,0.03625,3-4 hours,"LKR 5,000 - 7,000"
0,0.07676,0.22485,0.08199,5-6 hours,"LKR 9,000 - 12,000"
2,0.1,0.18041,0.11216,6-7 hours,"LKR 12,000 - 15,000"
1,0.04,0.09663,0.05135,5-6 hours,"LKR 9,000 - 12,000"
0,0.08,0.27413,0.19039,5-6 hours,"LKR 9,000 - 12,000"
2,0.1,0.3449,0.21308,5-6 hours,"LKR 9,000 - 12,000"
0,0.08,0.17214,0.16204,5-6 hours,"LKR 9,000 - 12,000"
0,0.08,0.2571,0.08528,5-6 hours,"LKR 9,000 - 12,000"
0,0.08,0.24902,0.08299,5-6 hours,"LKR 9,000 - 12,000"
0,0.08,0.1661,0.10396,5-6 hours,"LKR 9,000 - 12,000"
0,0.08,0.23199,0.14857,5-6 hours,"LKR 9,000 - 12,000"
2,0.1,0.34513,0.2362,5-6 hours,"LKR 9,000 - 12,000"
1,0.04,0.10445,0.06036,4-5 hours,"LKR 7,000 - 9,000"
1,0.04,0.13888,0.09379,4-5 hours,"LKR 7,000 - 9,000"
1,0.04,0.08736,0.05348,4-5 hours,"LKR 7,000 - 9,000"
1,0.02935,0.05219,0.07134,3-4 hours,"LKR 5,000 - 7,000"
1,0.04,0.11205,0.0953,4-5 hours,"LKR 7,000 - 9,000"
0,0.08,0.26457,0.08125,5-6 hours,"LKR 9,000 - 12,000"
1,0.04,0.10449,0.06897,4-5 hours,"LKR 7,000 - 9,000"
1,0.04,0.08589,0.05911,4-5 hours,"LKR 7,000 - 9,000"
0,0.05373,0.15777,0.10512,5-6 hours,"LKR 9,000 - 12,000"
2,0.1,0.24953,0.193,5-6 hours,"LKR 9,000 - 12,000"
1,0.04,0.07482,0.05051,4-5 hours,"LKR 7,000 - 9,000"
0,0.08,0.25431,0.15067,5-6 hours,"LKR 9,000 - 12,000"
1,0.04,0.07518,0.05837,4-5 hours,"LKR 7,000 - 9,000"
0,0.08,0.21943,0.09198,6-7 hours,"LKR 12,000 - 15,000"
2,0.1,0.31945,0.20053,5-6 hours,"LKR 9,000 - 12,000"
1,0.04,0.13591,0.06505,4-5 hours,"LKR 7,000 - 9,000"
1,0.04,0.07192,0.04155,4-5 hours,"LKR 7,000 - 9,000"
1,0.04,0.06461,0.05239,4-5 hours,"LKR 7,000 - 9,000"
0,0.05774,0.18318,0.11943,5-6 hours,"LKR 9,000 - 12,000"
1,0.04,0.09406,0.0775,4-5 hours,"LKR 7,000 - 9,000"
2,0.1,0.26164,0.15932,5-6 hours,"LKR 9,000 - 12,000"
1,0.04,0.09423,0.07954,5-6 hours,"LKR 9,000 - 12,000"
0,0.08,0.15915,0.15815,5-6 hours,"LKR 9,000 - 12,000"
0,0.08,0.25063,0.13454,5-6 hours,"LKR 9,000 - 12,000"
0,0.06299,0.10905,0.1546,5-6 hours,"LKR 9,000 - 12,000"
1,0.04,0.07561,0.06142,4-5 hours,"LKR 7,000 - 9,000"
0,0.08,0.25045,0.17517,5-6 hours,"LKR 9,000 - 12,000"
0,0.08,0.25984,0.09527,5-6 hours,"LKR 9,000 - 12,000"
0,0.08,0.22356,0.12019,5-6 hours,"LKR 9,000 - 12,000"
1,0.0236,0.05873,0.02869,3-4 hours,"LKR 5,000 - 7,000"
1,0.04,0.09015,0.04557,4-5 hours,"LKR 7,000 - 9,000"
1,0.04,0.10854,0.06765,4-5 hours,"LKR 7,000 - 9,000"
0,0.08,0.23386,0.14682,5-6 hours,"LKR 9,000 - 12,000"
0,0.07009,0.13329,0.11534,5-6 hours,"LKR 9,000 - 12,000"
0,0.08,0.2018,0.15405,6-7 hours,"LKR 12,000 - 15,000"
2,0.1,0.18367,0.15401,5-6 hours,"LKR 9,000 - 12,000"
2,0.1,0.26429,0.18618,5-6 hours,"LKR 9,000 - 12,000"
1,0.04,0.09549,0.05351,4-5 hours,"LKR 7,000 - 9,000"
0,0.08,0.19529,0.19489,5-6 hours,"LKR 9,000 - 12,000"
0,0.08,0.16617,0.16635,5-6 hours,"LKR 9,000 - 12,000"
2,0.1,0.29562,0.21582,5-6 hours,"LKR 9,000 - 12,000"
1,0.04,0.11529,0.07089,4-5 hours,"LKR 7,000 - 9,000"
0,0.08,0.18547,0.19591,5-6 hours,"LKR 9,000 - 12,000"
1,0.04,0.09867,0.05144,5-6 hours,"LKR 9,000 - 12,000"
1,0.04,0.07111,0.04309,4-5 hours,"LKR 7,000 - 9,000"
2,0.06827,0.11038,0.14944,5-6 hours,"LKR 9,000 - 12,000"
2,0.1,0.25049,0.18127,5-6 hours,"LKR 9,000 - 12,000"
0,0.08,0.20699,0.09876,5-6 hours,"LKR 9,000 - 12,000"
0,0.08,0.22137,0.10173,5-6 hours,"LKR 9,000 - 12,000"
2,0.1,0.21595,0.24802,5-6 hours,"LKR 9,000 - 12,000"
0,0.08,0.13215,0.14988,6-7 hours,"LKR 12,000 - 15,000"
1,0.04,0.1351,0.09405,5-6 hours,"LKR 9,000 - 12,000"
2,0.1,0.16144,0.18196,5-6 hours,"LKR 9,000 - 12,000"
1,0.04,0.10998,0.07985,5-6 hours,"LKR 9,000 - 12,000"
1,0.04,0.10249,0.05457,4-5 hours,"LKR 7,000 - 9,000"
2,0.1,0.24017,0.20118,6-7 hours,"LKR 12,000 - 15,000"
0,0.03788,0.12648,0.04322,4-5 hours,"LKR 7,000 - 9,000"
0,0.08,0.23027,0.19948,5-6 hours,"LKR 9,000 - 12,000"
1,0.04,0.07288,0.04373,4-5 hours,"LKR 7,000 - 9,000"
0,0.08,0.18639,0.08285,5-6 hours,"LKR 9,000 - 12,000"
0,0.08,0.14159,0.09376,5-6 hours,"LKR 9,000 - 12,000"
1,0.04,0.07602,0.04539,4-5 hours,"LKR 7,000 - 9,000"
1,0.04,0.09544,0.04872,4-5 hours,"LKR 7,000 - 9,000"
0,0.08,0.15653,0.12362,5-6 hours,"LKR 9,000 - 12,000"
1,0.04,0.1206,0.09066,4-5 hours,"LKR 7,000 - 9,000"
1,0.04,0.06707,0.07605,5-6 hours,"LKR 9,000 - 12,000"
1,0.04,0.10244,0.09555,4-5 hours,"LKR 7,000 - 9,000"
0,0.08,0.12172,0.14832,5-6 hours,"LKR 9,000 - 12,000"
0,0.08,0.13404,0.1946,6-7 hours,"LKR 12,000 - 15,000"
0,0.06858,0.21294,0.15325,5-6 hours,"LKR 9,000 - 12,000"
0,0.08,0.19246,0.09106,5-6 hours,"LKR 9,000 - 12,000"
0,0.08,0.12083,0.15351,6-7 hours,"LKR 12,000 - 15,000"
0,0.08,0.24334,0.14786,5-6 hours,"LKR 9,000 - 12,000"
1,0.04,0.08874,0.09919,5-6 hours,"LKR 9,000 - 12,000"
0,0.08,0.23008,0.19692,5-6 hours,"LKR 9,000 - 12,000"
0,0.08,0.12826,0.09522,5-6 hours,"LKR 9,000 - 12,000"
2,0.1,0.16007,0.2446,5-6 hours,"LKR 9,000 - 12,000"
1,0.04,0.09989,0.08743,4-5 hours,"LKR 7,000 - 9,000"
1,0.04,0.12894,0.08621,4-5 hours,"LKR 7,000 - 9,000"
1,0.04,0.07354,0.04063,4-5 hours,"LKR 7,000 - 9,000"
0,0.08,0.25324,0.18272,5-6 hours,"LKR 9,000 - 12,000"
2,0.1,0.22974,0.11257,6-7 hours,"LKR 12,000 - 15,000"
2,0.01593,0.04789,0.03041,4-5 hours,"LKR 7,000 - 9,000"
0,0.08,0.20977,0.13187,5-6 hours,"LKR 9,000 - 12,000"
0,0.08,0.20295,0.0839,5-6 hours,"LKR 9,000 - 12,000"
0,0.08,0.24867,0.11146,5-6 hours,"LKR 9,000 - 12,000"
0,0.08,0.25061,0.08983,5-6 hours,"LKR 9,000 - 12,000"
0,0.06794,0.18329,0.15223,5-6 hours,"LKR 9,000 - 12,000"
0,0.08,0.18157,0.15341,6-7 hours,"LKR 12,000 - 15,000"
0,0.08,0.26297,0.12768,5-6 hours,"LKR 9,000 - 12,000"
1,0.04,0.12707,0.06256,4-5 hours,"LKR 7,000 - 9,000"
1,0.04,0.06191,0.07161,4-5 hours,"LKR 7,000 - 9,000"
0,0.08,0.19463,0.17821,5-6 hours,"LKR 9,000 - 12,000"
1,0.04,0.07807,0.04102,4-5 hours,"LKR 7,000 - 9,000"
0,0.03747,0.05826,0.08864,4-5 hours,"LKR 7,000 - 9,000"
1,0.04,0.08869,0.05516,4-5 hours,"LKR 7,000 - 9,000"
0,0.08,0.1662,0.13283,5-6 hours,"LKR 9,000 - 12,000"
0,0.08,0.25284,0.13945,5-6 hours,"LKR 9,000 - 12,000"
1,0.04,0.12784,0.09001,4-5 hours,"LKR 7,000 - 9,000"
0,0.08,0.26422,0.14161,5-6 hours,"LKR 9,000 - 12,000"
0,0.08,0.24258,0.0911,5-6 hours,"LKR 9,000 - 12,000"
1,0.04,0.13663,0.08221,5-6 hours,"LKR 9,000 - 12,000"
2,0.1,0.25801,0.11406,5-6 hours,"LKR 9,000 - 12,000"
1,0.04,0.08714,0.09548,4-5 hours,"LKR 7,000 - 9,000"
0,0.08,0.25801,0.16659,5-6 hours,"LKR 9,000 - 12,000"
1,0.02328,0.06056,0.03993,3-4 hours,"LKR 5,000 - 7,000"
1,0.01301,0.02424,0.01403,2-3 hours,"LKR 3,000 - 5,000"
0,0.08,0.20986,0.10933,5-6 hours,"LKR 9,000 - 12,000"
0,0.08,0.175,0.09507,5-6 hours,"LKR 9,000 - 12,000"
1,0.04,0.08091,0.06249,5-6 hours,"LKR 9,000 - 12,000"
1,0.04,0.07673,0.06364,4-5 hours,"LKR 7,000 - 9,000"
1,0.04,0.12792,0.05674,4-5 hours,"LKR 7,000 - 9,000"
2,0.06427,0.15379,0.07878,5-6 hours,"LKR 9,000 - 12,000"
0,0.08,0.14319,0.1785,5-6 hours,"LKR 9,000 - 12,000"
0,0.08,0.27865,0.15548,5-6 hours,"LKR 9,000 - 12,000"
0,0.02928,0.07201,0.0393,4-5 hours,"LKR 7,000 - 9,000"
0,0.08,0.19075,0.15962,5-6 hours,"LKR 9,000 - 12,000"
0,0.08,0.26314,0.11385,5-6 hours,"LKR 9,000 - 12,000"
0,0.08,0.24843,0.15718,5-6 hours,"LKR 9,000 - 12,000"
0,0.08,0.17602,0.12905,5-6 hours,"LKR 9,000 - 12,000"
2,0.1,0.24561,0.18451,5-6 hours,"LKR 9,000 - 12,000"
0,0.08,0.21497,0.09268,5-6 hours,"LKR 9,000 - 12,000"
0,0.0244,0.0717,0.04345,4-5 hours,"LKR 7,000 - 9,000"
1,0.04,0.13635,0.04407,4-5 hours,"LKR 7,000 - 9,000"
0,0.08,0.25648,0.18023,5-6 hours,"LKR 9,000 - 12,000"
1,0.04,0.11655,0.04107,4-5 hours,"LKR 7,000 - 9,000"
0,0.0309,0.09319,0.06197,4-5 hours,"LKR 7,000 - 9,000"
0,0.08,0.18907,0.08516,6-7 hours,"LKR 12,000 - 15,000"
0,0.08,0.12793,0.17484,5-6 hours,"LKR 9,000 - 12,000"
0,0.08,0.21815,0.1649,5-6 hours,"LKR 9,000 - 12,000"
1,0.04,0.12004,0.05743,5-6 hours,"LKR 9,000 - 12,000"
0,0.08,0.26015,0.16268,5-6 hours,"LKR 9,000 - 12,000"
0,0.08,0.22847,0.17221,5-6 hours,"LKR 9,000 - 12,000"
0,0.08,0.26943,0.17742,5-6 hours,"LKR 9,000 - 12,000"
0,0.08,0.23155,0.19483,5-6 hours,"LKR 9,000 - 12,000"
1,0.04,0.11504,0.09789,5-6 hours,"LKR 9,000 - 12,000"
1,0.04,0.12816,0.04531,4-5 hours,"LKR 7,000 - 9,000"
1,0.01161,0.02126,0.01701,2-3 hours,"LKR 3,000 - 5,000"
1,0.04,0.10116,0.09032,4-5 hours,"LKR 7,000 - 9,000"
0,0.08,0.23673,0.08689,5-6 hours,"LKR 9,000 - 12,000"
0,0.08,0.20883,0.11242,5-6 hours,"LKR 9,000 - 12,000"
0,0.08,0.25731,0.13056,5-6 hours,"LKR 9,000 - 12,000"
1,0.04,0.07976,0.05777,4-5 hours,"LKR 7,000 - 9,000"
1,0.04,0.06454,0.04633,4-5 hours,"LKR 7,000 - 9,000"
2,0.1,0.32166,0.17322,5-6 hours,"LKR 9,000 - 12,000"
0,0.08,0.1542,0.19528,5-6 hours,"LKR 9,000 - 12,000"
0,0.08,0.23977,0.14124,5-6 hours,"LKR 9,000 - 12,000"
1,0.04,0.09325,0.05152,4-5 hours,"LKR 7,000 - 9,000"
1,0.04,0.07305,0.05985,4-5 hours,"LKR 7,000 - 9,000"
2,0.1,0.23929,0.16906,5-6 hours,"LKR 9,000 - 12,000"
1,0.04,0.10912,0.09958,4-5 hours,"LKR 7,000 - 9,000"
2,0.1,0.34598,0.2069,5-6 hours,"LKR 9,000 - 12,000"
0,0.08,0.25634,0.1657,5-6 hours,"LKR 9,000 - 12,000"
1,0.04,0.13706,0.05329,4-5 hours,"LKR 7,000 - 9,000"
0,0.08,0.12896,0.14264,5-6 hours,"LKR 9,000 - 12,000"
0,0.08,0.19592,0.16667,5-6 hours,"LKR 9,000 - 12,000"
1,0.04,0.09929,0.09536,4-5 hours,"LKR 7,000 - 9,000"
0,0.08,0.18954,0.18836,5-6 hours,"LKR 9,000 - 12,000"
1,0.04,0.10271,0.07371,4-5 hours,"LKR 7,000 - 9,000"
1,0.02411,0.07781,0.04309,3-4 hours,"LKR 5,000 - 7,000"
0,0.01319,0.02522,0.03076,3-4 hours,"LKR 5,000 - 7,000"
2,0.1,0.32941,0.19224,5-6 hours,"LKR 9,000 - 12,000"
1,0.04,0.10544,0.09819,4-5 hours,"LKR 7,000 - 9,000"
2,0.1,0.21742,0.22484,5-6 hours,"LKR 9,000 - 12,000"
0,0.08,0.21514,0.15287,5-6 hours,"LKR 9,000 - 12,000"
0,0.08,0.23853,0.11776,5-6 hours,"LKR 9,000 - 12,000"
2,0.1,0.20144,0.12434,5-6 hours,"LKR 9,000 - 12,000"
0,0.08,0.12673,0.19548,5-6 hours,"LKR 9,000 - 12,000"
0,0.08,0.26667,0.16076,5-6 hours,"LKR 9,000 - 12,000"
0,0.08,0.27373,0.14868,5-6 hours,"LKR 9,000 - 12,000"
1,0.04,0.09573,0.07783,4-5 hours,"LKR 7,000 - 9,000"
1,0.04,0.06666,0.08563,4-5 hours,"LKR 7,000 - 9,000"
1,0.04,0.12992,0.06342,5-6 hours,"LKR 9,000 - 12,000"
0,0.08,0.12312,0.19001,6-7 hours,"LKR 12,000 - 15,000"
2,0.1,0.25527,0.10001,5-6 hours,"LKR 9,000 - 12,000"
1,0.04,0.0692,0.04428,4-5 hours,"LKR 7,000 - 9,000"
1,0.04,0.09814,0.05564,4-5 hours,"LKR 7,000 - 9,000"
1,0.04,0.06447,0.06464,4-5 hours,"LKR 7,000 - 9,000"
1,0.04,0.13893,0.07277,4-5 hours,"LKR 7,000 - 9,000"
2,0.07243,0.17888,0.11668,5-6 hours,"LKR 9,000 - 12,000"
1,0.04,0.07209,0.0909,4-5 hours,"LKR 7,000 - 9,000"
1,0.04,0.10416,0.06895,4-5 hours,"LKR 7,000 - 9,000"
0,0.08,0.27745,0.10444,5-6 hours,"LKR 9,000 - 12,000"
2,0.1,0.29046,0.18837,5-6 hours,"LKR 9,000 - 12,000"
1,0.03267,0.05804,0.07398,4-5 hours,"LKR 7,000 - 9,000"
1,0.04,0.12923,0.05558,4-5 hours,"LKR 7,000 - 9,000"
1,0.04,0.13998,0.08759,4-5 hours,"LKR 7,000 - 9,000"
0,0.08,0.2791,0.1381,5-6 hours,"LKR 9,000 - 12,000"
1,0.04,0.08746,0.0775,5-6 hours,"LKR 9,000 - 12,000"
0,0.08,0.13109,0.12603,5-6 hours,"LKR 9,000 - 12,000"
1,0.04,0.13971,0.04979,5-6 hours,"LKR 9,000 - 12,000"
0,0.08,0.20046,0.15152,5-6 hours,"LKR 9,000 - 12,000"
0,0.08,0.25435,0.11075,5-6 hours,"LKR 9,000 - 12,000"
2,0.1,0.33227,0.14561,5-6 hours,"LKR 9,000 - 12,000"
0,0.08,0.14247,0.09187,5-6 hours,"LKR 9,000 - 12,000"
2,0.1,0.29113,0.15568,5-6 hours,"LKR 9,000 - 12,000"
0,0.04941,0.14516,0.11936,4-5 hours,"LKR 7,000 - 9,000"
0,0.08,0.24473,0.09541,5-6 hours,"LKR 9,000 - 12,000"
1,0.04,0.12684,0.06684,4-5 hours,"LKR 7,000 - 9,000"
1,0.04,0.06838,0.07426,4-5 hours,"LKR 7,000 - 9,000"
1,0.04,0.08893,0.07343,4-5 hours,"LKR 7,000 - 9,000"
0,0.08,0.1996,0.08905,5-6 hours,"LKR 9,000 - 12,000"
0,0.08,0.22772,0.1694,5-6 hours,"LKR 9,000 - 12,000"
2,0.04857,0.10023,0.0594,6-7 hours,"LKR 12,000 - 15,000"
1,0.04,0.08178,0.07097,4-5 hours,"LKR 7,000 - 9,000"
1,0.04,0.07525,0.08945,4-5 hours,"LKR 7,000 - 9,000"
2,0.08337,0.2315,0.10372,5-6 hours,"LKR 9,000 - 12,000"
0,0.08,0.12313,0.08701,5-6 hours,"LKR 9,000 - 12,000"
1,0.04,0.11987,0.06802,5-6 hours,"LKR 9,000 - 12,000"
1,0.04,0.0765,0.0988,4-5 hours,"LKR 7,000 - 9,000"
0,0.08,0.16736,0.12372,6-7 hours,"LKR 12,000 - 15,000"
1,0.04,0.13127,0.04129,4-5 hours,"LKR 7,000 - 9,000"
0,0.08,0.2156,0.13387,5-6 hours,"LKR 9,000 - 12,000"
0,0.08,0.2123,0.19696,5-6 hours,"LKR 9,000 - 12,000"
0,0.08,0.15594,0.13103,5-6 hours,"LKR 9,000 - 12,000"
1,0.04,0.06022,0.04817,4-5 hours,"LKR 7,000 - 9,000"
1,0.04,0.10066,0.08148,4-5 hours,"LKR 7,000 - 9,000"
1,0.04,0.06445,0.08097,4-5 hours,"LKR 7,000 - 9,000"
2,0.1,0.27258,0.15317,5-6 hours,"LKR 9,000 - 12,000"
0,0.02289,0.05057,0.02584,4-5 hours,"LKR 7,000 - 9,000"
1,0.04,0.06245,0.08131,4-5 hours,"LKR 7,000 - 9,000"
2,0.08775,0.19758,0.19475,5-6 hours,"LKR 9,000 - 12,000"
0,0.08,0.12822,0.17418,6-7 hours,"LKR 12,000 - 15,000"
0,0.08,0.18847,0.09524,5-6 hours,"LKR 9,000 - 12,000"
0,0.08,0.25115,0.10979,5-6 hours,"LKR 9,000 - 12,000"
0,0.08,0.17483,0.10592,6-7 hours,"LKR 12,000 - 15,000"
0,0.07256,0.11577,0.11998,5-6 hours,"LKR 9,000 - 12,000"
1,0.04,0.06457,0.08329,4-5 hours,"LKR 7,000 - 9,000"
0,0.08,0.26531,0.1799,5-6 hours,"LKR 9,000 - 12,000"
2,0.1,0.25671,0.24004,5-6 hours,"LKR 9,000 - 12,000"
1,0.04,0.12843,0.06338,4-5 hours,"LKR 7,000 - 9,000"
0,0.08,0.19224,0.1641,5-6 hours,"LKR 9,000 - 12,000"
2,0.1,0.28472,0.20482,5-6 hours,"LKR 9,000 - 12,000"
0,0.08,0.20315,0.08676,5-6 hours,"LKR 9,000 - 12,000"
1,0.04,0.11646,0.06138,4-5 hours,"LKR 7,000 - 9,000"
1,0.04,0.10419,0.05099,4-5 hours,"LKR 7,000 - 9,000"
0,0.08,0.13281,0.15584,5-6 hours,"LKR 9,000 - 12,000"
0,0.08,0.19847,0.09864,5-6 hours,"LKR 9,000 - 12,000"
0,0.08,0.23378,0.1311,5-6 hours,"LKR 9,000 - 12,000"
1,0.04,0.13952,0.09279,5-6 hours,"LKR 9,000 - 12,000"
0,0.08,0.15316,0.12502,5-6 hours,"LKR 9,000 - 12,000"
1,0.04,0.12575,0.07336,4-5 hours,"LKR 7,000 - 9,000"
0,0.08,0.23512,0.13722,5-6 hours,"LKR 9,000 - 12,000"
0,0.08,0.16211,0.14231,5-6 hours,"LKR 9,000 - 12,000"
0,0.03605,0.10787,0.05021,5-6 hours,"LKR 9,000 - 12,000"
1,0.04,0.11925,0.0792,4-5 hours,"LKR 7,000 - 9,000"
0,0.08,0.20044,0.10173,5-6 hours,"LKR 9,000 - 12,000"
2,0.1,0.25135,0.23394,5-6 hours,"LKR 9,000 - 12,000"
1,0.0267,0.08812,0.03313,3-4 hours,"LKR 5,000 - 7,000"
0,0.06095,0.1867,0.08207,5-6 hours,"LKR 9,000 - 12,000"
1,0.04,0.10422,0.08451,4-5 hours,"LKR 7,000 - 9,000"
1,0.04,0.08263,0.07186,4-5 hours,"LKR 7,000 - 9,000"
1,0.04,0.06896,0.05655,4-5 hours,"LKR 7,000 - 9,000"
0,0.08,0.14217,0.16915,6-7 hours,"LKR 12,000 - 15,000"
1,0.04,0.08587,0.08674,5-6 hours,"LKR 9,000 - 12,000"
2,0.1,0.30954,0.14827,6-7 hours,"LKR 12,000 - 15,000"
0,0.02018,0.05847,0.0408,4-5 hours,"LKR 7,000 - 9,000"
1,0.04,0.10855,0.04351,4-5 hours,"LKR 7,000 - 9,000"
2,0.1,0.34363,0.12014,5-6 hours,"LKR 9,000 - 12,000"
0,0.08,0.19443,0.15781,5-6 hours,"LKR 9,000 - 12,000"
0,0.08,0.19068,0.083,5-6 hours,"LKR 9,000 - 12,000"
0,0.04373,0.09799,0.10657,4-5 hours,"LKR 7,000 - 9,000"
1,0.04,0.0887,0.09677,4-5 hours,"LKR 7,000 - 9,000"
1,0.04,0.12579,0.07786,4-5 hours,"LKR 7,000 - 9,000"
1,0.04,0.08659,0.06638,4-5 hours,"LKR 7,000 - 9,000"
0,0.08,0.21086,0.13955,5-6 hours,"LKR 9,000 - 12,000"
0,0.08,0.2342,0.1985,6-7 hours,"LKR 12,000 - 15,000"
0,0.08,0.14486,0.1196,5-6 hours,"LKR 9,000 - 12,000"
0,0.08,0.15342,0.17578,5-6 hours,"LKR 9,000 - 12,000"
1,0.04,0.08395,0.06584,5-6 hours,"LKR 9,000 - 12,000"
0,0.08,0.17803,0.19552,5-6 hours,"LKR 9,000 - 12,000"
1,0.04,0.06896,0.04606,4-5 hours,"LKR 7,000 - 9,000"
0,0.08,0.17052,0.18845,6-7 hours,"LKR 12,000 - 15,000"
1,0.04,0.11362,0.084,4-5 hours,"LKR 7,000 - 9,000"
2,0.1,0.26877,0.15641,5-6 hours,"LKR 9,000 - 12,000"
1,0.04,0.1196,0.09483,4-5 hours,"LKR 7,000 - 9,000"
1,0.04,0.12404,0.04511,4-5 hours,"LKR 7,000 - 9,000"
0,0.06375,0.16243,0.06463,5-6 hours,"LKR 9,000 - 12,000"
1,0.04,0.08241,0.09032,4-5 hours,"LKR 7,000 - 9,000"
2,0.1,0.22467,0.23908,6-7 hours,"LKR 12,000 - 15,000"
1,0.04,0.07278,0.05227,4-5 hours,"LKR 7,000 - 9,000"
1,0.04,0.06962,0.0822,4-5 hours,"LKR 7,000 - 9,000"
1,0.04,0.12339,0.05027,5-6 hours,"LKR 9,000 - 12,000"
2,0.05775,0.12576,0.08732,6-7 hours,"LKR 12,000 - 15,000"
0,0.08,0.15374,0.19118,5-6 hours,"LKR 9,000 - 12,000"
0,0.08,0.15356,0.19452,5-6 hours,"LKR 9,000 - 12,000"
2,0.1,0.26617,0.11021,5-6 hours,"LKR 9,000 - 12,000"
1,0.04,0.08193,0.0703,4-5 hours,"LKR 7,000 - 9,000"
0,0.08,0.22779,0.15807,5-6 hours,"LKR 9,000 - 12,000"
0,0.08,0.25724,0.09985,5-6 hours,"LKR 9,000 - 12,000"
1,0.04,0.13439,0.0971,4-5 hours,"LKR 7,000 - 9,000"
1,0.04,0.06224,0.09244,4-5 hours,"LKR 7,000 - 9,000"
0,0.08,0.27416,0.14997,5-6 hours,"LKR 9,000 - 12,000"
0,0.08,0.14471,0.09364,5-6 hours,"LKR 9,000 - 12,000"
2,0.1,0.2314,0.1804,5-6 hours,"LKR 9,000 - 12,000"
1,0.04,0.12388,0.0694,4-5 hours,"LKR 7,000 - 9,000"
2,0.05702,0.16328,0.08711,5-6 hours,"LKR 9,000 - 12,000"
1,0.04,0.07556,0.05997,5-6 hours,"LKR 9,000 - 12,000"
0,0.08,0.13016,0.10583,6-7 hours,"LKR 12,000 - 15,000"
0,0.08,0.24465,0.16392,5-6 hours,"LKR 9,000 - 12,000"
0,0.08,0.23917,0.18966,6-7 hours,"LKR 12,000 - 15,000"
1,0.04,0.09942,0.08447,4-5 hours,"LKR 7,000 - 9,000"
0,0.08,0.20999,0.18197,5-6 hours,"LKR 9,000 - 12,000"
2,0.1,0.31986,0.16986,6-7 hours,"LKR 12,000 - 15,000"
1,0.04,0.10739,0.07349,4-5 hours,"LKR 7,000 - 9,000"
0,0.08,0.2202,0.17261,5-6 hours,"LKR 9,000 - 12,000"
2,0.1,0.26008,0.17975,5-6 hours,"LKR 9,000 - 12,000"
1,0.04,0.13055,0.09682,5-6 hours,"LKR 9,000 - 12,000"
0,0.08,0.24566,0.1821,5-6 hours,"LKR 9,000 - 12,000"
0,0.08,0.23667,0.10774,5-6 hours,"LKR 9,000 - 12,000"
0,0.08,0.25637,0.19619,5-6 hours,"LKR 9,000 - 12,000"
0,0.08,0.26008,0.16238,5-6 hours,"LKR 9,000 - 12,000"
2,0.05722,0.0871,0.12161,5-6 hours,"LKR 9,000 - 12,000"
0,0.08,0.17067,0.1484,5-6 hours,"LKR 9,000 - 12,000"
1,0.02925,0.05241,0.04884,3-4 hours,"LKR 5,000 - 7,000"
1,0.04,0.08325,0.05986,4-5 hours,"LKR 7,000 - 9,000"
0,0.08,0.23946,0.17536,5-6 hours,"LKR 9,000 - 12,000"
2,0.1,0.31292,0.12506,6-7 hours,"LKR 12,000 - 15,000"
1,0.04,0.13442,0.0742,4-5 hours,"LKR 7,000 - 9,000"
1,0.04,0.06631,0.05226,4-5 hours,"LKR 7,000 - 9,000"
0,0.08,0.21989,0.18922,5-6 hours,"LKR 9,000 - 12,000"
0,0.08,0.17486,0.16831,5-6 hours,"LKR 9,000 - 12,000"
1,0.04,0.09056,0.04083,4-5 hours,"LKR 7,000 - 9,000"
0,0.08,0.22875,0.11042,5-6 hours,"LKR 9,000 - 12,000"
2,0.1,0.2091,0.18444,5-6 hours,"LKR 9,000 - 12,000"
1,0.04,0.07805,0.04658,4-5 hours,"LKR 7,000 - 9,000"
1,0.04,0.08057,0.06859,4-5 hours,"LKR 7,000 - 9,000"
0,0.05269,0.17726,0.10473,5-6 hours,"LKR 9,000 - 12,000"
0,0.08,0.24885,0.11836,6-7 hours,"LKR 12,000 - 15,000"
1,0.04,0.0937,0.06417,4-5 hours,"LKR 7,000 - 9,000"
0,0.07732,0.27011,0.08766,5-6 hours,"LKR 9,000 - 12,000"
1,0.04,0.08902,0.06194,4-5 hours,"LKR 7,000 - 9,000"
2,0.08404,0.22095,0.19598,5-6 hours,"LKR 9,000 - 12,000"
0,0.08,0.19698,0.15575,5-6 hours,"LKR 9,000 - 12,000"
0,0.08,0.26048,0.11579,5-6 hours,"LKR 9,000 - 12,000"
0,0.08,0.16436,0.12345,5-6 hours,"LKR 9,000 - 12,000"
0,0.08,0.22957,0.12956,5-6 hours,"LKR 9,000 - 12,000"
0,0.08,0.13796,0.10528,5-6 hours,"LKR 9,000 - 12,000"
1,0.02963,0.06742,0.03224,3-4 hours,"LKR 5,000 - 7,000"
0,0.08,0.2195,0.19413,5-6 hours,"LKR 9,000 - 12,000"
1,0.04,0.07243,0.07861,4-5 hours,"LKR 7,000 - 9,000"
1,0.04,0.09899,0.06949,4-5 hours,"LKR 7,000 - 9,000"
1,0.04,0.13088,0.0583,4-5 hours,"LKR 7,000 - 9,000"
1,0.04,0.12653,0.05845,4-5 hours,"LKR 7,000 - 9,000"
2,0.1,0.21402,0.24384,5-6 hours,"LKR 9,000 - 12,000"
0,0.06952,0.14032,0.13448,5-6 hours,"LKR 9,000 - 12,000"
1,0.04,0.11693,0.07068,4-5 hours,"LKR 7,000 - 9,000"
2,0.1,0.21104,0.22852,5-6 hours,"LKR 9,000 - 12,000"
2,0.1,0.26258,0.14711,5-6 hours,"LKR 9,000 - 12,000"
1,0.04,0.10964,0.08403,4-5 hours,"LKR 7,000 - 9,000"
1,0.04,0.06713,0.08179,4-5 hours,"LKR 7,000 - 9,000"
0,0.08,0.19928,0.10695,5-6 hours,"LKR 9,000 - 12,000"
1,0.04,0.07358,0.07585,4-5 hours,"LKR 7,000 - 9,000"
2,0.1,0.31383,0.16654,5-6 hours,"LKR 9,000 - 12,000"
1,0.04,0.11234,0.06214,4-5 hours,"LKR 7,000 - 9,000"
1,0.04,0.12139,0.04326,4-5 hours,"LKR 7,000 - 9,000"
1,0.04,0.09515,0.07181,4-5 hours,"LKR 7,000 - 9,000"
0,0.08,0.1862,0.15006,5-6 hours,"LKR 9,000 - 12,000"
0,0.08,0.15492,0.09257,5-6 hours,"LKR 9,000 - 12,000"
0,0.08,0.25139,0.17519,5-6 hours,"LKR 9,000 - 12,000"
2,0.1,0.29906,0.10256,5-6 hours,"LKR 9,000 - 12,000"
0,0.08,0.26409,0.13799,5-6 hours,"LKR 9,000 - 12,000"
0,0.04181,0.11818,0.05523,4-5 hours,"LKR 7,000 - 9,000"
0,0.08,0.18607,0.18731,5-6 hours,"LKR 9,000 - 12,000"
0,0.07753,0.18002,0.15059,5-6 hours,"LKR 9,000 - 12,000"
0,0.08,0.24852,0.1324,5-6 hours,"LKR 9,000 - 12,000"
1,0.04,0.11519,0.0463,4-5 hours,"LKR 7,000 - 9,000"
0,0.08,0.12252,0.09699,5-6 hours,"LKR 9,000 - 12,000"
1,0.04,0.13145,0.08288,4-5 hours,"LKR 7,000 - 9,000"
2,0.06852,0.22163,0.07775,5-6 hours,"LKR 9,000 - 12,000"
2,0.1,0.18436,0.14431,5-6 hours,"LKR 9,000 - 12,000"
0,0.08,0.16909,0.12078,5-6 hours,"LKR 9,000 - 12,000"
0,0.08,0.12548,0.18806,5-6 hours,"LKR 9,000 - 12,000"
1,0.04,0.0815,0.06217,4-5 hours,"LKR 7,000 - 9,000"
0,0.06461,0.10361,0.10935,5-6 hours,"LKR 9,000 - 12,000"
0,0.07173,0.14781,0.07992,5-6 hours,"LKR 9,000 - 12,000"
2,0.1,0.30695,0.2067,5-6 hours,"LKR 9,000 - 12,000"
1,0.02506,0.05855,0.058,3-4 hours,"LKR 5,000 - 7,000"
1,0.04,0.06492,0.08805,4-5 hours,"LKR 7,000 - 9,000"
0,0.08,0.12835,0.08776,5-6 hours,"LKR 9,000 - 12,000"
1,0.04,0.11152,0.04137,4-5 hours,"LKR 7,000 - 9,000"
1,0.01587,0.02418,0.03718,3-4 hours,"LKR 5,000 - 7,000"
0,0.08,0.23006,0.19486,5-6 hours,"LKR 9,000 - 12,000"
0,0.08,0.16471,0.09815,5-6 hours,"LKR 9,000 - 12,000"
0,0.08,0.12987,0.17161,5-6 hours,"LKR 9,000 - 12,000"
0,0.08,0.21937,0.15751,5-6 hours,"LKR 9,000 - 12,000"
1,0.04,0.10096,0.041,4-5 hours,"LKR 7,000 - 9,000"
0,0.08,0.21809,0.16075,5-6 hours,"LKR 9,000 - 12,000"
0,0.08,0.16105,0.17135,5-6 hours,"LKR 9,000 - 12,000"
0,0.08,0.15262,0.19866,6-7 hours,"LKR 12,000 - 15,000"
1,0.04,0.06116,0.05139,4-5 hours,"LKR 7,000 - 9,000"
1,0.04,0.09133,0.05521,4-5 hours,"LKR 7,000 - 9,000"
0,0.08,0.22491,0.17987,5-6 hours,"LKR 9,000 - 12,000"
1,0.04,0.06886,0.07775,5-6 hours,"LKR 9,000 - 12,000"
0,0.08,0.25113,0.18009,5-6 hours,"LKR 9,000 - 12,000"
2,0.02929,0.05549,0.06588,4-5 hours,"LKR 7,000 - 9,000"
0,0.08,0.24956,0.14798,5-6 hours,"LKR 9,000 - 12,000"
1,0.04,0.07377,0.06963,4-5 hours,"LKR 7,000 - 9,000"
0,0.08,0.21544,0.0813,5-6 hours,"LKR 9,000 - 12,000"
0,0.08,0.22909,0.08764,5-6 hours,"LKR 9,000 - 12,000"
1,0.04,0.06107,0.05816,4-5 hours,"LKR 7,000 - 9,000"
2,0.07322,0.14878,0.16393,5-6 hours,"LKR 9,000 - 12,000"
0,0.08,0.27925,0.10632,5-6 hours,"LKR 9,000 - 12,000"
1,0.00903,0.02195,0.02253,2-3 hours,"LKR 3,000 - 5,000"
1,0.04,0.11756,0.08896,4-5 hours,"LKR 7,000 - 9,000"
0,0.08,0.23651,0.16693,5-6 hours,"LKR 9,000 - 12,000"
0,0.08,0.2149,0.17304,6-7 hours,"LKR 12,000 - 15,000"
1,0.04,0.10879,0.09995,4-5 hours,"LKR 7,000 - 9,000"
1,0.04,0.11752,0.09006,4-5 hours,"LKR 7,000 - 9,000"
1,0.04,0.12444,0.07699,4-5 hours,"LKR 7,000 - 9,000"
0,0.08,0.20377,0.16043,5-6 hours,"LKR 9,000 - 12,000"
0,0.08,0.20694,0.19852,5-6 hours,"LKR 9,000 - 12,000"
0,0.08,0.17718,0.15703,5-6 hours,"LKR 9,000 - 12,000"
2,0.1,0.17925,0.1971,5-6 hours,"LKR 9,000 - 12,000"
0,0.08,0.17473,0.1715,5-6 hours,"LKR 9,000 - 12,000"
0,0.08,0.26181,0.145,5-6 hours,"LKR 9,000 - 12,000"
0,0.08,0.12837,0.13281,5-6 hours,"LKR 9,000 - 12,000"
0,0.08,0.21828,0.14561,5-6 hours,"LKR 9,000 - 12,000"
2,0.1,0.29692,0.1375,6-7 hours,"LKR 12,000 - 15,000"
2,0.1,0.29524,0.10115,5-6 hours,"LKR 9,000 - 12,000"
0,0.08,0.19756,0.19188,5-6 hours,"LKR 9,000 - 12,000"
0,0.08,0.2175,0.08345,6-7 hours,"LKR 12,000 - 15,000"
2,0.1,0.32687,0.15439,5-6 hours,"LKR 9,000 - 12,000"
1,0.02619,0.04361,0.03078,3-4 hours,"LKR 5,000 - 7,000"
0,0.08,0.26113,0.1915,5-6 hours,"LKR 9,000 - 12,000"
2,0.1,0.23494,0.15933,5-6 hours,"LKR 9,000 - 12,000"
0,0.08,0.15787,0.18637,5-6 hours,"LKR 9,000 - 12,000"
1,0.04,0.10737,0.07211,5-6 hours,"LKR 9,000 - 12,000"
0,0.08,0.14075,0.19143,5-6 hours,"LKR 9,000 - 12,000"
0,0.08,0.15488,0.09285,5-6 hours,"LKR 9,000 - 12,000"
2,0.1,0.27427,0.14808,5-6 hours,"LKR 9,000 - 12,000"
1,0.04,0.1278,0.09368,4-5 hours,"LKR 7,000 - 9,000"
1,0.04,0.07262,0.04118,4-5 hours,"LKR 7,000 - 9,000"
1,0.04,0.06709,0.04877,4-5 hours,"LKR 7,000 - 9,000"
1,0.04,0.07502,0.07639,4-5 hours,"LKR 7,000 - 9,000"
0,0.08,0.20241,0.12404,5-6 hours,"LKR 9,000 - 12,000"
1,0.04,0.13852,0.04233,4-5 hours,"LKR 7,000 - 9,000"
0,0.08,0.19829,0.17257,5-6 hours,"LKR 9,000 - 12,000"
0,0.08,0.25021,0.13097,5-6 hours,"LKR 9,000 - 12,000"
0,0.08,0.15615,0.11511,5-6 hours,"LKR 9,000 - 12,000"
2,0.1,0.28937,0.22877,5-6 hours,"LKR 9,000 - 12,000"
0,0.08,0.18803,0.17218,5-6 hours,"LKR 9,000 - 12,000"
2,0.1,0.29118,0.11138,5-6 hours,"LKR 9,000 - 12,000"
1,0.04,0.06617,0.08582,4-5 hours,"LKR 7,000 - 9,000"
2,0.05951,0.09486,0.13969,5-6 hours,"LKR 9,000 - 12,000"
1,0.04,0.12328,0.08388,4-5 hours,"LKR 7,000 - 9,000"
0,0.08,0.2796,0.10602,5-6 hours,"LKR 9,000 - 12,000"
1,0.03132,0.0858,0.07194,5-6 hours,"LKR 9,000 - 12,000"
0,0.02668,0.06889,0.04716,5-6 hours,"LKR 9,000 - 12,000"
0,0.08,0.21019,0.08091,5-6 hours,"LKR 9,000 - 12,000"
0,0.08,0.22328,0.15841,5-6 hours,"LKR 9,000 - 12,000"
0,0.01379,0.04726,0.02374,3-4 hours,"LKR 5,000 - 7,000"
1,0.04,0.0795,0.09626,4-5 hours,"LKR 7,000 - 9,000"
1,0.04,0.13447,0.09662,4-5 hours,"LKR 7,000 - 9,000"
1,0.04,0.12008,0.06705,4-5 hours,"LKR 7,000 - 9,000"
0,0.08,0.24771,0.16685,5-6 hours,"LKR 9,000 - 12,000"
0,0.07323,0.15034,0.17219,6-7 hours,"LKR 12,000 - 15,000"
1,0.04,0.09109,0.04253,4-5 hours,"LKR 7,000 - 9,000"
1,0.04,0.09247,0.04851,4-5 hours,"LKR 7,000 - 9,000"
1,0.04,0.06911,0.06831,4-5 hours,"LKR 7,000 - 9,000"
1,0.04,0.0608,0.0642,4-5 hours,"LKR 7,000 - 9,000"
1,0.04,0.12326,0.04064,4-5 hours,"LKR 7,000 - 9,000"
2,0.1,0.28646,0.16364,5-6 hours,"LKR 9,000 - 12,000"
2,0.1,0.27225,0.13106,5-6 hours,"LKR 9,000 - 12,000"
0,0.08,0.20237,0.15705,5-6 hours,"LKR 9,000 - 12,000"
0,0.08,0.14016,0.11282,5-6 hours,"LKR 9,000 - 12,000"
0,0.08,0.12051,0.08671,5-6 hours,"LKR 9,000 - 12,000"
0,0.08,0.19026,0.12766,5-6 hours,"LKR 9,000 - 12,000"
0,0.08,0.2044,0.19795,5-6 hours,"LKR 9,000 - 12,000"
0,0.08,0.13375,0.08328,5-6 hours,"LKR 9,000 - 12,000"
1,0.04,0.07688,0.05055,4-5 hours,"LKR 7,000 - 9,000"
0,0.08,0.19517,0.15519,6-7 hours,"LKR 12,000 - 15,000"
2,0.1,0.21913,0.14464,5-6 hours,"LKR 9,000 - 12,000"
0,0.08,0.24771,0.08512,5-6 hours,"LKR 9,000 - 12,000"
1,0.04,0.09831,0.06828,4-5 hours,"LKR 7,000 - 9,000"
1,0.04,0.12177,0.05397,4-5 hours,"LKR 7,000 - 9,000"
1,0.04,0.06318,0.0675,4-5 hours,"LKR 7,000 - 9,000"
0,0.08,0.16493,0.1283,5-6 hours,"LKR 9,000 - 12,000"
2,0.1,0.16617,0.15619,5-6 hours,"LKR 9,000 - 12,000"
2,0.1,0.17196,0.1858,5-6 hours,"LKR 9,000 - 12,000"
0,0.04116,0.12545,0.07812,4-5 hours,"LKR 7,000 - 9,000"
0,0.08,0.13679,0.1524,5-6 hours,"LKR 9,000 - 12,000"
0,0.08,0.14266,0.16684,5-6 hours,"LKR 9,000 - 12,000"
2,0.1,0.25287,0.11173,5-6 hours,"LKR 9,000 - 12,000"
1,0.04,0.11618,0.0787,4-5 hours,"LKR 7,000 - 9,000"
1,0.04,0.08142,0.05964,4-5 hours,"LKR 7,000 - 9,000"
1,0.04,0.0661,0.0449,4-5 hours,"LKR 7,000 - 9,000"
1,0.04,0.13458,0.06547,4-5 hours,"LKR 7,000 - 9,000"
0,0.08,0.20686,0.17344,5-6 hours,"LKR 9,000 - 12,000"
2,0.09796,0.23467,0.13276,6-7 hours,"LKR 12,000 - 15,000"
2,0.1,0.16608,0.18361,5-6 hours,"LKR 9,000 - 12,000"
1,0.04,0.10461,0.0553,5-6 hours,"LKR 9,000 - 12,000"
0,0.08,0.26397,0.1934,5-6 hours,"LKR 9,000 - 12,000"
1,0.04,0.07149,0.07165,4-5 hours,"LKR 7,000 - 9,000"
1,0.04,0.08143,0.04173,5-6 hours,"LKR 9,000 - 12,000"
2,0.1,0.26446,0.10259,5-6 hours,"LKR 9,000 - 12,000"
1,0.04,0.10465,0.06884,4-5 hours,"LKR 7,000 - 9,000"
0,0.08,0.27035,0.19603,5-6 hours,"LKR 9,000 - 12,000"
0,0.08,0.19591,0.17014,5-6 hours,"LKR 9,000 - 12,000"
1,0.04,0.12149,0.09101,4-5 hours,"LKR 7,000 - 9,000"
0,0.08,0.14625,0.16051,5-6 hours,"LKR 9,000 - 12,000"
2,0.1,0.26961,0.13587,5-6 hours,"LKR 9,000 - 12,000"
1,0.04,0.10579,0.0634,4-5 hours,"LKR 7,000 - 9,000"
1,0.04,0.07657,0.09001,4-5 hours,"LKR 7,000 - 9,000"
0,0.08,0.26738,0.13828,5-6 hours,"LKR 9,000 - 12,000"
2,0.1,0.20212,0.19132,5-6 hours,"LKR 9,000 - 12,000"
0,0.08,0.18629,0.09587,5-6 hours,"LKR 9,000 - 12,000"
0,0.08,0.1258,0.1901,5-6 hours,"LKR 9,000 - 12,000"
1,0.04,0.06565,0.07317,4-5 hours,"LKR 7,000 - 9,000"
0,0.08,0.20454,0.12445,5-6 hours,"LKR 9,000 - 12,000"
0,0.08,0.27782,0.09254,5-6 hours,"LKR 9,000 - 12,000"
1,0.04,0.0807,0.07367,4-5 hours,"LKR 7,000 - 9,000"
1,0.04,0.09117,0.06449,4-5 hours,"LKR 7,000 - 9,000"
2,0.07732,0.22154,0.12421,5-6 hours,"LKR 9,000 - 12,000"
1,0.04,0.07319,0.06143,4-5 hours,"LKR 7,000 - 9,000"
2,0.1,0.28427,0.24507,5-6 hours,"LKR 9,000 - 12,000"
0,0.06757,0.13125,0.12913,6-7 hours,"LKR 12,000 - 15,000"
0,0.08,0.24113,0.12029,5-6 hours,"LKR 9,000 - 12,000"
0,0.07673,0.16774,0.08274,5-6 hours,"LKR 9,000 - 12,000"
1,0.04,0.10821,0.07421,4-5 hours,"LKR 7,000 - 9,000"
0,0.08,0.15465,0.13346,5-6 hours,"LKR 9,000 - 12,000"
0,0.05775,0.16153,0.1308,5-6 hours,"LKR 9,000 - 12,000"
2,0.1,0.28934,0.10629,5-6 hours,"LKR 9,000 - 12,000"
1,0.04,0.12725,0.07293,5-6 hours,"LKR 9,000 - 12,000"
1,0.04,0.07259,0.07387,5-6 hours,"LKR 9,000 - 12,000"
2,0.1,0.34092,0.13493,5-6 hours,"LKR 9,000 - 12,000"
2,0.1,0.18188,0.20335,5-6 hours,"LKR 9,000 - 12,000"
0,0.08,0.17044,0.08694,5-6 hours,"LKR 9,000 - 12,000"
0,0.08,0.12177,0.14476,5-6 hours,"LKR 9,000 - 12,000"
1,0.04,0.12401,0.09794,4-5 hours,"LKR 7,000 - 9,000"
0,0.06059,0.15301,0.06182,5-6 hours,"LKR 9,000 - 12,000"
0,0.08,0.18342,0.13801,5-6 hours,"LKR 9,000 - 12,000"
0,0.08,0.1644,0.17898,5-6 hours,"LKR 9,000 - 12,000"
1,0.04,0.11053,0.05821,4-5 hours,"LKR 7,000 - 9,000"
0,0.08,0.2779,0.12797,5-6 hours,"LKR 9,000 - 12,000"
0,0.08,0.23287,0.1139,5-6 hours,"LKR 9,000 - 12,000"
1,0.04,0.08155,0.05117,4-5 hours,"LKR 7,000 - 9,000"
0,0.08,0.23465,0.08727,5-6 hours,"LKR 9,000 - 12,000"
0,0.08,0.22954,0.10727,5-6 hours,"LKR 9,000 - 12,000"
0,0.08,0.25983,0.16789,5-6 hours,"LKR 9,000 - 12,000"
1,0.04,0.10643,0.07623,4-5 hours,"LKR 7,000 - 9,000"
0,0.08,0.15309,0.13694,5-6 hours,"LKR 9,000 - 12,000"
0,0.08,0.27313,0.08472,5-6 hours,"LKR 9,000 - 12,000"
1,0.04,0.12595,0.07133,4-5 hours,"LKR 7,000 - 9,000"
1,0.04,0.08408,0.06938,4-5 hours,"LKR 7,000 - 9,000"
1,0.04,0.10073,0.09097,4-5 hours,"LKR 7,000 - 9,000"
1,0.04,0.07145,0.05759,4-5 hours,"LKR 7,000 - 9,000"
0,0.08,0.14916,0.15211,5-6 hours,"LKR 9,000 - 12,000"
1,0.04,0.12434,0.06261,4-5 hours,"LKR 7,000 - 9,000"
1,0.04,0.13904,0.08203,4-5 hours,"LKR 7,000 - 9,000"
0,0.08,0.24937,0.18118,5-6 hours,"LKR 9,000 - 12,000"
1,0.02567,0.0636,0.02578,3-4 hours,"LKR 5,000 - 7,000"
1,0.04,0.08704,0.05365,4-5 hours,"LKR 7,000 - 9,000"
0,0.08,0.20127,0.10109,5-6 hours,"LKR 9,000 - 12,000"
1,0.04,0.06473,0.08619,4-5 hours,"LKR 7,000 - 9,000"
0,0.08,0.17005,0.1409,5-6 hours,"LKR 9,000 - 12,000"
0,0.04356,0.11856,0.09046,4-5 hours,"LKR 7,000 - 9,000"
0,0.08,0.2131,0.08851,5-6 hours,"LKR 9,000 - 12,000"
0,0.08,0.19405,0.19629,5-6 hours,"LKR 9,000 - 12,000"
1,0.04,0.0603,0.07523,4-5 hours,"LKR 7,000 - 9,000"
0,0.08,0.22648,0.17485,5-6 hours,"LKR 9,000 - 12,000"
1,0.04,0.13018,0.06378,4-5 hours,"LKR 7,000 - 9,000"
1,0.04,0.09011,0.06065,4-5 hours,"LKR 7,000 - 9,000"
0,0.08,0.24523,0.15147,5-6 hours,"LKR 9,000 - 12,000"
1,0.04,0.12753,0.07136,4-5 hours,"LKR 7,000 - 9,000"
1,0.04,0.1274,0.09669,4-5 hours,"LKR 7,000 - 9,000"
0,0.04152,0.12391,0.07361,4-5 hours,"LKR 7,000 - 9,000"
1,0.04,0.07212,0.05999,4-5 hours,"LKR 7,000 - 9,000"
0,0.08,0.13573,0.16704,5-6 hours,"LKR 9,000 - 12,000"
2,0.09816,0.17633,0.22772,5-6 hours,"LKR 9,000 - 12,000"
0,0.08,0.15212,0.16316,5-6 hours,"LKR 9,000 - 12,000"
1,0.04,0.06096,0.08007,4-5 hours,"LKR 7,000 - 9,000"
1,0.04,0.07107,0.09024,4-5 hours,"LKR 7,000 - 9,000"
1,0.04,0.0688,0.07515,4-5 hours,"LKR 7,000 - 9,000"
0,0.08,0.18035,0.09169,5-6 hours,"LKR 9,000 - 12,000"
0,0.08,0.16708,0.14008,5-6 hours,"LKR 9,000 - 12,000"
0,0.08,0.2258,0.1251,5-6 hours,"LKR 9,000 - 12,000"
0,0.08,0.18175,0.09837,5-6 hours,"LKR 9,000 - 12,000"
0,0.08,0.25982,0.10468,5-6 hours,"LKR 9,000 - 12,000"
0,0.08,0.24518,0.16544,5-6 hours,"LKR 9,000 - 12,000"
1,0.04,0.10358,0.05572,5-6 hours,"LKR 9,000 - 12,000"
1,0.04,0.11421,0.08127,4-5 hours,"LKR 7,000 - 9,000"
2,0.1,0.26864,0.15685,6-7 hours,"LKR 12,000 - 15,000"
0,0.05763,0.1545,0.14004,5-6 hours,"LKR 9,000 - 12,000"
2,0.1,0.23484,0.19912,5-6 hours,"LKR 9,000 - 12,000"
1,0.03633,0.0994,0.04651,4-5 hours,"LKR 7,000 - 9,000"
0,0.05787,0.0912,0.08033,5-6 hours,"LKR 9,000 - 12,000"
0,0.08,0.27612,0.0814,5-6 hours,"LKR 9,000 - 12,000"
0,0.08,0.25873,0.15257,5-6 hours,"LKR 9,000 - 12,000"
1,0.04,0.11288,0.09491,4-5 hours,"LKR 7,000 - 9,000"
1,0.04,0.13346,0.08753,4-5 hours,"LKR 7,000 - 9,000"
0,0.08,0.15957,0.16633,5-6 hours,"LKR 9,000 - 12,000"
2,0.1,0.31416,0.12457,5-6 hours,"LKR 9,000 - 12,000"
1,0.04,0.12565,0.05763,4-5 hours,"LKR 7,000 - 9,000"
0,0.08,0.18048,0.0905,5-6 hours,"LKR 9,000 - 12,000"
0,0.08,0.26317,0.16685,5-6 hours,"LKR 9,000 - 12,000"
1,0.04,0.11677,0.07648,4-5 hours,"LKR 7,000 - 9,000"
0,0.08,0.14516,0.14957,5-6 hours,"LKR 9,000 - 12,000"
1,0.04,0.06464,0.04209,4-5 hours,"LKR 7,000 - 9,000"
1,0.04,0.12135,0.07119,5-6 hours,"LKR 9,000 - 12,000"
1,0.04,0.12569,0.07386,4-5 hours,"LKR 7,000 - 9,000"
2,0.08424,0.28921,0.2068,5-6 hours,"LKR 9,000 - 12,000"
0,0.07685,0.20395,0.07789,5-6 hours,"LKR 9,000 - 12,000"
0,0.08,0.23852,0.19108,5-6 hours,"LKR 9,000 - 12,000"
1,0.04,0.10436,0.07796,4-5 hours,"LKR 7,000 - 9,000"
2,0.07453,0.13045,0.17863,5-6 hours,"LKR 9,000 - 12,000"
0,0.08,0.17852,0.11844,5-6 hours,"LKR 9,000 - 12,000"
1,0.02023,0.06941,0.05046,3-4 hours,"LKR 5,000 - 7,000"
0,0.08,0.27906,0.08788,5-6 hours,"LKR 9,000 - 12,000"
1,0.03663,0.12779,0.06489,4-5 hours,"LKR 7,000 - 9,000"
0,0.08,0.15086,0.09535,5-6 hours,"LKR 9,000 - 12,000"
0,0.08,0.19367,0.1386,5-6 hours,"LKR 9,000 - 12,000"
0,0.08,0.23024,0.14829,5-6 hours,"LKR 9,000 - 12,000"
0,0.08,0.25955,0.08886,6-7 hours,"LKR 12,000 - 15,000"
0,0.08,0.22384,0.10541,5-6 hours,"LKR 9,000 - 12,000"
0,0.01805,0.04485,0.01974,3-4 hours,"LKR 5,000 - 7,000"
2,0.1,0.26114,0.20142,5-6 hours,"LKR 9,000 - 12,000"
0,0.08,0.16873,0.15177,5-6 hours,"LKR 9,000 - 12,000"
0,0.08,0.25079,0.19129,5-6 hours,"LKR 9,000 - 12,000"
1,0.04,0.07381,0.06362,4-5 hours,"LKR 7,000 - 9,000"
1,0.04,0.08515,0.06717,4-5 hours,"LKR 7,000 - 9,000"
1,0.04,0.12439,0.07663,4-5 hours,"LKR 7,000 - 9,000"
1,0.04,0.08754,0.09075,4-5 hours,"LKR 7,000 - 9,000"
0,0.08,0.26544,0.1313,5-6 hours,"LKR 9,000 - 12,000"
0,0.08,0.20173,0.11659,5-6 hours,"LKR 9,000 - 12,000"
1,0.04,0.10239,0.06338,5-6 hours,"LKR 9,000 - 12,000"
0,0.08,0.20566,0.1509,6-7 hours,"LKR 12,000 - 15,000"
0,0.08,0.15235,0.12582,5-6 hours,"LKR 9,000 - 12,000"
1,0.04,0.09891,0.09343,4-5 hours,"LKR 7,000 - 9,000"
0,0.08,0.13868,0.10271,5-6 hours,"LKR 9,000 - 12,000"
0,0.08,0.16611,0.08962,5-6 hours,"LKR 9,000 - 12,000"
1,0.01873,0.02998,0.02979,3-4 hours,"LKR 5,000 - 7,000"
1,0.04,0.11356,0.05506,4-5 hours,"LKR 7,000 - 9,000"
1,0.04,0.11834,0.05405,5-6 hours,"LKR 9,000 - 12,000"
1,0.04,0.10632,0.07705,4-5 hours,"LKR 7,000 - 9,000"
1,0.04,0.13031,0.08938,4-5 hours,"LKR 7,000 - 9,000"
2,0.06435,0.18242,0.10497,5-6 hours,"LKR 9,000 - 12,000"
0,0.08,0.24186,0.18251,5-6 hours,"LKR 9,000 - 12,000"
2,0.1,0.26049,0.14595,5-6 hours,"LKR 9,000 - 12,000"
1,0.02559,0.07287,0.04013,3-4 hours,"LKR 5,000 - 7,000"
2,0.1,0.15684,0.2246,5-6 hours,"LKR 9,000 - 12,000"
0,0.08,0.20163,0.1482,5-6 hours,"LKR 9,000 - 12,000"
0,0.08,0.20936,0.09976,5-6 hours,"LKR 9,000 - 12,000"
0,0.08,0.24203,0.12017,5-6 hours,"LKR 9,000 - 12,000"
1,0.04,0.11112,0.0935,4-5 hours,"LKR 7,000 - 9,000"
0,0.08,0.12781,0.14506,5-6 hours,"LKR 9,000 - 12,000"
1,0.04,0.09697,0.08516,4-5 hours,"LKR 7,000 - 9,000"
0,0.08,0.23936,0.09671,5-6 hours,"LKR 9,000 - 12,000"
1,0.04,0.11423,0.05669,5-6 hours,"LKR 9,000 - 12,000"
0,0.08,0.2669,0.17369,5-6 hours,"LKR 9,000 - 12,000"
2,0.1,0.17672,0.15036,5-6 hours,"LKR 9,000 - 12,000"
1,0.04,0.11452,0.04642,4-5 hours,"LKR 7,000 - 9,000"
1,0.04,0.07127,0.04707,4-5 hours,"LKR 7,000 - 9,000"
0,0.08,0.23219,0.12229,5-6 hours,"LKR 9,000 - 12,000"
0,0.08,0.15239,0.1635,5-6 hours,"LKR 9,000 - 12,000"
1,0.04,0.13514,0.08387,4-5 hours,"LKR 7,000 - 9,000"
1,0.04,0.10588,0.09558,4-5 hours,"LKR 7,000 - 9,000"
1,0.04,0.07214,0.084,4-5 hours,"LKR 7,000 - 9,000"
0,0.08,0.26309,0.14448,5-6 hours,"LKR 9,000 - 12,000"
0,0.08,0.16377,0.0818,5-6 hours,"LKR 9,000 - 12,000"
1,0.04,0.0941,0.08146,4-5 hours,"LKR 7,000 - 9,000"
1,0.04,0.12146,0.09292,4-5 hours,"LKR 7,000 - 9,000"
0,0.08,0.21532,0.11637,6-7 hours,"LKR 12,000 - 15,000"
1,0.04,0.08411,0.08829,4-5 hours,"LKR 7,000 - 9,000"
2,0.1,0.17313,0.20818,5-6 hours,"LKR 9,000 - 12,000"
0,0.08,0.17872,0.09145,5-6 hours,"LKR 9,000 - 12,000"
1,0.04,0.07257,0.04041,4-5 hours,"LKR 7,000 - 9,000"
2,0.1,0.26745,0.14913,5-6 hours,"LKR 9,000 - 12,000"
1,0.04,0.0945,0.06009,4-5 hours,"LKR 7,000 - 9,000"
1,0.04,0.09714,0.0864,5-6 hours,"LKR 9,000 - 12,000"
1,0.04,0.13207,0.0951,4-5 hours,"LKR 7,000 - 9,000"
2,0.1,0.29322,0.1064,5-6 hours,"LKR 9,000 - 12,000"
1,0.04,0.08034,0.07777,5-6 hours,"LKR 9,000 - 12,000"
0,0.08,0.27074,0.15169,5-6 hours,"LKR 9,000 - 12,000"
0,0.08,0.16938,0.1146,5-6 hours,"LKR 9,000 - 12,000"
0,0.05972,0.16726,0.09595,6-7 hours,"LKR 12,000 - 15,000"
2,0.01575,0.0518,0.01685,4-5 hours,"LKR 7,000 - 9,000"
0,0.08,0.21098,0.10683,5-6 hours,"LKR 9,000 - 12,000"
0,0.04387,0.06783,0.04685,4-5 hours,"LKR 7,000 - 9,000"
0,0.08,0.1738,0.11567,5-6 hours,"LKR 9,000 - 12,000"
1,0.04,0.09629,0.08284,4-5 hours,"LKR 7,000 - 9,000"
0,0.08,0.15288,0.1105,5-6 hours,"LKR 9,000 - 12,000"
1,0.04,0.06436,0.0957,4-5 hours,"LKR 7,000 - 9,000"
0,0.06301,0.14802,0.07502,5-6 hours,"LKR 9,000 - 12,000"
2,0.1,0.27532,0.18108,6-7 hours,"LKR 12,000 - 15,000"
0,0.08,0.23208,0.10157,5-6 hours,"LKR 9,000 - 12,000"
0,0.06735,0.1239,0.16133,5-6 hours,"LKR 9,000 - 12,000"
1,0.04,0.12875,0.0907,4-5 hours,"LKR 7,000 - 9,000"
0,0.04348,0.08738,0.06247,4-5 hours,"LKR 7,000 - 9,000"
0,0.08,0.23295,0.18227,6-7 hours,"LKR 12,000 - 15,000"
1,0.04,0.08892,0.07661,4-5 hours,"LKR 7,000 - 9,000"
0,0.08,0.1828,0.19974,5-6 hours,"LKR 9,000 - 12,000"
0,0.08,0.14733,0.17801,5-6 hours,"LKR 9,000 - 12,000"
0,0.08,0.18624,0.18657,5-6 hours,"LKR 9,000 - 12,000"
0,0.08,0.18102,0.17502,5-6 hours,"LKR 9,000 - 12,000"
2,0.1,0.25989,0.14591,5-6 hours,"LKR 9,000 - 12,000"
0,0.08,0.14525,0.17326,5-6 hours,"LKR 9,000 - 12,000"
2,0.1,0.25783,0.18718,5-6 hours,"LKR 9,000 - 12,000"
2,0.1,0.26968,0.22648,6-7 hours,"LKR 12,000 - 15,000"
1,0.04,0.12816,0.06196,5-6 hours,"LKR 9,000 - 12,000"
1,0.04,0.0858,0.06915,4-5 hours,"LKR 7,000 - 9,000"
0,0.08,0.26829,0.15168,5-6 hours,"LKR 9,000 - 12,000"
0,0.08,0.2258,0.10803,5-6 hours,"LKR 9,000 - 12,000"
0,0.08,0.25724,0.15789,5-6 hours,"LKR 9,000 - 12,000"
0,0.08,0.15774,0.1494,5-6 hours,"LKR 9,000 - 12,000"
0,0.08,0.27513,0.08728,5-6 hours,"LKR 9,000 - 12,000"
1,0.0347,0.06279,0.03687,4-5 hours,"LKR 7,000 - 9,000"
2,0.1,0.25088,0.11267,5-6 hours,"LKR 9,000 - 12,000"
0,0.08,0.22705,0.15859,5-6 hours,"LKR 9,000 - 12,000"
1,0.04,0.06401,0.04979,4-5 hours,"LKR 7,000 - 9,000"
0,0.08,0.24871,0.12391,5-6 hours,"LKR 9,000 - 12,000"
0,0.08,0.13953,0.18565,5-6 hours,"LKR 9,000 - 12,000"
1,0.04,0.09327,0.04472,4-5 hours,"LKR 7,000 - 9,000"
0,0.08,0.1928,0.13895,5-6 hours,"LKR 9,000 - 12,000"
0,0.08,0.26443,0.10181,5-6 hours,"LKR 9,000 - 12,000"
1,0.04,0.11875,0.05186,4-5 hours,"LKR 7,000 - 9,000"
0,0.08,0.21097,0.19717,5-6 hours,"LKR 9,000 - 12,000"
1,0.04,0.13466,0.05386,4-5 hours,"LKR 7,000 - 9,000"
0,0.08,0.16306,0.10239,5-6 hours,"LKR 9,000 - 12,000"
1,0.04,0.12823,0.09549,4-5 hours,"LKR 7,000 - 9,000"
1,0.02852,0.06767,0.06584,3-4 hours,"LKR 5,000 - 7,000"
0,0.08,0.23995,0.12167,5-6 hours,"LKR 9,000 - 12,000"
0,0.08,0.17658,0.16473,5-6 hours,"LKR 9,000 - 12,000"
1,0.02372,0.0457,0.03366,3-4 hours,"LKR 5,000 - 7,000"
1,0.04,0.1136,0.09449,4-5 hours,"LKR 7,000 - 9,000"
0,0.05386,0.11112,0.10465,5-6 hours,"LKR 9,000 - 12,000"
0,0.08,0.2028,0.13047,5-6 hours,"LKR 9,000 - 12,000"
1,0.04,0.13087,0.05363,4-5 hours,"LKR 7,000 - 9,000"
1,0.04,0.08151,0.04064,4-5 hours,"LKR 7,000 - 9,000"
2,0.1,0.30569,0.1986,6-7 hours,"LKR 12,000 - 15,000"
1,0.04,0.09734,0.05399,4-5 hours,"LKR 7,000 - 9,000"
2,0.1,0.17896,0.20568,5-6 hours,"LKR 9,000 - 12,000"
1,0.04,0.08909,0.06364,4-5 hours,"LKR 7,000 - 9,000"
1,0.04,0.09866,0.08195,4-5 hours,"LKR 7,000 - 9,000"
0,0.08,0.15734,0.14449,6-7 hours,"LKR 12,000 - 15,000"
0,0.08,0.14503,0.16045,5-6 hours,"LKR 9,000 - 12,000"
1,0.04,0.10562,0.06242,5-6 hours,"LKR 9,000 - 12,000"
1,0.03901,0.11862,0.06764,4-5 hours,"LKR 7,000 - 9,000"
2,0.0879,0.1378,0.17793,5-6 hours,"LKR 9,000 - 12,000"
0,0.08,0.2646,0.17081,5-6 hours,"LKR 9,000 - 12,000"
1,0.04,0.10465,0.08166,4-5 hours,"LKR 7,000 - 9,000"
0,0.05383,0.13896,0.11006,5-6 hours,"LKR 9,000 - 12,000"
0,0.08,0.24516,0.13354,5-6 hours,"LKR 9,000 - 12,000"
0,0.08,0.20561,0.16158,5-6 hours,"LKR 9,000 - 12,000"
1,0.04,0.07709,0.09015,4-5 hours,"LKR 7,000 - 9,000"
2,0.1,0.31753,0.15546,5-6 hours,"LKR 9,000 - 12,000"
1,0.04,0.11701,0.06706,4-5 hours,"LKR 7,000 - 9,000"
2,0.1,0.33403,0.12029,5-6 hours,"LKR 9,000 - 12,000"
0,0.08,0.21106,0.13912,5-6 hours,"LKR 9,000 - 12,000"
1,0.04,0.1283,0.08819,4-5 hours,"LKR 7,000 - 9,000"
1,0.04,0.08436,0.05583,4-5 hours,"LKR 7,000 - 9,000"
0,0.08,0.24784,0.121,5-6 hours,"LKR 9,000 - 12,000"
1,0.04,0.13212,0.09512,4-5 hours,"LKR 7,000 - 9,000"
0,0.08,0.23027,0.0874,6-7 hours,"LKR 12,000 - 15,000"
0,0.08,0.15069,0.09374,5-6 hours,"LKR 9,000 - 12,000"
1,0.04,0.13025,0.09538,4-5 hours,"LKR 7,000 - 9,000"
0,0.08,0.17393,0.19821,5-6 hours,"LKR 9,000 - 12,000"
0,0.08,0.27086,0.17716,5-6 hours,"LKR 9,000 - 12,000"
0,0.08,0.12967,0.18318,5-6 hours,"LKR 9,000 - 12,000"
1,0.04,0.10409,0.05234,4-5 hours,"LKR 7,000 - 9,000"
0,0.08,0.17631,0.08878,5-6 hours,"LKR 9,000 - 12,000"
0,0.08,0.15968,0.15043,5-6 hours,"LKR 9,000 - 12,000"
0,0.0179,0.06222,0.0188,3-4 hours,"LKR 5,000 - 7,000"
1,0.04,0.13239,0.0505,5-6 hours,"LKR 9,000 - 12,000"
0,0.08,0.15129,0.1769,5-6 hours,"LKR 9,000 - 12,000"
1,0.04,0.11834,0.09204,4-5 hours,"LKR 7,000 - 9,000"
0,0.08,0.16416,0.12876,5-6 hours,"LKR 9,000 - 12,000"
0,0.08,0.22826,0.15357,5-6 hours,"LKR 9,000 - 12,000"
1,0.04,0.08639,0.08957,5-6 hours,"LKR 9,000 - 12,000"
1,0.04,0.08558,0.07211,4-5 hours,"LKR 7,000 - 9,000"
0,0.08,0.21473,0.09207,5-6 hours,"LKR 9,000 - 12,000"
0,0.08,0.15507,0.09547,5-6 hours,"LKR 9,000 - 12,000"
0,0.08,0.24863,0.16282,5-6 hours,"LKR 9,000 - 12,000"
0,0.08,0.2774,0.15256,5-6 hours,"LKR 9,000 - 12,000"
1,0.04,0.11256,0.07454,4-5 hours,"LKR 7,000 - 9,000"
0,0.08,0.1531,0.16905,5-6 hours,"LKR 9,000 - 12,000"
0,0.08,0.17066,0.12521,5-6 hours,"LKR 9,000 - 12,000"
0,0.06822,0.23159,0.10593,5-6 hours,"LKR 9,000 - 12,000"
1,0.04,0.10579,0.09573,4-5 hours,"LKR 7,000 - 9,000"
0,0.08,0.22995,0.18766,5-6 hours,"LKR 9,000 - 12,000"
1,0.03546,0.10299,0.0585,4-5 hours,"LKR 7,000 - 9,000"
1,0.04,0.1308,0.04172,4-5 hours,"LKR 7,000 - 9,000"
1,0.02044,0.04128,0.032,3-4 hours,"LKR 5,000 - 7,000"
0,0.04068,0.07462,0.04873,4-5 hours,"LKR 7,000 - 9,000"
1,0.03192,0.05162,0.03361,4-5 hours,"LKR 7,000 - 9,000"
0,0.08,0.21066,0.1115,5-6 hours,"LKR 9,000 - 12,000"
1,0.04,0.11625,0.0881,4-5 hours,"LKR 7,000 - 9,000"
0,0.08,0.23778,0.10321,6-7 hours,"LKR 12,000 - 15,000"
2,0.1,0.3449,0.19451,5-6 hours,"LKR 9,000 - 12,000"
0,0.08,0.19653,0.19844,6-7 hours,"LKR 12,000 - 15,000"
0,0.08,0.16276,0.095,5-6 hours,"LKR 9,000 - 12,000"
0,0.08,0.20898,0.11743,5-6 hours,"LKR 9,000 - 12,000"
1,0.04,0.10835,0.06596,4-5 hours,"LKR 7,000 - 9,000"
0,0.08,0.13873,0.09271,6-7 hours,"LKR 12,000 - 15,000"
0,0.08,0.20636,0.15385,5-6 hours,"LKR 9,000 - 12,000"
1,0.04,0.08793,0.08371,4-5 hours,"LKR 7,000 - 9,000"
0,0.08,0.148,0.18236,6-7 hours,"LKR 12,000 - 15,000"
0,0.08,0.23108,0.10852,5-6 hours,"LKR 9,000 - 12,000"
1,0.04,0.0794,0.09639,4-5 hours,"LKR 7,000 - 9,000"
0,0.08,0.1471,0.19118,5-6 hours,"LKR 9,000 - 12,000"
1,0.04,0.08981,0.04575,4-5 hours,"LKR 7,000 - 9,000"
1,0.01374,0.02206,0.03023,2-3 hours,"LKR 3,000 - 5,000"
0,0.08,0.14846,0.08337,6-7 hours,"LKR 12,000 - 15,000"
2,0.1,0.27594,0.13375,5-6 hours,"LKR 9,000 - 12,000"
2,0.1,0.18253,0.12952,5-6 hours,"LKR 9,000 - 12,000"
2,0.02013,0.03159,0.03697,4-5 hours,"LKR 7,000 - 9,000"
0,0.08,0.12011,0.09907,5-6 hours,"LKR 9,000 - 12,000"
1,0.04,0.12395,0.06914,4-5 hours,"LKR 7,000 - 9,000"
0,0.08,0.18755,0.10288,5-6 hours,"LKR 9,000 - 12,000"
0,0.08,0.22141,0.18619,5-6 hours,"LKR 9,000 - 12,000"
0,0.08,0.15085,0.19316,5-6 hours,"LKR 9,000 - 12,000"
0,0.08,0.1789,0.10426,5-6 hours,"LKR 9,000 - 12,000"
1,0.04,0.09809,0.08111,4-5 hours,"LKR 7,000 - 9,000"
2,0.1,0.33008,0.13706,5-6 hours,"LKR 9,000 - 12,000"
1,0.04,0.09635,0.06804,4-5 hours,"LKR 7,000 - 9,000"
0,0.08,0.12432,0.08164,5-6 hours,"LKR 9,000 - 12,000"
0,0.08,0.12399,0.17762,5-6 hours,"LKR 9,000 - 12,000"
1,0.04,0.13648,0.06975,4-5 hours,"LKR 7,000 - 9,000"
1,0.04,0.07059,0.07364,4-5 hours,"LKR 7,000 - 9,000"
0,0.08,0.23264,0.08365,5-6 hours,"LKR 9,000 - 12,000"
2,0.1,0.20337,0.15323,5-6 hours,"LKR 9,000 - 12,000"
2,0.1,0.23433,0.16189,5-6 hours,"LKR 9,000 - 12,000"
1,0.04,0.08565,0.05488,4-5 hours,"LKR 7,000 - 9,000"
0,0.08,0.25348,0.12799,5-6 hours,"LKR 9,000 - 12,000"
1,0.04,0.11465,0.04982,4-5 hours,"LKR 7,000 - 9,000"
0,0.0669,0.22211,0.09701,6-7 hours,"LKR 12,000 - 15,000"
0,0.06192,0.18204,0.07061,5-6 hours,"LKR 9,000 - 12,000"
0,0.08,0.1431,0.11992,5-6 hours,"LKR 9,000 - 12,000"
0,0.08,0.22003,0.11016,5-6 hours,"LKR 9,000 - 12,000"
0,0.08,0.23273,0.09668,5-6 hours,"LKR 9,000 - 12,000"
0,0.07393,0.24555,0.16496,6-7 hours,"LKR 12,000 - 15,000"
1,0.04,0.11968,0.08605,4-5 hours,"LKR 7,000 - 9,000"
1,0.04,0.09124,0.06002,4-5 hours,"LKR 7,000 - 9,000"
0,0.08,0.26354,0.10093,5-6 hours,"LKR 9,000 - 12,000"
0,0.08,0.13974,0.10309,6-7 hours,"LKR 12,000 - 15,000"
0,0.06084,0.14975,0.08709,5-6 hours,"LKR 9,000 - 12,000"
0,0.08,0.14829,0.16574,5-6 hours,"LKR 9,000 - 12,000"
0,0.08,0.17343,0.10813,5-6 hours,"LKR 9,000 - 12,000"
1,0.04,0.0809,0.09258,4-5 hours,"LKR 7,000 - 9,000"
0,0.08,0.15256,0.09728,5-6 hours,"LKR 9,000 - 12,000"
2,0.1,0.27389,0.23015,5-6 hours,"LKR 9,000 - 12,000"
0,0.02019,0.04114,0.04192,4-5 hours,"LKR 7,000 - 9,000"
0,0.08,0.18813,0.16692,5-6 hours,"LKR 9,000 - 12,000"
1,0.04,0.08574,0.07291,4-5 hours,"LKR 7,000 - 9,000"
0,0.08,0.14472,0.17177,5-6 hours,"LKR 9,000 - 12,000"
0,0.08,0.18997,0.16664,5-6 hours,"LKR 9,000 - 12,000"
1,0.04,0.08788,0.08439,4-5 hours,"LKR 7,000 - 9,000"
0,0.08,0.12887,0.15911,5-6 hours,"LKR 9,000 - 12,000"
0,0.08,0.25529,0.13253,5-6 hours,"LKR 9,000 - 12,000"
0,0.08,0.18827,0.13153,5-6 hours,"LKR 9,000 - 12,000"
0,0.08,0.22195,0.18085,5-6 hours,"LKR 9,000 - 12,000"
1,0.04,0.0702,0.06523,5-6 hours,"LKR 9,000 - 12,000"
0,0.06828,0.1857,0.09686,5-6 hours,"LKR 9,000 - 12,000"
1,0.04,0.11641,0.08074,4-5 hours,"LKR 7,000 - 9,000"
2,0.1,0.32464,0.16206,5-6 hours,"LKR 9,000 - 12,000"
0,0.08,0.16536,0.17293,5-6 hours,"LKR 9,000 - 12,000"
1,0.04,0.13775,0.08282,4-5 hours,"LKR 7,000 - 9,000"
0,0.08,0.26465,0.08624,5-6 hours,"LKR 9,000 - 12,000"
1,0.04,0.07458,0.0666,4-5 hours,"LKR 7,000 - 9,000"
1,0.04,0.06547,0.05653,4-5 hours,"LKR 7,000 - 9,000"
1,0.04,0.08165,0.05967,5-6 hours,"LKR 9,000 - 12,000"
0,0.08,0.22149,0.18301,6-7 hours,"LKR 12,000 - 15,000"
0,0.08,0.16391,0.11208,5-6 hours,"LKR 9,000 - 12,000"
0,0.08,0.18645,0.0942,5-6 hours,"LKR 9,000 - 12,000"
1,0.04,0.07719,0.05527,4-5 hours,"LKR 7,000 - 9,000"
0,0.08,0.18423,0.08539,5-6 hours,"LKR 9,000 - 12,000"
0,0.08,0.23442,0.19473,5-6 hours,"LKR 9,000 - 12,000"
0,0.08,0.14516,0.10686,5-6 hours,"LKR 9,000 - 12,000"
1,0.04,0.10146,0.09458,4-5 hours,"LKR 7,000 - 9,000"
0,0.08,0.16159,0.08618,5-6 hours,"LKR 9,000 - 12,000"
1,0.04,0.12763,0.07857,4-5 hours,"LKR 7,000 - 9,000"
0,0.02132,0.07252,0.05227,4-5 hours,"LKR 7,000 - 9,000"
1,0.04,0.13347,0.05781,4-5 hours,"LKR 7,000 - 9,000"
0,0.08,0.24905,0.15056,5-6 hours,"LKR 9,000 - 12,000"
0,0.08,0.20529,0.08979,5-6 hours,"LKR 9,000 - 12,000"
2,0.1,0.29671,0.21166,5-6 hours,"LKR 9,000 - 12,000"
2,0.1,0.3047,0.20464,5-6 hours,"LKR 9,000 - 12,000"
0,0.08,0.15332,0.12463,5-6 hours,"LKR 9,000 - 12,000"
0,0.08,0.1668,0.19314,6-7 hours,"LKR 12,000 - 15,000"
2,0.1,0.31988,0.16729,5-6 hours,"LKR 9,000 - 12,000"
0,0.08,0.25065,0.12532,5-6 hours,"LKR 9,000 - 12,000"
0,0.08,0.27287,0.12068,5-6 hours,"LKR 9,000 - 12,000"
2,0.1,0.291,0.12587,6-7 hours,"LKR 12,000 - 15,000"
1,0.04,0.10565,0.05967,4-5 hours,"LKR 7,000 - 9,000"
2,0.1,0.17461,0.10066,5-6 hours,"LKR 9,000 - 12,000"
1,0.04,0.13406,0.09153,4-5 hours,"LKR 7,000 - 9,000"
0,0.08,0.21904,0.19785,5-6 hours,"LKR 9,000 - 12,000"
1,0.04,0.12013,0.08568,4-5 hours,"LKR 7,000 - 9,000"
2,0.09172,0.25316,0.2126,5-6 hours,"LKR 9,000 - 12,000"
0,0.08,0.26222,0.12226,5-6 hours,"LKR 9,000 - 12,000"
0,0.08,0.18162,0.1525,6-7 hours,"LKR 12,000 - 15,000"
1,0.04,0.12483,0.08033,4-5 hours,"LKR 7,000 - 9,000"
0,0.06695,0.18843,0.11635,5-6 hours,"LKR 9,000 - 12,000"
1,0.04,0.09287,0.05892,4-5 hours,"LKR 7,000 - 9,000"
1,0.02732,0.0634,0.05347,3-4 hours,"LKR 5,000 - 7,000"
1,0.04,0.12641,0.04842,4-5 hours,"LKR 7,000 - 9,000"
0,0.05711,0.11972,0.09159,6-7 hours,"LKR 12,000 - 15,000"
1,0.04,0.09769,0.05779,4-5 hours,"LKR 7,000 - 9,000"
0,0.08,0.19246,0.17784,5-6 hours,"LKR 9,000 - 12,000"
0,0.08,0.26738,0.1708,5-6 hours,"LKR 9,000 - 12,000"
1,0.04,0.06524,0.08966,4-5 hours,"LKR 7,000 - 9,000"
0,0.08,0.24105,0.1432,5-6 hours,"LKR 9,000 - 12,000"
0,0.08,0.18914,0.18285,5-6 hours,"LKR 9,000 - 12,000"
0,0.08,0.22913,0.13722,5-6 hours,"LKR 9,000 - 12,000"
0,0.08,0.18271,0.18489,5-6 hours,"LKR 9,000 - 12,000"
0,0.08,0.1346,0.17687,5-6 hours,"LKR 9,000 - 12,000"
2,0.1,0.19837,0.18657,5-6 hours,"LKR 9,000 - 12,000"
1,0.04,0.1399,0.0769,4-5 hours,"LKR 7,000 - 9,000"
1,0.04,0.12541,0.09856,4-5 hours,"LKR 7,000 - 9,000"
1,0.04,0.07341,0.09301,4-5 hours,"LKR 7,000 - 9,000"
1,0.04,0.13248,0.06995,4-5 hours,"LKR 7,000 - 9,000"
1,0.04,0.06893,0.07601,4-5 hours,"LKR 7,000 - 9,000"
0,0.01851,0.04293,0.04166,3-4 hours,"LKR 5,000 - 7,000"
1,0.02423,0.05856,0.05471,3-4 hours,"LKR 5,000 - 7,000"
1,0.04,0.06414,0.07081,4-5 hours,"LKR 7,000 - 9,000"
1,0.04,0.08716,0.09784,4-5 hours,"LKR 7,000 - 9,000"
0,0.08,0.20093,0.19975,5-6 hours,"LKR 9,000 - 12,000"
0,0.08,0.18638,0.0972,5-6 hours,"LKR 9,000 - 12,000"
1,0.04,0.07088,0.08313,4-5 hours,"LKR 7,000 - 9,000"
2,0.1,0.26934,0.1305,5-6 hours,"LKR 9,000 - 12,000"
0,0.08,0.27455,0.09732,5-6 hours,"LKR 9,000 - 12,000"
1,0.04,0.06843,0.05841,4-5 hours,"LKR 7,000 - 9,000"
0,0.0276,0.05404,0.04222,4-5 hours,"LKR 7,000 - 9,000"
0,0.08,0.23672,0.18362,5-6 hours,"LKR 9,000 - 12,000"
0,0.08,0.23966,0.17416,5-6 hours,"LKR 9,000 - 12,000"
0,0.08,0.12619,0.16966,5-6 hours,"LKR 9,000 - 12,000"
0,0.08,0.27563,0.16704,5-6 hours,"LKR 9,000 - 12,000"
2,0.1,0.34466,0.16497,5-6 hours,"LKR 9,000 - 12,000"
2,0.05709,0.19376,0.13358,5-6 hours,"LKR 9,000 - 12,000"
0,0.08,0.16517,0.1775,5-6 hours,"LKR 9,000 - 12,000"
0,0.08,0.24395,0.14829,5-6 hours,"LKR 9,000 - 12,000"
1,0.04,0.11414,0.05971,4-5 hours,"LKR 7,000 - 9,000"
1,0.04,0.06698,0.06631,4-5 hours,"LKR 7,000 - 9,000"
1,0.03533,0.09253,0.07537,4-5 hours,"LKR 7,000 - 9,000"
0,0.08,0.13257,0.18968,5-6 hours,"LKR 9,000 - 12,000"
1,0.04,0.13907,0.04679,4-5 hours,"LKR 7,000 - 9,000"
1,0.04,0.11563,0.08344,4-5 hours,"LKR 7,000 - 9,000"
2,0.1,0.31569,0.17885,5-6 hours,"LKR 9,000 - 12,000"
0,0.08,0.15042,0.13773,5-6 hours,"LKR 9,000 - 12,000"
0,0.08,0.16967,0.13443,5-6 hours,"LKR 9,000 - 12,000"
0,0.08,0.12518,0.14249,5-6 hours,"LKR 9,000 - 12,000"
1,0.04,0.10734,0.07279,4-5 hours,"LKR 7,000 - 9,000"
1,0.04,0.12669,0.07163,5-6 hours,"LKR 9,000 - 12,000"
0,0.03377,0.09864,0.03647,4-5 hours,"LKR 7,000 - 9,000"
0,0.08,0.25874,0.12892,5-6 hours,"LKR 9,000 - 12,000"
0,0.08,0.12411,0.16995,5-6 hours,"LKR 9,000 - 12,000"
0,0.08,0.17334,0.14018,5-6 hours,"LKR 9,000 - 12,000"
1,0.04,0.09881,0.07013,4-5 hours,"LKR 7,000 - 9,000"
0,0.08,0.16597,0.0892,5-6 hours,"LKR 9,000 - 12,000"
1,0.04,0.13712,0.05768,4-5 hours,"LKR 7,000 - 9,000"
0,0.08,0.25786,0.15863,5-6 hours,"LKR 9,000 - 12,000"
1,0.01192,0.03709,0.01274,2-3 hours,"LKR 3,000 - 5,000"
0,0.08,0.26993,0.12068,6-7 hours,"LKR 12,000 - 15,000"
0,0.04287,0.10492,0.06615,4-5 hours,"LKR 7,000 - 9,000"
0,0.08,0.16291,0.13012,5-6 hours,"LKR 9,000 - 12,000"
1,0.04,0.12711,0.07085,4-5 hours,"LKR 7,000 - 9,000"
0,0.08,0.26385,0.18175,5-6 hours,"LKR 9,000 - 12,000"
1,0.04,0.11093,0.06525,4-5 hours,"LKR 7,000 - 9,000"
2,0.1,0.34819,0.18487,5-6 hours,"LKR 9,000 - 12,000"
1,0.04,0.12752,0.05215,4-5 hours,"LKR 7,000 - 9,000"
0,0.08,0.135,0.1834,5-6 hours,"LKR 9,000 - 12,000"
1,0.04,0.08636,0.07962,4-5 hours,"LKR 7,000 - 9,000"
0,0.08,0.18223,0.11022,5-6 hours,"LKR 9,000 - 12,000"
0,0.04155,0.13304,0.1024,4-5 hours,"LKR 7,000 - 9,000"
0,0.08,0.26898,0.11053,5-6 hours,"LKR 9,000 - 12,000"
1,0.04,0.11093,0.07379,4-5 hours,"LKR 7,000 - 9,000"
1,0.04,0.12175,0.04542,4-5 hours,"LKR 7,000 - 9,000"
1,0.04,0.13232,0.05138,4-5 hours,"LKR 7,000 - 9,000"
0,0.08,0.15042,0.14513,5-6 hours,"LKR 9,000 - 12,000"
0,0.08,0.1243,0.19162,5-6 hours,"LKR 9,000 - 12,000"
1,0.04,0.08698,0.07804,4-5 hours,"LKR 7,000 - 9,000"
2,0.09593,0.28366,0.1161,5-6 hours,"LKR 9,000 - 12,000"
0,0.08,0.20547,0.12546,5-6 hours,"LKR 9,000 - 12,000"
1,0.04,0.06076,0.05701,5-6 hours,"LKR 9,000 - 12,000"
0,0.08,0.26038,0.18373,5-6 hours,"LKR 9,000 - 12,000"
0,0.08,0.175,0.13394,5-6 hours,"LKR 9,000 - 12,000"
0,0.08,0.26648,0.14725,5-6 hours,"LKR 9,000 - 12,000"
1,0.04,0.08246,0.05098,4-5 hours,"LKR 7,000 - 9,000"
1,0.04,0.12414,0.05943,4-5 hours,"LKR 7,000 - 9,000"
0,0.08,0.26676,0.15559,5-6 hours,"LKR 9,000 - 12,000"
2,0.1,0.29364,0.24903,5-6 hours,"LKR 9,000 - 12,000"
0,0.08,0.14856,0.09038,5-6 hours,"LKR 9,000 - 12,000"
0,0.08,0.17582,0.09987,5-6 hours,"LKR 9,000 - 12,000"
1,0.00903,0.0201,0.01788,2-3 hours,"LKR 3,000 - 5,000"
0,0.08,0.20087,0.1002,6-7 hours,"LKR 12,000 - 15,000"
1,0.04,0.12927,0.04733,5-6 hours,"LKR 9,000 - 12,000"
2,0.1,0.209,0.16179,5-6 hours,"LKR 9,000 - 12,000"
1,0.04,0.06675,0.08533,5-6 hours,"LKR 9,000 - 12,000"
0,0.08,0.15522,0.1876,5-6 hours,"LKR 9,000 - 12,000"
2,0.1,0.33912,0.23474,5-6 hours,"LKR 9,000 - 12,000"
0,0.08,0.21162,0.10857,5-6 hours,"LKR 9,000 - 12,000"
0,0.08,0.2679,0.0938,5-6 hours,"LKR 9,000 - 12,000"
1,0.03712,0.0674,0.05882,5-6 hours,"LKR 9,000 - 12,000"
1,0.04,0.13369,0.06481,4-5 hours,"LKR 7,000 - 9,000"
2,0.09351,0.25211,0.21094,5-6 hours,"LKR 9,000 - 12,000"
1,0.02645,0.05439,0.03338,3-4 hours,"LKR 5,000 - 7,000"
1,0.04,0.06611,0.06333,5-6 hours,"LKR 9,000 - 12,000"
1,0.04,0.0621,0.0793,4-5 hours,"LKR 7,000 - 9,000"
1,0.04,0.09616,0.07711,5-6 hours,"LKR 9,000 - 12,000"
0,0.08,0.23258,0.12281,5-6 hours,"LKR 9,000 - 12,000"
0,0.08,0.23704,0.1308,5-6 hours,"LKR 9,000 - 12,000"
0,0.08,0.26112,0.17999,5-6 hours,"LKR 9,000 - 12,000"
0,0.03219,0.09568,0.051,4-5 hours,"LKR 7,000 - 9,000"
0,0.08,0.21288,0.12085,5-6 hours,"LKR 9,000 - 12,000"
0,0.08,0.21818,0.10708,5-6 hours,"LKR 9,000 - 12,000"
0,0.08,0.2462,0.18836,5-6 hours,"LKR 9,000 - 12,000"
2,0.1,0.20908,0.12544,6-7 hours,"LKR 12,000 - 15,000"
0,0.05327,0.1533,0.08449,5-6 hours,"LKR 9,000 - 12,000"
1,0.04,0.09048,0.09692,5-6 hours,"LKR 9,000 - 12,000"
0,0.06684,0.23269,0.15225,5-6 hours,"LKR 9,000 - 12,000"
0,0.08,0.1815,0.13634,6-7 hours,"LKR 12,000 - 15,000"
0,0.08,0.23879,0.09435,5-6 hours,"LKR 9,000 - 12,000"
0,0.05882,0.20382,0.13843,5-6 hours,"LKR 9,000 - 12,000"
0,0.08,0.18903,0.16581,5-6 hours,"LKR 9,000 - 12,000"
1,0.04,0.07687,0.0647,4-5 hours,"LKR 7,000 - 9,000"
1,0.04,0.08603,0.07993,5-6 hours,"LKR 9,000 - 12,000"
0,0.08,0.18053,0.15048,5-6 hours,"LKR 9,000 - 12,000"
2,0.1,0.34996,0.21078,6-7 hours,"LKR 12,000 - 15,000"
2,0.03444,0.11355,0.06987,6-7 hours,"LKR 12,000 - 15,000"
2,0.1,0.33357,0.14572,5-6 hours,"LKR 9,000 - 12,000"
2,0.1,0.33746,0.17142,5-6 hours,"LKR 9,000 - 12,000"
1,0.04,0.08642,0.05212,5-6 hours,"LKR 9,000 - 12,000"
1,0.04,0.1146,0.0889,4-5 hours,"LKR 7,000 - 9,000"
1,0.04,0.1183,0.08523,4-5 hours,"LKR 7,000 - 9,000"
1,0.04,0.13943,0.08465,4-5 hours,"LKR 7,000 - 9,000"
0,0.08,0.15431,0.18601,5-6 hours,"LKR 9,000 - 12,000"
0,0.08,0.13902,0.08588,5-6 hours,"LKR 9,000 - 12,000"
0,0.08,0.18276,0.1762,5-6 hours,"LKR 9,000 - 12,000"
2,0.1,0.177,0.23749,5-6 hours,"LKR 9,000 - 12,000"
2,0.1,0.17177,0.16963,5-6 hours,"LKR 9,000 - 12,000"
0,0.08,0.25357,0.15994,6-7 hours,"LKR 12,000 - 15,000"
1,0.04,0.11074,0.07314,4-5 hours,"LKR 7,000 - 9,000"
0,0.08,0.15138,0.16656,5-6 hours,"LKR 9,000 - 12,000"
0,0.08,0.19317,0.16101,5-6 hours,"LKR 9,000 - 12,000"
1,0.04,0.06929,0.09374,4-5 hours,"LKR 7,000 - 9,000"
0,0.08,0.21915,0.08084,5-6 hours,"LKR 9,000 - 12,000"
1,0.01672,0.04242,0.02496,4-5 hours,"LKR 7,000 - 9,000"
0,0.08,0.16594,0.14521,5-6 hours,"LKR 9,000 - 12,000"
0,0.08,0.16885,0.14896,5-6 hours,"LKR 9,000 - 12,000"
1,0.04,0.12486,0.08115,4-5 hours,"LKR 7,000 - 9,000"
2,0.1,0.24545,0.21662,5-6 hours,"LKR 9,000 - 12,000"
0,0.08,0.22413,0.1599,5-6 hours,"LKR 9,000 - 12,000"
1,0.04,0.10182,0.09541,4-5 hours,"LKR 7,000 - 9,000"
0,0.06204,0.19758,0.08149,5-6 hours,"LKR 9,000 - 12,000"
0,0.08,0.25032,0.10691,5-6 hours,"LKR 9,000 - 12,000"
0,0.08,0.17713,0.14496,5-6 hours,"LKR 9,000 - 12,000"
2,0.05812,0.15291,0.13155,5-6 hours,"LKR 9,000 - 12,000"
0,0.08,0.16548,0.17633,5-6 hours,"LKR 9,000 - 12,000"
0,0.08,0.13306,0.10316,5-6 hours,"LKR 9,000 - 12,000"
0,0.08,0.2461,0.14449,6-7 hours,"LKR 12,000 - 15,000"
0,0.08,0.16703,0.0841,5-6 hours,"LKR 9,000 - 12,000"
0,0.06331,0.11571,0.15537,6-7 hours,"LKR 12,000 - 15,000"
2,0.1,0.17773,0.21313,5-6 hours,"LKR 9,000 - 12,000"
0,0.08,0.21323,0.09931,5-6 hours,"LKR 9,000 - 12,000"
1,0.03145,0.08114,0.04967,4-5 hours,"LKR 7,000 - 9,000"
0,0.08,0.18933,0.12893,5-6 hours,"LKR 9,000 - 12,000"
1,0.04,0.1166,0.06624,4-5 hours,"LKR 7,000 - 9,000"
0,0.06914,0.1169,0.16312,5-6 hours,"LKR 9,000 - 12,000"
2,0.1,0.16738,0.12184,5-6 hours,"LKR 9,000 - 12,000"
1,0.04,0.09206,0.04232,4-5 hours,"LKR 7,000 - 9,000"
1,0.03339,0.09666,0.06289,4-5 hours,"LKR 7,000 - 9,000"
0,0.08,0.12163,0.19411,6-7 hours,"LKR 12,000 - 15,000"
1,0.04,0.06779,0.09589,4-5 hours,"LKR 7,000 - 9,000"
0,0.03897,0.13606,0.06193,4-5 hours,"LKR 7,000 - 9,000"
2,0.1,0.2279,0.18022,5-6 hours,"LKR 9,000 - 12,000"
0,0.03306,0.10589,0.05744,4-5 hours,"LKR 7,000 - 9,000"
1,0.04,0.08774,0.04101,4-5 hours,"LKR 7,000 - 9,000"
1,0.04,0.06286,0.07797,5-6 hours,"LKR 9,000 - 12,000"
0,0.01823,0.05553,0.02931,3-4 hours,"LKR 5,000 - 7,000"
2,0.1,0.28356,0.21859,5-6 hours,"LKR 9,000 - 12,000"
2,0.1,0.32673,0.22656,5-6 hours,"LKR 9,000 - 12,000"
0,0.08,0.2519,0.08437,5-6 hours,"LKR 9,000 - 12,000"
2,0.1,0.30096,0.17374,5-6 hours,"LKR 9,000 - 12,000"
2,0.1,0.29552,0.1249,5-6 hours,"LKR 9,000 - 12,000"
1,0.04,0.10359,0.04304,4-5 hours,"LKR 7,000 - 9,000"
2,0.1,0.20711,0.24945,5-6 hours,"LKR 9,000 - 12,000"
1,0.04,0.06293,0.05804,4-5 hours,"LKR 7,000 - 9,000"
0,0.05308,0.14067,0.10094,5-6 hours,"LKR 9,000 - 12,000"
0,0.08,0.25057,0.09612,5-6 hours,"LKR 9,000 - 12,000"
0,0.08,0.16636,0.13166,5-6 hours,"LKR 9,000 - 12,000"
1,0.04,0.1018,0.09758,4-5 hours,"LKR 7,000 - 9,000"
2,0.1,0.25464,0.24908,5-6 hours,"LKR 9,000 - 12,000"
0,0.08,0.23311,0.09661,5-6 hours,"LKR 9,000 - 12,000"
2,0.1,0.33992,0.21828,5-6 hours,"LKR 9,000 - 12,000"
2,0.1,0.16252,0.24378,5-6 hours,"LKR 9,000 - 12,000"
1,0.04,0.11711,0.06659,4-5 hours,"LKR 7,000 - 9,000"
0,0.08,0.18732,0.13593,5-6 hours,"LKR 9,000 - 12,000"
0,0.08,0.23434,0.19322,6-7 hours,"LKR 12,000 - 15,000"
1,0.04,0.12545,0.04418,4-5 hours,"LKR 7,000 - 9,000"
2,0.1,0.17544,0.17909,5-6 hours,"LKR 9,000 - 12,000"
1,0.04,0.06248,0.06193,4-5 hours,"LKR 7,000 - 9,000"
1,0.04,0.07977,0.05039,4-5 hours,"LKR 7,000 - 9,000"
0,0.00966,0.02854,0.0149,3-4 hours,"LKR 5,000 - 7,000"
2,0.03133,0.08983,0.05644,5-6 hours,"LKR 9,000 - 12,000"
1,0.04,0.08221,0.08458,4-5 hours,"LKR 7,000 - 9,000"
0,0.08,0.1954,0.08304,5-6 hours,"LKR 9,000 - 12,000"
2,0.1,0.17171,0.16653,5-6 hours,"LKR 9,000 - 12,000"
0,0.08,0.17001,0.1837,5-6 hours,"LKR 9,000 - 12,000"
1,0.04,0.09487,0.04043,4-5 hours,"LKR 7,000 - 9,000"
2,0.1,0.30934,0.12494,5-6 hours,"LKR 9,000 - 12,000"
1,0.04,0.07384,0.08572,4-5 hours,"LKR 7,000 - 9,000"
0,0.08,0.14501,0.10219,5-6 hours,"LKR 9,000 - 12,000"
0,0.03365,0.06127,0.04796,4-5 hours,"LKR 7,000 - 9,000"
1,0.04,0.06643,0.06521,4-5 hours,"LKR 7,000 - 9,000"
0,0.08,0.12132,0.19085,5-6 hours,"LKR 9,000 - 12,000"
1,0.04,0.10023,0.09096,4-5 hours,"LKR 7,000 - 9,000"
0,0.08,0.23055,0.15969,5-6 hours,"LKR 9,000 - 12,000"
1,0.04,0.07423,0.04553,4-5 hours,"LKR 7,000 - 9,000"
0,0.04456,0.12194,0.0978,4-5 hours,"LKR 7,000 - 9,000"
0,0.08,0.23635,0.08517,5-6 hours,"LKR 9,000 - 12,000"
1,0.04,0.07924,0.04997,4-5 hours,"LKR 7,000 - 9,000"
0,0.08,0.24599,0.18851,5-6 hours,"LKR 9,000 - 12,000"
1,0.04,0.12753,0.0687,4-5 hours,"LKR 7,000 - 9,000"
0,0.08,0.13696,0.12543,5-6 hours,"LKR 9,000 - 12,000"
2,0.1,0.20562,0.11189,5-6 hours,"LKR 9,000 - 12,000"
0,0.08,0.20431,0.11772,6-7 hours,"LKR 12,000 - 15,000"
1,0.04,0.06137,0.07561,4-5 hours,"LKR 7,000 - 9,000"
1,0.04,0.09116,0.09707,4-5 hours,"LKR 7,000 - 9,000"
2,0.1,0.33088,0.11323,5-6 hours,"LKR 9,000 - 12,000"
0,0.08,0.15759,0.12545,5-6 hours,"LKR 9,000 - 12,000"
0,0.08,0.22908,0.19466,5-6 hours,"LKR 9,000 - 12,000"
0,0.08,0.13795,0.14549,5-6 hours,"LKR 9,000 - 12,000"
0,0.08,0.16956,0.11369,5-6 hours,"LKR 9,000 - 12,000"
2,0.1,0.33737,0.14846,5-6 hours,"LKR 9,000 - 12,000"
0,0.06448,0.10032,0.1169,5-6 hours,"LKR 9,000 - 12,000"
0,0.08,0.20542,0.11332,5-6 hours,"LKR 9,000 - 12,000"
0,0.08,0.20111,0.12186,5-6 hours,"LKR 9,000 - 12,000"
2,0.1,0.25393,0.10922,5-6 hours,"LKR 9,000 - 12,000"
1,0.00218,0.01,0.01,1-2 hours,"LKR 1,000 - 3,000"
1,0.04,0.07721,0.04248,5-6 hours,"LKR 9,000 - 12,000"
0,0.08,0.19003,0.18231,5-6 hours,"LKR 9,000 - 12,000"
0,0.08,0.23797,0.13333,6-7 hours,"LKR 12,000 - 15,000"
0,0.08,0.21856,0.09259,5-6 hours,"LKR 9,000 - 12,000"
0,0.08,0.20813,0.1513,5-6 hours,"LKR 9,000 - 12,000"
0,0.08,0.25287,0.08097,5-6 hours,"LKR 9,000 - 12,000"
1,0.04,0.06151,0.08056,4-5 hours,"LKR 7,000 - 9,000"
0,0.08,0.19598,0.1154,5-6 hours,"LKR 9,000 - 12,000"
1,0.04,0.1092,0.05814,4-5 hours,"LKR 7,000 - 9,000"
0,0.08,0.23955,0.18358,6-7 hours,"LKR 12,000 - 15,000"
1,0.04,0.12984,0.04968,4-5 hours,"LKR 7,000 - 9,000"
1,0.04,0.06066,0.06102,4-5 hours,"LKR 7,000 - 9,000"
1,0.04,0.13925,0.06457,4-5 hours,"LKR 7,000 - 9,000"
0,0.08,0.16762,0.0857,5-6 hours,"LKR 9,000 - 12,000"
2,0.1,0.29068,0.17912,5-6 hours,"LKR 9,000 - 12,000"
0,0.08,0.14813,0.10573,5-6 hours,"LKR 9,000 - 12,000"
0,0.08,0.17828,0.11982,5-6 hours,"LKR 9,000 - 12,000"
1,0.0161,0.029,0.02898,3-4 hours,"LKR 5,000 - 7,000"
1,0.04,0.10068,0.09211,4-5 hours,"LKR 7,000 - 9,000"
0,0.08,0.14798,0.16914,5-6 hours,"LKR 9,000 - 12,000"
2,0.1,0.24397,0.15835,5-6 hours,"LKR 9,000 - 12,000"
0,0.05792,0.09107,0.08267,5-6 hours,"LKR 9,000 - 12,000"
1,0.04,0.13274,0.07714,4-5 hours,"LKR 7,000 - 9,000"
1,0.04,0.06073,0.08158,4-5 hours,"LKR 7,000 - 9,000"
0,0.08,0.21515,0.11644,5-6 hours,"LKR 9,000 - 12,000"
2,0.1,0.19514,0.17294,5-6 hours,"LKR 9,000 - 12,000"
2,0.04562,0.15147,0.07896,5-6 hours,"LKR 9,000 - 12,000"
0,0.08,0.18151,0.08184,5-6 hours,"LKR 9,000 - 12,000"
0,0.08,0.22066,0.16485,6-7 hours,"LKR 12,000 - 15,000"
0,0.08,0.19022,0.0838,5-6 hours,"LKR 9,000 - 12,000"
0,0.03588,0.06465,0.0745,4-5 hours,"LKR 7,000 - 9,000"
0,0.08,0.14067,0.19346,6-7 hours,"LKR 12,000 - 15,000"
2,0.1,0.25861,0.24644,5-6 hours,"LKR 9,000 - 12,000"
1,0.03983,0.10796,0.06108,4-5 hours,"LKR 7,000 - 9,000"
1,0.04,0.10437,0.09978,4-5 hours,"LKR 7,000 - 9,000"
1,0.04,0.12129,0.08909,4-5 hours,"LKR 7,000 - 9,000"
0,0.08,0.21805,0.09875,5-6 hours,"LKR 9,000 - 12,000"
0,0.08,0.27545,0.15123,5-6 hours,"LKR 9,000 - 12,000"
2,0.1,0.18707,0.12552,5-6 hours,"LKR 9,000 - 12,000"
0,0.08,0.18338,0.14021,6-7 hours,"LKR 12,000 - 15,000"
0,0.02534,0.06292,0.05994,4-5 hours,"LKR 7,000 - 9,000"
1,0.04,0.11543,0.07613,4-5 hours,"LKR 7,000 - 9,000"
0,0.08,0.19049,0.15257,5-6 hours,"LKR 9,000 - 12,000"
0,0.08,0.19333,0.08498,5-6 hours,"LKR 9,000 - 12,000"
0,0.08,0.27545,0.09777,5-6 hours,"LKR 9,000 - 12,000"
1,0.04,0.10868,0.09831,4-5 hours,"LKR 7,000 - 9,000"
0,0.04226,0.09047,0.04284,5-6 hours,"LKR 9,000 - 12,000"
1,0.04,0.10109,0.07179,4-5 hours,"LKR 7,000 - 9,000"
0,0.08,0.25533,0.18274,5-6 hours,"LKR 9,000 - 12,000"
0,0.08,0.17607,0.16126,5-6 hours,"LKR 9,000 - 12,000"
0,0.06458,0.17249,0.07258,6-7 hours,"LKR 12,000 - 15,000"
0,0.07913,0.25421,0.19684,5-6 hours,"LKR 9,000 - 12,000"
0,0.08,0.2336,0.14166,5-6 hours,"LKR 9,000 - 12,000"
1,0.04,0.07683,0.06888,4-5 hours,"LKR 7,000 - 9,000"
1,0.03469,0.07377,0.07551,4-5 hours,"LKR 7,000 - 9,000"
2,0.0732,0.19759,0.1549,5-6 hours,"LKR 9,000 - 12,000"
0,0.08,0.20761,0.16635,5-6 hours,"LKR 9,000 - 12,000"
1,0.04,0.09253,0.07595,4-5 hours,"LKR 7,000 - 9,000"
0,0.08,0.26056,0.1858,5-6 hours,"LKR 9,000 - 12,000"
1,0.04,0.08565,0.07533,4-5 hours,"LKR 7,000 - 9,000"
0,0.08,0.19774,0.16796,5-6 hours,"LKR 9,000 - 12,000"
0,0.08,0.20213,0.13418,5-6 hours,"LKR 9,000 - 12,000"
0,0.08,0.15897,0.09164,5-6 hours,"LKR 9,000 - 12,000"
0,0.08,0.20218,0.13104,6-7 hours,"LKR 12,000 - 15,000"
1,0.02661,0.05685,0.05666,3-4 hours,"LKR 5,000 - 7,000"
2,0.1,0.25939,0.22426,5-6 hours,"LKR 9,000 - 12,000"
1,0.04,0.07833,0.08226,4-5 hours,"LKR 7,000 - 9,000"
0,0.08,0.19938,0.19825,5-6 hours,"LKR 9,000 - 12,000"
0,0.08,0.19209,0.09832,5-6 hours,"LKR 9,000 - 12,000"
1,0.04,0.09368,0.06714,4-5 hours,"LKR 7,000 - 9,000"
0,0.08,0.2608,0.08676,5-6 hours,"LKR 9,000 - 12,000"
1,0.04,0.10602,0.09107,4-5 hours,"LKR 7,000 - 9,000"
1,0.04,0.07415,0.09705,4-5 hours,"LKR 7,000 - 9,000"
0,0.08,0.16251,0.15693,6-7 hours,"LKR 12,000 - 15,000"
0,0.08,0.21314,0.11291,5-6 hours,"LKR 9,000 - 12,000"
0,0.04917,0.08549,0.08086,4-5 hours,"LKR 7,000 - 9,000"
0,0.08,0.23837,0.17144,5-6 hours,"LKR 9,000 - 12,000"
0,0.02171,0.07305,0.02765,4-5 hours,"LKR 7,000 - 9,000"
0,0.08,0.12405,0.19504,6-7 hours,"LKR 12,000 - 15,000"
0,0.08,0.18105,0.15063,5-6 hours,"LKR 9,000 - 12,000"
0,0.08,0.26279,0.10449,5-6 hours,"LKR 9,000 - 12,000"
1,0.04,0.07078,0.09008,5-6 hours,"LKR 9,000 - 12,000"
0,0.08,0.24644,0.11492,5-6 hours,"LKR 9,000 - 12,000"
0,0.08,0.1202,0.16779,5-6 hours,"LKR 9,000 - 12,000"
1,0.04,0.13057,0.07472,4-5 hours,"LKR 7,000 - 9,000"
0,0.06223,0.17907,0.09195,5-6 hours,"LKR 9,000 - 12,000"
1,0.04,0.11289,0.04185,4-5 hours,"LKR 7,000 - 9,000"
0,0.02829,0.08449,0.04422,4-5 hours,"LKR 7,000 - 9,000"
1,0.04,0.07537,0.05405,4-5 hours,"LKR 7,000 - 9,000"
1,0.04,0.10882,0.0657,4-5 hours,"LKR 7,000 - 9,000"
1,0.04,0.11375,0.05207,4-5 hours,"LKR 7,000 - 9,000"
2,0.1,0.25211,0.18093,6-7 hours,"LKR 12,000 - 15,000"
0,0.08,0.26721,0.08966,5-6 hours,"LKR 9,000 - 12,000"
0,0.08,0.18039,0.19873,5-6 hours,"LKR 9,000 - 12,000"
0,0.08,0.14245,0.10159,5-6 hours,"LKR 9,000 - 12,000"
0,0.08,0.14087,0.10893,5-6 hours,"LKR 9,000 - 12,000"
1,0.04,0.12582,0.08431,5-6 hours,"LKR 9,000 - 12,000"
0,0.08,0.21742,0.15137,5-6 hours,"LKR 9,000 - 12,000"
0,0.0195,0.03274,0.03647,3-4 hours,"LKR 5,000 - 7,000"
1,0.04,0.09156,0.08954,4-5 hours,"LKR 7,000 - 9,000"
2,0.03693,0.0744,0.04198,5-6 hours,"LKR 9,000 - 12,000"
1,0.04,0.09993,0.08152,4-5 hours,"LKR 7,000 - 9,000"
2,0.1,0.1886,0.19591,5-6 hours,"LKR 9,000 - 12,000"
2,0.1,0.28542,0.21228,5-6 hours,"LKR 9,000 - 12,000"
1,0.04,0.12569,0.05308,4-5 hours,"LKR 7,000 - 9,000"
1,0.04,0.08373,0.06049,4-5 hours,"LKR 7,000 - 9,000"
0,0.08,0.14104,0.16776,6-7 hours,"LKR 12,000 - 15,000"
1,0.04,0.12846,0.08194,4-5 hours,"LKR 7,000 - 9,000"
0,0.08,0.27669,0.11833,5-6 hours,"LKR 9,000 - 12,000"
1,0.04,0.09901,0.04842,4-5 hours,"LKR 7,000 - 9,000"
0,0.08,0.27096,0.09535,5-6 hours,"LKR 9,000 - 12,000"
0,0.08,0.23379,0.09096,6-7 hours,"LKR 12,000 - 15,000"
0,0.02972,0.05623,0.05692,4-5 hours,"LKR 7,000 - 9,000"
2,0.1,0.20506,0.21533,5-6 hours,"LKR 9,000 - 12,000"
0,0.08,0.13721,0.11081,5-6 hours,"LKR 9,000 - 12,000"
0,0.0643,0.12902,0.13633,5-6 hours,"LKR 9,000 - 12,000"
0,0.08,0.22984,0.1165,5-6 hours,"LKR 9,000 - 12,000"
0,0.08,0.16303,0.19766,5-6 hours,"LKR 9,000 - 12,000"
1,0.04,0.06772,0.08989,4-5 hours,"LKR 7,000 - 9,000"
0,0.08,0.14014,0.15528,5-6 hours,"LKR 9,000 - 12,000"
1,0.04,0.11246,0.08983,4-5 hours,"LKR 7,000 - 9,000"
2,0.1,0.20659,0.24372,5-6 hours,"LKR 9,000 - 12,000"
1,0.04,0.1336,0.07494,4-5 hours,"LKR 7,000 - 9,000"
0,0.08,0.17486,0.09848,5-6 hours,"LKR 9,000 - 12,000"
2,0.1,0.24441,0.20177,5-6 hours,"LKR 9,000 - 12,000"
1,0.04,0.09811,0.05774,4-5 hours,"LKR 7,000 - 9,000"
0,0.08,0.14285,0.17106,5-6 hours,"LKR 9,000 - 12,000"
0,0.08,0.22985,0.14207,5-6 hours,"LKR 9,000 - 12,000"
1,0.04,0.07602,0.08356,4-5 hours,"LKR 7,000 - 9,000"
0,0.08,0.21735,0.1876,5-6 hours,"LKR 9,000 - 12,000"
1,0.04,0.13976,0.04696,4-5 hours,"LKR 7,000 - 9,000"
2,0.1,0.19046,0.17954,5-6 hours,"LKR 9,000 - 12,000"
0,0.08,0.12944,0.12938,5-6 hours,"LKR 9,000 - 12,000"
1,0.04,0.13474,0.0465,4-5 hours,"LKR 7,000 - 9,000"
0,0.08,0.17141,0.18711,5-6 hours,"LKR 9,000 - 12,000"
1,0.04,0.13435,0.0599,4-5 hours,"LKR 7,000 - 9,000"
0,0.08,0.26917,0.12495,5-6 hours,"LKR 9,000 - 12,000"
1,0.02881,0.08744,0.04376,4-5 hours,"LKR 7,000 - 9,000"
0,0.01915,0.04911,0.02552,3-4 hours,"LKR 5,000 - 7,000"
0,0.08,0.16542,0.18841,5-6 hours,"LKR 9,000 - 12,000"
2,0.1,0.19584,0.16853,5-6 hours,"LKR 9,000 - 12,000"
0,0.08,0.14576,0.16579,5-6 hours,"LKR 9,000 - 12,000"
1,0.04,0.06397,0.07316,5-6 hours,"LKR 9,000 - 12,000"
2,0.1,0.21486,0.16742,5-6 hours,"LKR 9,000 - 12,000"
0,0.08,0.13853,0.1248,5-6 hours,"LKR 9,000 - 12,000"
2,0.1,0.25022,0.1885,5-6 hours,"LKR 9,000 - 12,000"
0,0.08,0.15919,0.16391,5-6 hours,"LKR 9,000 - 12,000"
0,0.08,0.17247,0.09655,5-6 hours,"LKR 9,000 - 12,000"
2,0.1,0.3408,0.17781,5-6 hours,"LKR 9,000 - 12,000"
0,0.08,0.22961,0.0856,5-6 hours,"LKR 9,000 - 12,000"
0,0.08,0.19293,0.12376,6-7 hours,"LKR 12,000 - 15,000"
0,0.08,0.19429,0.10522,5-6 hours,"LKR 9,000 - 12,000"
1,0.04,0.12951,0.07176,4-5 hours,"LKR 7,000 - 9,000"
1,0.04,0.10308,0.05623,4-5 hours,"LKR 7,000 - 9,000"
1,0.04,0.07557,0.08724,4-5 hours,"LKR 7,000 - 9,000"
1,0.04,0.07955,0.06429,4-5 hours,"LKR 7,000 - 9,000"
0,0.08,0.2377,0.17305,5-6 hours,"LKR 9,000 - 12,000"
0,0.08,0.17716,0.16947,5-6 hours,"LKR 9,000 - 12,000"
2,0.1,0.21111,0.1773,5-6 hours,"LKR 9,000 - 12,000"
0,0.01532,0.02691,0.03769,3-4 hours,"LKR 5,000 - 7,000"
1,0.04,0.08793,0.09018,4-5 hours,"LKR 7,000 - 9,000"
0,0.08,0.13156,0.11562,5-6 hours,"LKR 9,000 - 12,000"
1,0.04,0.07122,0.0758,4-5 hours,"LKR 7,000 - 9,000"
0,0.08,0.17167,0.16753,5-6 hours,"LKR 9,000 - 12,000"
0,0.08,0.14695,0.16486,5-6 hours,"LKR 9,000 - 12,000"
0,0.08,0.26733,0.12459,5-6 hours,"LKR 9,000 - 12,000"
0,0.08,0.12788,0.16401,5-6 hours,"LKR 9,000 - 12,000"
2,0.1,0.2877,0.19832,5-6 hours,"LKR 9,000 - 12,000"
0,0.08,0.14258,0.11781,6-7 hours,"LKR 12,000 - 15,000"
0,0.08,0.17435,0.10637,5-6 hours,"LKR 9,000 - 12,000"
2,0.1,0.25236,0.14007,5-6 hours,"LKR 9,000 - 12,000"
0,0.08,0.21115,0.15601,5-6 hours,"LKR 9,000 - 12,000"
0,0.08,0.26545,0.17229,5-6 hours,"LKR 9,000 - 12,000"
1,0.04,0.12622,0.07115,4-5 hours,"LKR 7,000 - 9,000"
0,0.08,0.26097,0.08328,5-6 hours,"LKR 9,000 - 12,000"
2,0.1,0.27976,0.1008,5-6 hours,"LKR 9,000 - 12,000"
1,0.04,0.07272,0.07648,4-5 hours,"LKR 7,000 - 9,000"
1,0.04,0.11224,0.04005,4-5 hours,"LKR 7,000 - 9,000"
2,0.1,0.21426,0.15932,5-6 hours,"LKR 9,000 - 12,000"
1,0.04,0.091,0.08482,4-5 hours,"LKR 7,000 - 9,000"
2,0.1,0.19407,0.16844,5-6 hours,"LKR 9,000 - 12,000"
0,0.06521,0.1483,0.13158,5-6 hours,"LKR 9,000 - 12,000"
0,0.08,0.22018,0.14587,5-6 hours,"LKR 9,000 - 12,000"
0,0.08,0.13082,0.15231,5-6 hours,"LKR 9,000 - 12,000"
0,0.08,0.26711,0.08228,5-6 hours,"LKR 9,000 - 12,000"
1,0.04,0.09731,0.08042,5-6 hours,"LKR 9,000 - 12,000"
0,0.08,0.23777,0.08924,5-6 hours,"LKR 9,000 - 12,000"
0,0.08,0.14568,0.17502,5-6 hours,"LKR 9,000 - 12,000"
0,0.08,0.22663,0.17974,5-6 hours,"LKR 9,000 - 12,000"
1,0.04,0.07874,0.06157,4-5 hours,"LKR 7,000 - 9,000"
0,0.08,0.2555,0.15701,5-6 hours,"LKR 9,000 - 12,000"
1,0.04,0.11356,0.06183,4-5 hours,"LKR 7,000 - 9,000"
1,0.04,0.13633,0.0857,4-5 hours,"LKR 7,000 - 9,000"
1,0.04,0.12675,0.04117,5-6 hours,"LKR 9,000 - 12,000"
0,0.08,0.17046,0.15317,5-6 hours,"LKR 9,000 - 12,000"
0,0.08,0.20402,0.15051,5-6 hours,"LKR 9,000 - 12,000"
2,0.1,0.19253,0.13597,5-6 hours,"LKR 9,000 - 12,000"
0,0.04062,0.133,0.09096,4-5 hours,"LKR 7,000 - 9,000"
0,0.08,0.18923,0.10336,5-6 hours,"LKR 9,000 - 12,000"
0,0.08,0.27563,0.17383,5-6 hours,"LKR 9,000 - 12,000"
1,0.04,0.13601,0.06787,4-5 hours,"LKR 7,000 - 9,000"
0,0.08,0.20668,0.17921,5-6 hours,"LKR 9,000 - 12,000"
0,0.08,0.147,0.19398,5-6 hours,"LKR 9,000 - 12,000"
2,0.1,0.25714,0.12234,5-6 hours,"LKR 9,000 - 12,000"
1,0.04,0.07356,0.04981,5-6 hours,"LKR 9,000 - 12,000"
1,0.04,0.10227,0.0622,4-5 hours,"LKR 7,000 - 9,000"
0,0.08,0.14934,0.15958,5-6 hours,"LKR 9,000 - 12,000"
1,0.04,0.08457,0.04913,4-5 hours,"LKR 7,000 - 9,000"
0,0.08,0.12997,0.1439,5-6 hours,"LKR 9,000 - 12,000"
0,0.08,0.23031,0.09605,5-6 hours,"LKR 9,000 - 12,000"
0,0.08,0.22884,0.1212,5-6 hours,"LKR 9,000 - 12,000"
1,0.04,0.13561,0.07397,4-5 hours,"LKR 7,000 - 9,000"
2,0.1,0.2174,0.1591,6-7 hours,"LKR 12,000 - 15,000"
1,0.04,0.12547,0.08904,4-5 hours,"LKR 7,000 - 9,000"
1,0.03716,0.12721,0.06018,4-5 hours,"LKR 7,000 - 9,000"
2,0.1,0.26628,0.15076,5-6 hours,"LKR 9,000 - 12,000"
2,0.1,0.30997,0.19117,5-6 hours,"LKR 9,000 - 12,000"
1,0.04,0.08927,0.07119,4-5 hours,"LKR 7,000 - 9,000"
1,0.04,0.0965,0.04743,4-5 hours,"LKR 7,000 - 9,000"
0,0.08,0.27354,0.11528,5-6 hours,"LKR 9,000 - 12,000"
0,0.08,0.18747,0.10504,5-6 hours,"LKR 9,000 - 12,000"
0,0.08,0.17655,0.14214,5-6 hours,"LKR 9,000 - 12,000"
0,0.08,0.12584,0.1279,5-6 hours,"LKR 9,000 - 12,000"
1,0.04,0.11992,0.09605,4-5 hours,"LKR 7,000 - 9,000"
0,0.08,0.24115,0.11768,5-6 hours,"LKR 9,000 - 12,000"
1,0.04,0.10423,0.04474,4-5 hours,"LKR 7,000 - 9,000"
1,0.04,0.07875,0.07306,4-5 hours,"LKR 7,000 - 9,000"
1,0.04,0.1215,0.08256,4-5 hours,"LKR 7,000 - 9,000"
1,0.02609,0.07119,0.03176,4-5 hours,"LKR 7,000 - 9,000"
1,0.04,0.11138,0.05456,4-5 hours,"LKR 7,000 - 9,000"
0,0.08,0.18449,0.12499,5-6 hours,"LKR 9,000 - 12,000"
0,0.08,0.17222,0.18532,5-6 hours,"LKR 9,000 - 12,000"
1,0.04,0.09919,0.08382,4-5 hours,"LKR 7,000 - 9,000"
0,0.08,0.15518,0.10411,5-6 hours,"LKR 9,000 - 12,000"
1,0.04,0.10363,0.04061,4-5 hours,"LKR 7,000 - 9,000"
2,0.1,0.23856,0.14356,5-6 hours,"LKR 9,000 - 12,000"
2,0.1,0.18959,0.10192,5-6 hours,"LKR 9,000 - 12,000"
1,0.04,0.08938,0.08225,4-5 hours,"LKR 7,000 - 9,000"
1,0.04,0.09989,0.06046,4-5 hours,"LKR 7,000 - 9,000"
1,0.04,0.13481,0.05712,5-6 hours,"LKR 9,000 - 12,000"
1,0.04,0.07182,0.09762,4-5 hours,"LKR 7,000 - 9,000"
1,0.04,0.12704,0.08595,4-5 hours,"LKR 7,000 - 9,000"
1,0.03986,0.12362,0.05844,4-5 hours,"LKR 7,000 - 9,000"
1,0.04,0.10761,0.06157,4-5 hours,"LKR 7,000 - 9,000"
0,0.08,0.12082,0.18126,5-6 hours,"LKR 9,000 - 12,000"
0,0.08,0.20127,0.1311,5-6 hours,"LKR 9,000 - 12,000"
1,0.04,0.06586,0.0421,4-5 hours,"LKR 7,000 - 9,000"
0,0.08,0.13788,0.18943,5-6 hours,"LKR 9,000 - 12,000"
0,0.08,0.22185,0.17126,5-6 hours,"LKR 9,000 - 12,000"
2,0.1,0.26745,0.11434,5-6 hours,"LKR 9,000 - 12,000"
0,0.04991,0.16129,0.07579,4-5 hours,"LKR 7,000 - 9,000"
1,0.04,0.10927,0.08991,4-5 hours,"LKR 7,000 - 9,000"
0,0.08,0.27432,0.12537,5-6 hours,"LKR 9,000 - 12,000"
1,0.04,0.07462,0.07771,4-5 hours,"LKR 7,000 - 9,000"
2,0.06698,0.147,0.12804,5-6 hours,"LKR 9,000 - 12,000"
1,0.04,0.06254,0.07855,4-5 hours,"LKR 7,000 - 9,000"
0,0.07451,0.19874,0.16809,5-6 hours,"LKR 9,000 - 12,000"
0,0.08,0.23073,0.14209,5-6 hours,"LKR 9,000 - 12,000"
0,0.08,0.24858,0.15513,5-6 hours,"LKR 9,000 - 12,000"
1,0.04,0.11622,0.0405,4-5 hours,"LKR 7,000 - 9,000"
0,0.08,0.24092,0.13956,6-7 hours,"LKR 12,000 - 15,000"
1,0.04,0.13899,0.04864,4-5 hours,"LKR 7,000 - 9,000"
2,0.06926,0.12888,0.07698,6-7 hours,"LKR 12,000 - 15,000"
2,0.1,0.33931,0.18841,5-6 hours,"LKR 9,000 - 12,000"
0,0.08,0.12053,0.10229,5-6 hours,"LKR 9,000 - 12,000"
0,0.08,0.22171,0.11719,5-6 hours,"LKR 9,000 - 12,000"
1,0.04,0.08434,0.06674,4-5 hours,"LKR 7,000 - 9,000"
0,0.08,0.2586,0.12505,5-6 hours,"LKR 9,000 - 12,000"
0,0.08,0.18356,0.11999,5-6 hours,"LKR 9,000 - 12,000"
0,0.08,0.16139,0.19698,5-6 hours,"LKR 9,000 - 12,000"
2,0.1,0.3427,0.19543,5-6 hours,"LKR 9,000 - 12,000"
2,0.1,0.34993,0.20993,5-6 hours,"LKR 9,000 - 12,000"
1,0.04,0.08792,0.08416,4-5 hours,"LKR 7,000 - 9,000"
1,0.02952,0.09123,0.05547,3-4 hours,"LKR 5,000 - 7,000"
0,0.08,0.2241,0.15284,5-6 hours,"LKR 9,000 - 12,000"
0,0.08,0.12847,0.13726,5-6 hours,"LKR 9,000 - 12,000"
1,0.04,0.11162,0.04646,4-5 hours,"LKR 7,000 - 9,000"
0,0.08,0.13397,0.1226,5-6 hours,"LKR 9,000 - 12,000"
1,0.04,0.0826,0.05643,4-5 hours,"LKR 7,000 - 9,000"
0,0.08,0.24192,0.12254,5-6 hours,"LKR 9,000 - 12,000"
0,0.08,0.1625,0.16456,5-6 hours,"LKR 9,000 - 12,000"
1,0.04,0.08372,0.05853,4-5 hours,"LKR 7,000 - 9,000"
0,0.08,0.14128,0.1439,5-6 hours,"LKR 9,000 - 12,000"
1,0.04,0.09338,0.04792,5-6 hours,"LKR 9,000 - 12,000"
0,0.02401,0.05836,0.02688,4-5 hours,"LKR 7,000 - 9,000"
0,0.02981,0.08601,0.05788,4-5 hours,"LKR 7,000 - 9,000"
0,0.08,0.13364,0.1239,6-7 hours,"LKR 12,000 - 15,000"
2,0.1,0.28151,0.15222,5-6 hours,"LKR 9,000 - 12,000"
0,0.04689,0.12257,0.05116,5-6 hours,"LKR 9,000 - 12,000"
1,0.04,0.08826,0.04684,4-5 hours,"LKR 7,000 - 9,000"
0,0.06541,0.11308,0.12581,5-6 hours,"LKR 9,000 - 12,000"
1,0.04,0.06888,0.08095,4-5 hours,"LKR 7,000 - 9,000"
2,0.1,0.23767,0.20076,5-6 hours,"LKR 9,000 - 12,000"
1,0.04,0.12724,0.0575,4-5 hours,"LKR 7,000 - 9,000"
1,0.04,0.06895,0.09484,4-5 hours,"LKR 7,000 - 9,000"
2,0.1,0.33282,0.21695,5-6 hours,"LKR 9,000 - 12,000"
1,0.04,0.07226,0.06842,4-5 hours,"LKR 7,000 - 9,000"
0,0.08,0.27948,0.18563,5-6 hours,"LKR 9,000 - 12,000"
1,0.04,0.09644,0.05664,4-5 hours,"LKR 7,000 - 9,000"
0,0.08,0.27731,0.16085,5-6 hours,"LKR 9,000 - 12,000"
0,0.08,0.26137,0.0914,5-6 hours,"LKR 9,000 - 12,000"
1,0.04,0.12735,0.096,4-5 hours,"LKR 7,000 - 9,000"
0,0.08,0.24,0.18959,5-6 hours,"LKR 9,000 - 12,000"
0,0.08,0.2672,0.18453,5-6 hours,"LKR 9,000 - 12,000"
2,0.1,0.1735,0.12313,5-6 hours,"LKR 9,000 - 12,000"
2,0.1,0.18654,0.10628,5-6 hours,"LKR 9,000 - 12,000"
1,0.04,0.1395,0.06182,4-5 hours,"LKR 7,000 - 9,000"
2,0.1,0.2514,0.21939,5-6 hours,"LKR 9,000 - 12,000"
1,0.04,0.12032,0.08458,4-5 hours,"LKR 7,000 - 9,000"
0,0.08,0.20122,0.08517,5-6 hours,"LKR 9,000 - 12,000"
0,0.08,0.14217,0.16031,5-6 hours,"LKR 9,000 - 12,000"
2,0.1,0.18087,0.15565,5-6 hours,"LKR 9,000 - 12,000"
1,0.03213,0.11085,0.06006,4-5 hours,"LKR 7,000 - 9,000"
1,0.04,0.11545,0.06089,4-5 hours,"LKR 7,000 - 9,000"
0,0.08,0.27747,0.15412,5-6 hours,"LKR 9,000 - 12,000"
1,0.04,0.1288,0.05018,4-5 hours,"LKR 7,000 - 9,000"
0,0.08,0.13916,0.15476,5-6 hours,"LKR 9,000 - 12,000"
1,0.04,0.07465,0.08194,4-5 hours,"LKR 7,000 - 9,000"
1,0.04,0.07209,0.05469,4-5 hours,"LKR 7,000 - 9,000"
1,0.04,0.10912,0.05106,4-5 hours,"LKR 7,000 - 9,000"
0,0.07659,0.23526,0.14835,5-6 hours,"LKR 9,000 - 12,000"
2,0.1,0.20552,0.13017,5-6 hours,"LKR 9,000 - 12,000"
2,0.1,0.24917,0.23356,6-7 hours,"LKR 12,000 - 15,000"
1,0.04,0.07542,0.08456,4-5 hours,"LKR 7,000 - 9,000"
2,0.1,0.22252,0.15007,5-6 hours,"LKR 9,000 - 12,000"
0,0.08,0.22479,0.19156,5-6 hours,"LKR 9,000 - 12,000"
0,0.08,0.21278,0.19566,5-6 hours,"LKR 9,000 - 12,000"
0,0.08,0.26992,0.10781,5-6 hours,"LKR 9,000 - 12,000"
0,0.08,0.26818,0.1669,5-6 hours,"LKR 9,000 - 12,000"
0,0.0443,0.07324,0.10042,4-5 hours,"LKR 7,000 - 9,000"
0,0.03528,0.09002,0.04092,4-5 hours,"LKR 7,000 - 9,000"
0,0.08,0.27488,0.15382,5-6 hours,"LKR 9,000 - 12,000"
0,0.08,0.22235,0.09359,5-6 hours,"LKR 9,000 - 12,000"
1,0.04,0.11615,0.04181,4-5 hours,"LKR 7,000 - 9,000"
2,0.09129,0.21509,0.14773,5-6 hours,"LKR 9,000 - 12,000"
0,0.04842,0.16265,0.11721,5-6 hours,"LKR 9,000 - 12,000"
1,0.03645,0.10847,0.05642,4-5 hours,"LKR 7,000 - 9,000"
0,0.08,0.25265,0.14458,5-6 hours,"LKR 9,000 - 12,000"
0,0.08,0.16363,0.13634,5-6 hours,"LKR 9,000 - 12,000"
0,0.0605,0.14796,0.09268,5-6 hours,"LKR 9,000 - 12,000"
2,0.1,0.21373,0.1306,5-6 hours,"LKR 9,000 - 12,000"
0,0.08,0.17299,0.112,5-6 hours,"LKR 9,000 - 12,000"
0,0.08,0.27147,0.08065,5-6 hours,"LKR 9,000 - 12,000"
0,0.08,0.21576,0.15411,5-6 hours,"LKR 9,000 - 12,000"
0,0.06968,0.15589,0.16481,5-6 hours,"LKR 9,000 - 12,000"
1,0.04,0.11578,0.08609,4-5 hours,"LKR 7,000 - 9,000"
0,0.08,0.19384,0.11509,5-6 hours,"LKR 9,000 - 12,000"
0,0.08,0.18962,0.15093,5-6 hours,"LKR 9,000 - 12,000"
0,0.05122,0.11482,0.09052,5-6 hours,"LKR 9,000 - 12,000"
1,0.04,0.12109,0.09003,5-6 hours,"LKR 9,000 - 12,000"
0,0.08,0.25503,0.10058,5-6 hours,"LKR 9,000 - 12,000"
1,0.04,0.07439,0.06348,4-5 hours,"LKR 7,000 - 9,000"
0,0.08,0.16455,0.19858,5-6 hours,"LKR 9,000 - 12,000"
0,0.08,0.19374,0.19101,5-6 hours,"LKR 9,000 - 12,000"
2,0.1,0.31228,0.15859,5-6 hours,"LKR 9,000 - 12,000"
0,0.08,0.18488,0.19677,5-6 hours,"LKR 9,000 - 12,000"
1,0.03165,0.06299,0.06137,4-5 hours,"LKR 7,000 - 9,000"
1,0.04,0.13668,0.06208,4-5 hours,"LKR 7,000 - 9,000"
1,0.04,0.09107,0.07782,4-5 hours,"LKR 7,000 - 9,000"
0,0.08,0.19732,0.13957,5-6 hours,"LKR 9,000 - 12,000"
0,0.04145,0.12241,0.08603,4-5 hours,"LKR 7,000 - 9,000"
0,0.07831,0.25174,0.08912,5-6 hours,"LKR 9,000 - 12,000"
1,0.04,0.09117,0.0948,4-5 hours,"LKR 7,000 - 9,000"
1,0.04,0.06593,0.06016,5-6 hours,"LKR 9,000 - 12,000"
0,0.08,0.2233,0.11502,5-6 hours,"LKR 9,000 - 12,000"
2,0.1,0.30166,0.22192,5-6 hours,"LKR 9,000 - 12,000"
2,0.1,0.32227,0.19469,5-6 hours,"LKR 9,000 - 12,000"
1,0.04,0.09373,0.04248,4-5 hours,"LKR 7,000 - 9,000"
1,0.04,0.09923,0.05932,4-5 hours,"LKR 7,000 - 9,000"
1,0.04,0.09103,0.04374,4-5 hours,"LKR 7,000 - 9,000"
0,0.04338,0.11205,0.05844,4-5 hours,"LKR 7,000 - 9,000"
0,0.08,0.20306,0.09018,5-6 hours,"LKR 9,000 - 12,000"
1,0.04,0.08423,0.08912,4-5 hours,"LKR 7,000 - 9,000"
0,0.08,0.23069,0.08842,5-6 hours,"LKR 9,000 - 12,000"
1,0.04,0.08051,0.09579,4-5 hours,"LKR 7,000 - 9,000"
1,0.01918,0.05884,0.03541,3-4 hours,"LKR 5,000 - 7,000"
1,0.04,0.11745,0.05406,5-6 hours,"LKR 9,000 - 12,000"
0,0.08,0.23483,0.15701,5-6 hours,"LKR 9,000 - 12,000"
0,0.08,0.159,0.11445,5-6 hours,"LKR 9,000 - 12,000"
0,0.06352,0.13381,0.10521,5-6 hours,"LKR 9,000 - 12,000"
1,0.02602,0.05156,0.0283,3-4 hours,"LKR 5,000 - 7,000"
1,0.04,0.11736,0.08296,4-5 hours,"LKR 7,000 - 9,000"
1,0.04,0.07266,0.08655,4-5 hours,"LKR 7,000 - 9,000"
0,0.07753,0.1233,0.1348,5-6 hours,"LKR 9,000 - 12,000"
1,0.04,0.09792,0.06856,4-5 hours,"LKR 7,000 - 9,000"
1,0.04,0.13818,0.04833,4-5 hours,"LKR 7,000 - 9,000"
1,0.04,0.09945,0.04696,4-5 hours,"LKR 7,000 - 9,000"
2,0.1,0.152,0.22244,5-6 hours,"LKR 9,000 - 12,000"
1,0.01649,0.04162,0.02445,3-4 hours,"LKR 5,000 - 7,000"
0,0.08,0.14188,0.18423,5-6 hours,"LKR 9,000 - 12,000"
0,0.08,0.19601,0.12368,5-6 hours,"LKR 9,000 - 12,000"
0,0.08,0.21005,0.08001,5-6 hours,"LKR 9,000 - 12,000"
2,0.1,0.27469,0.24714,5-6 hours,"LKR 9,000 - 12,000"
1,0.04,0.13687,0.04836,4-5 hours,"LKR 7,000 - 9,000"
0,0.06297,0.09945,0.08595,5-6 hours,"LKR 9,000 - 12,000"
2,0.1,0.16442,0.23821,5-6 hours,"LKR 9,000 - 12,000"
0,0.08,0.21185,0.08686,6-7 hours,"LKR 12,000 - 15,000"
2,0.1,0.29695,0.14369,5-6 hours,"LKR 9,000 - 12,000"
0,0.08,0.17129,0.13514,5-6 hours,"LKR 9,000 - 12,000"
0,0.08,0.24091,0.11671,5-6 hours,"LKR 9,000 - 12,000"
0,0.07414,0.22436,0.17803,5-6 hours,"LKR 9,000 - 12,000"
1,0.04,0.07801,0.05589,4-5 hours,"LKR 7,000 - 9,000"
1,0.04,0.09851,0.09947,4-5 hours,"LKR 7,000 - 9,000"
2,0.08561,0.22504,0.14553,5-6 hours,"LKR 9,000 - 12,000"
0,0.08,0.2265,0.19981,5-6 hours,"LKR 9,000 - 12,000"
0,0.08,0.24364,0.19724,5-6 hours,"LKR 9,000 - 12,000"
0,0.08,0.22572,0.095,6-7 hours,"LKR 12,000 - 15,000"
1,0.04,0.07997,0.04405,4-5 hours,"LKR 7,000 - 9,000"
1,0.04,0.08444,0.05449,4-5 hours,"LKR 7,000 - 9,000"
1,0.04,0.08374,0.0549,4-5 hours,"LKR 7,000 - 9,000"
0,0.08,0.25532,0.1587,5-6 hours,"LKR 9,000 - 12,000"
0,0.08,0.22824,0.1305,6-7 hours,"LKR 12,000 - 15,000"
0,0.05362,0.14645,0.07615,5-6 hours,"LKR 9,000 - 12,000"
1,0.04,0.12046,0.06346,5-6 hours,"LKR 9,000 - 12,000"
1,0.04,0.07901,0.06042,4-5 hours,"LKR 7,000 - 9,000"
1,0.04,0.08739,0.06304,4-5 hours,"LKR 7,000 - 9,000"
1,0.04,0.10658,0.08387,4-5 hours,"LKR 7,000 - 9,000"
1,0.04,0.09163,0.08734,4-5 hours,"LKR 7,000 - 9,000"
0,0.02107,0.04028,0.04216,4-5 hours,"LKR 7,000 - 9,000"
0,0.06103,0.16691,0.14584,5-6 hours,"LKR 9,000 - 12,000"
1,0.04,0.11228,0.06931,4-5 hours,"LKR 7,000 - 9,000"
2,0.1,0.19896,0.22768,6-7 hours,"LKR 12,000 - 15,000"
1,0.04,0.08195,0.04747,4-5 hours,"LKR 7,000 - 9,000"
1,0.04,0.09768,0.05409,4-5 hours,"LKR 7,000 - 9,000"
1,0.0211,0.06657,0.0225,4-5 hours,"LKR 7,000 - 9,000"
1,0.04,0.09364,0.09363,4-5 hours,"LKR 7,000 - 9,000"
1,0.04,0.07314,0.06635,4-5 hours,"LKR 7,000 - 9,000"
0,0.08,0.1457,0.11346,5-6 hours,"LKR 9,000 - 12,000"
1,0.04,0.09385,0.05593,4-5 hours,"LKR 7,000 - 9,000"
2,0.1,0.30994,0.11737,5-6 hours,"LKR 9,000 - 12,000"
0,0.08,0.21473,0.18941,5-6 hours,"LKR 9,000 - 12,000"
1,0.04,0.06409,0.07822,4-5 hours,"LKR 7,000 - 9,000"
0,0.08,0.21155,0.17644,5-6 hours,"LKR 9,000 - 12,000"
0,0.08,0.26995,0.09297,5-6 hours,"LKR 9,000 - 12,000"
0,0.04425,0.11692,0.04506,4-5 hours,"LKR 7,000 - 9,000"
0,0.08,0.15416,0.08756,5-6 hours,"LKR 9,000 - 12,000"
1,0.04,0.08636,0.09331,4-5 hours,"LKR 7,000 - 9,000"
1,0.04,0.13656,0.06791,5-6 hours,"LKR 9,000 - 12,000"
1,0.04,0.06971,0.07443,4-5 hours,"LKR 7,000 - 9,000"
0,0.08,0.14919,0.16112,5-6 hours,"LKR 9,000 - 12,000"
0,0.08,0.27254,0.18753,5-6 hours,"LKR 9,000 - 12,000"
0,0.05332,0.11293,0.09094,5-6 hours,"LKR 9,000 - 12,000"
0,0.08,0.15747,0.13788,5-6 hours,"LKR 9,000 - 12,000"
1,0.04,0.11183,0.05502,4-5 hours,"LKR 7,000 - 9,000"
0,0.08,0.14256,0.1296,5-6 hours,"LKR 9,000 - 12,000"
0,0.08,0.17725,0.10731,5-6 hours,"LKR 9,000 - 12,000"
0,0.08,0.12416,0.12195,5-6 hours,"LKR 9,000 - 12,000"
0,0.01915,0.03904,0.01936,4-5 hours,"LKR 7,000 - 9,000"
0,0.08,0.14501,0.14901,5-6 hours,"LKR 9,000 - 12,000"
1,0.03269,0.08354,0.04061,4-5 hours,"LKR 7,000 - 9,000"
0,0.08,0.25418,0.13049,6-7 hours,"LKR 12,000 - 15,000"
1,0.04,0.12854,0.05493,4-5 hours,"LKR 7,000 - 9,000"
2,0.1,0.16413,0.15931,5-6 hours,"LKR 9,000 - 12,000"
1,0.04,0.12847,0.06974,4-5 hours,"LKR 7,000 - 9,000"
2,0.1,0.32515,0.21824,5-6 hours,"LKR 9,000 - 12,000"
1,0.0244,0.07491,0.05832,4-5 hours,"LKR 7,000 - 9,000"
0,0.08,0.26044,0.19335,5-6 hours,"LKR 9,000 - 12,000"
0,0.08,0.17822,0.10679,5-6 hours,"LKR 9,000 - 12,000"
0,0.08,0.19248,0.15417,5-6 hours,"LKR 9,000 - 12,000"
0,0.08,0.1226,0.08142,5-6 hours,"LKR 9,000 - 12,000"
1,0.04,0.13114,0.05555,4-5 hours,"LKR 7,000 - 9,000"
0,0.0614,0.20262,0.09872,5-6 hours,"LKR 9,000 - 12,000"
0,0.08,0.24604,0.13615,5-6 hours,"LKR 9,000 - 12,000"
0,0.08,0.17877,0.10152,5-6 hours,"LKR 9,000 - 12,000"
2,0.1,0.34522,0.13291,5-6 hours,"LKR 9,000 - 12,000"
2,0.1,0.29968,0.23805,5-6 hours,"LKR 9,000 - 12,000"
0,0.0517,0.11616,0.07125,5-6 hours,"LKR 9,000 - 12,000"
1,0.04,0.12685,0.04828,4-5 hours,"LKR 7,000 - 9,000"
0,0.08,0.2225,0.19166,5-6 hours,"LKR 9,000 - 12,000"
1,0.04,0.06675,0.09644,4-5 hours,"LKR 7,000 - 9,000"
1,0.04,0.07128,0.09899,5-6 hours,"LKR 9,000 - 12,000"
1,0.02479,0.05502,0.03772,4-5 hours,"LKR 7,000 - 9,000"
0,0.03971,0.11408,0.0408,4-5 hours,"LKR 7,000 - 9,000"
1,0.03104,0.10097,0.05613,4-5 hours,"LKR 7,000 - 9,000"
0,0.08,0.19536,0.11338,5-6 hours,"LKR 9,000 - 12,000"
1,0.04,0.13785,0.09501,5-6 hours,"LKR 9,000 - 12,000"
0,0.05828,0.17798,0.13787,5-6 hours,"LKR 9,000 - 12,000"
0,0.05649,0.19225,0.09621,6-7 hours,"LKR 12,000 - 15,000"
0,0.0785,0.22584,0.15338,5-6 hours,"LKR 9,000 - 12,000"
1,0.04,0.0763,0.04616,4-5 hours,"LKR 7,000 - 9,000"
1,0.04,0.11702,0.07825,5-6 hours,"LKR 9,000 - 12,000"
1,0.04,0.11422,0.08015,4-5 hours,"LKR 7,000 - 9,000"
0,0.08,0.23095,0.08028,5-6 hours,"LKR 9,000 - 12,000"
0,0.04712,0.16293,0.09091,4-5 hours,"LKR 7,000 - 9,000"
2,0.1,0.32607,0.10425,5-6 hours,"LKR 9,000 - 12,000"
1,0.04,0.10141,0.06936,4-5 hours,"LKR 7,000 - 9,000"
1,0.04,0.10751,0.06457,4-5 hours,"LKR 7,000 - 9,000"
1,0.04,0.11161,0.09472,4-5 hours,"LKR 7,000 - 9,000"
2,0.1,0.20926,0.12595,5-6 hours,"LKR 9,000 - 12,000"
1,0.04,0.09932,0.08529,4-5 hours,"LKR 7,000 - 9,000"
0,0.08,0.15603,0.17549,5-6 hours,"LKR 9,000 - 12,000"
2,0.1,0.19844,0.1814,5-6 hours,"LKR 9,000 - 12,000"
0,0.08,0.24388,0.12628,5-6 hours,"LKR 9,000 - 12,000"
1,0.04,0.10003,0.09387,4-5 hours,"LKR 7,000 - 9,000"
2,0.1,0.21082,0.14068,5-6 hours,"LKR 9,000 - 12,000"
2,0.1,0.15601,0.18933,5-6 hours,"LKR 9,000 - 12,000"
0,0.08,0.23739,0.18155,5-6 hours,"LKR 9,000 - 12,000"
0,0.08,0.13148,0.11541,5-6 hours,"LKR 9,000 - 12,000"
0,0.08,0.19719,0.15712,5-6 hours,"LKR 9,000 - 12,000"
2,0.1,0.2533,0.12934,5-6 hours,"LKR 9,000 - 12,000"
0,0.08,0.21471,0.12094,5-6 hours,"LKR 9,000 - 12,000"
1,0.04,0.11925,0.08021,4-5 hours,"LKR 7,000 - 9,000"
0,0.01952,0.0487,0.02368,3-4 hours,"LKR 5,000 - 7,000"
0,0.08,0.22747,0.16382,5-6 hours,"LKR 9,000 - 12,000"
1,0.04,0.11071,0.09584,4-5 hours,"LKR 7,000 - 9,000"
1,0.04,0.10381,0.0648,4-5 hours,"LKR 7,000 - 9,000"
0,0.08,0.12364,0.14943,5-6 hours,"LKR 9,000 - 12,000"
0,0.07911,0.16748,0.11003,5-6 hours,"LKR 9,000 - 12,000"
2,0.1,0.22505,0.19742,5-6 hours,"LKR 9,000 - 12,000"
1,0.04,0.08249,0.08926,4-5 hours,"LKR 7,000 - 9,000"
1,0.04,0.13372,0.04376,4-5 hours,"LKR 7,000 - 9,000"
1,0.04,0.10752,0.04209,5-6 hours,"LKR 9,000 - 12,000"
1,0.04,0.07196,0.09432,4-5 hours,"LKR 7,000 - 9,000"
0,0.08,0.14419,0.14656,5-6 hours,"LKR 9,000 - 12,000"
0,0.08,0.20301,0.19205,5-6 hours,"LKR 9,000 - 12,000"
0,0.06065,0.18985,0.06248,6-7 hours,"LKR 12,000 - 15,000"
0,0.08,0.24805,0.15281,5-6 hours,"LKR 9,000 - 12,000"
2,0.03941,0.08129,0.09371,5-6 hours,"LKR 9,000 - 12,000"
1,0.04,0.08352,0.057,4-5 hours,"LKR 7,000 - 9,000"
1,0.04,0.12601,0.09814,4-5 hours,"LKR 7,000 - 9,000"
2,0.08281,0.22039,0.09252,5-6 hours,"LKR 9,000 - 12,000"
0,0.08,0.27846,0.15855,5-6 hours,"LKR 9,000 - 12,000"
1,0.04,0.07336,0.0527,4-5 hours,"LKR 7,000 - 9,000"
0,0.08,0.12541,0.17396,5-6 hours,"LKR 9,000 - 12,000"
1,0.04,0.13529,0.09708,4-5 hours,"LKR 7,000 - 9,000"
1,0.04,0.11969,0.05477,5-6 hours,"LKR 9,000 - 12,000"
2,0.06678,0.16788,0.10877,5-6 hours,"LKR 9,000 - 12,000"
1,0.04,0.13747,0.06665,4-5 hours,"LKR 7,000 - 9,000"
2,0.1,0.31869,0.23305,5-6 hours,"LKR 9,000 - 12,000"
2,0.1,0.18643,0.1255,5-6 hours,"LKR 9,000 - 12,000"
0,0.06165,0.17903,0.07069,5-6 hours,"LKR 9,000 - 12,000"
1,0.02824,0.08965,0.03287,3-4 hours,"LKR 5,000 - 7,000"
0,0.08,0.19167,0.12453,5-6 hours,"LKR 9,000 - 12,000"
1,0.04,0.11051,0.08932,4-5 hours,"LKR 7,000 - 9,000"
1,0.04,0.07016,0.08731,4-5 hours,"LKR 7,000 - 9,000"
1,0.04,0.0959,0.09737,4-5 hours,"LKR 7,000 - 9,000"
2,0.1,0.1882,0.22449,5-6 hours,"LKR 9,000 - 12,000"
0,0.08,0.15392,0.14591,5-6 hours,"LKR 9,000 - 12,000"
0,0.08,0.21425,0.13388,5-6 hours,"LKR 9,000 - 12,000"
0,0.08,0.14673,0.09106,5-6 hours,"LKR 9,000 - 12,000"
1,0.03477,0.09956,0.06705,4-5 hours,"LKR 7,000 - 9,000"
0,0.07798,0.14529,0.18398,5-6 hours,"LKR 9,000 - 12,000"
1,0.04,0.12952,0.04704,4-5 hours,"LKR 7,000 - 9,000"
1,0.04,0.06039,0.0462,4-5 hours,"LKR 7,000 - 9,000"
0,0.06939,0.19297,0.07459,6-7 hours,"LKR 12,000 - 15,000"
1,0.0248,0.03849,0.03774,3-4 hours,"LKR 5,000 - 7,000"
0,0.08,0.18361,0.08282,5-6 hours,"LKR 9,000 - 12,000"
0,0.08,0.14592,0.08069,5-6 hours,"LKR 9,000 - 12,000"
0,0.08,0.20188,0.15986,5-6 hours,"LKR 9,000 - 12,000"
1,0.04,0.06724,0.09224,5-6 hours,"LKR 9,000 - 12,000"
0,0.08,0.16032,0.11483,5-6 hours,"LKR 9,000 - 12,000"
1,0.04,0.11432,0.09246,4-5 hours,"LKR 7,000 - 9,000"
0,0.08,0.18535,0.1657,5-6 hours,"LKR 9,000 - 12,000"
1,0.04,0.11812,0.06127,4-5 hours,"LKR 7,000 - 9,000"
0,0.03516,0.08233,0.06773,4-5 hours,"LKR 7,000 - 9,000"
0,0.08,0.16747,0.14708,5-6 hours,"LKR 9,000 - 12,000"
1,0.04,0.13054,0.05347,4-5 hours,"LKR 7,000 - 9,000"
2,0.1,0.16188,0.2003,5-6 hours,"LKR 9,000 - 12,000"
1,0.04,0.11583,0.04958,4-5 hours,"LKR 7,000 - 9,000"
0,0.08,0.24693,0.15755,5-6 hours,"LKR 9,000 - 12,000"
0,0.08,0.12587,0.08131,6-7 hours,"LKR 12,000 - 15,000"
1,0.04,0.07439,0.07134,5-6 hours,"LKR 9,000 - 12,000"
0,0.04838,0.13084,0.10224,4-5 hours,"LKR 7,000 - 9,000"
1,0.04,0.1163,0.09588,4-5 hours,"LKR 7,000 - 9,000"
1,0.04,0.06298,0.04495,4-5 hours,"LKR 7,000 - 9,000"
0,0.05481,0.16802,0.09285,5-6 hours,"LKR 9,000 - 12,000"
0,0.07494,0.20108,0.12492,5-6 hours,"LKR 9,000 - 12,000"
0,0.08,0.25339,0.09558,5-6 hours,"LKR 9,000 - 12,000"
1,0.04,0.09903,0.04077,4-5 hours,"LKR 7,000 - 9,000"
0,0.08,0.148,0.11599,5-6 hours,"LKR 9,000 - 12,000"
0,0.08,0.21306,0.08063,5-6 hours,"LKR 9,000 - 12,000"
0,0.08,0.14089,0.13957,5-6 hours,"LKR 9,000 - 12,000"
0,0.08,0.12587,0.1437,5-6 hours,"LKR 9,000 - 12,000"
1,0.04,0.09628,0.0651,4-5 hours,"LKR 7,000 - 9,000"
0,0.08,0.27959,0.08457,6-7 hours,"LKR 12,000 - 15,000"
1,0.04,0.10182,0.09641,4-5 hours,"LKR 7,000 - 9,000"
0,0.08,0.18799,0.10079,5-6 hours,"LKR 9,000 - 12,000"
0,0.08,0.27271,0.13276,5-6 hours,"LKR 9,000 - 12,000"
2,0.1,0.21121,0.17886,5-6 hours,"LKR 9,000 - 12,000"
0,0.08,0.18895,0.17437,5-6 hours,"LKR 9,000 - 12,000"
1,0.04,0.06454,0.05453,4-5 hours,"LKR 7,000 - 9,000"
0,0.08,0.18053,0.15907,5-6 hours,"LKR 9,000 - 12,000"
0,0.08,0.27793,0.13825,5-6 hours,"LKR 9,000 - 12,000"
1,0.04,0.11966,0.09431,4-5 hours,"LKR 7,000 - 9,000"
0,0.08,0.20803,0.15101,5-6 hours,"LKR 9,000 - 12,000"
0,0.03985,0.08529,0.06661,4-5 hours,"LKR 7,000 - 9,000"
0,0.08,0.12136,0.12869,5-6 hours,"LKR 9,000 - 12,000"
2,0.1,0.28188,0.15908,5-6 hours,"LKR 9,000 - 12,000"
0,0.08,0.12557,0.0966,5-6 hours,"LKR 9,000 - 12,000"
1,0.04,0.08828,0.07799,4-5 hours,"LKR 7,000 - 9,000"
1,0.04,0.094,0.07954,4-5 hours,"LKR 7,000 - 9,000"
1,0.04,0.08752,0.06328,4-5 hours,"LKR 7,000 - 9,000"
1,0.04,0.09942,0.06247,4-5 hours,"LKR 7,000 - 9,000"
1,0.04,0.11198,0.09284,4-5 hours,"LKR 7,000 - 9,000"
1,0.04,0.10813,0.05085,5-6 hours,"LKR 9,000 - 12,000"
0,0.08,0.27478,0.14718,5-6 hours,"LKR 9,000 - 12,000"
1,0.04,0.11671,0.06705,4-5 hours,"LKR 7,000 - 9,000"
0,0.08,0.17724,0.13889,5-6 hours,"LKR 9,000 - 12,000"
0,0.08,0.19798,0.08153,5-6 hours,"LKR 9,000 - 12,000"
0,0.08,0.2683,0.11372,5-6 hours,"LKR 9,000 - 12,000"
1,0.04,0.11391,0.04683,4-5 hours,"LKR 7,000 - 9,000"
1,0.04,0.13618,0.09147,4-5 hours,"LKR 7,000 - 9,000"
0,0.08,0.12787,0.14986,5-6 hours,"LKR 9,000 - 12,000"
0,0.08,0.26026,0.19892,5-6 hours,"LKR 9,000 - 12,000"
1,0.04,0.07531,0.08772,4-5 hours,"LKR 7,000 - 9,000"
0,0.08,0.16497,0.08766,5-6 hours,"LKR 9,000 - 12,000"
0,0.08,0.16237,0.17511,5-6 hours,"LKR 9,000 - 12,000"
0,0.08,0.13191,0.11698,5-6 hours,"LKR 9,000 - 12,000"
0,0.08,0.26598,0.17263,6-7 hours,"LKR 12,000 - 15,000"
0,0.08,0.14946,0.16118,5-6 hours,"LKR 9,000 - 12,000"
0,0.08,0.17114,0.11907,5-6 hours,"LKR 9,000 - 12,000"
0,0.08,0.24592,0.18439,5-6 hours,"LKR 9,000 - 12,000"
0,0.08,0.19829,0.18524,5-6 hours,"LKR 9,000 - 12,000"
0,0.08,0.25837,0.12696,5-6 hours,"LKR 9,000 - 12,000"
2,0.1,0.27442,0.19438,5-6 hours,"LKR 9,000 - 12,000"
0,0.08,0.25731,0.15185,5-6 hours,"LKR 9,000 - 12,000"
0,0.08,0.24085,0.16405,6-7 hours,"LKR 12,000 - 15,000"
1,0.03934,0.09728,0.05064,5-6 hours,"LKR 9,000 - 12,000"
0,0.08,0.15583,0.13407,5-6 hours,"LKR 9,000 - 12,000"
1,0.04,0.12304,0.04555,4-5 hours,"LKR 7,000 - 9,000"
0,0.08,0.14181,0.16175,5-6 hours,"LKR 9,000 - 12,000"
1,0.04,0.10299,0.05602,4-5 hours,"LKR 7,000 - 9,000"
0,0.08,0.16276,0.13618,5-6 hours,"LKR 9,000 - 12,000"
2,0.0608,0.12795,0.07013,5-6 hours,"LKR 9,000 - 12,000"
0,0.08,0.13559,0.0851,5-6 hours,"LKR 9,000 - 12,000"
2,0.1,0.2337,0.24017,5-6 hours,"LKR 9,000 - 12,000"
1,0.04,0.07516,0.04139,4-5 hours,"LKR 7,000 - 9,000"
0,0.08,0.19011,0.13814,5-6 hours,"LKR 9,000 - 12,000"
0,0.08,0.22401,0.15182,5-6 hours,"LKR 9,000 - 12,000"
2,0.1,0.32779,0.22094,5-6 hours,"LKR 9,000 - 12,000"
0,0.08,0.12014,0.1036,5-6 hours,"LKR 9,000 - 12,000"
0,0.08,0.13128,0.16644,6-7 hours,"LKR 12,000 - 15,000"
1,0.04,0.07418,0.08977,4-5 hours,"LKR 7,000 - 9,000"
0,0.08,0.19587,0.15254,5-6 hours,"LKR 9,000 - 12,000"
1,0.04,0.1067,0.07067,4-5 hours,"LKR 7,000 - 9,000"
0,0.08,0.20341,0.11969,5-6 hours,"LKR 9,000 - 12,000"
0,0.08,0.14426,0.16321,5-6 hours,"LKR 9,000 - 12,000"
0,0.08,0.22023,0.17087,5-6 hours,"LKR 9,000 - 12,000"
0,0.08,0.21852,0.1033,5-6 hours,"LKR 9,000 - 12,000"
2,0.1,0.22579,0.16255,5-6 hours,"LKR 9,000 - 12,000"
2,0.1,0.34251,0.22611,5-6 hours,"LKR 9,000 - 12,000"
1,0.04,0.0687,0.05253,4-5 hours,"LKR 7,000 - 9,000"
0,0.08,0.18736,0.18137,5-6 hours,"LKR 9,000 - 12,000"
0,0.08,0.24835,0.15382,6-7 hours,"LKR 12,000 - 15,000"
0,0.08,0.20764,0.1617,5-6 hours,"LKR 9,000 - 12,000"
0,0.08,0.20333,0.19155,5-6 hours,"LKR 9,000 - 12,000"
1,0.04,0.12688,0.04463,4-5 hours,"LKR 7,000 - 9,000"
2,0.05987,0.16599,0.12513,5-6 hours,"LKR 9,000 - 12,000"
1,0.04,0.13995,0.09034,4-5 hours,"LKR 7,000 - 9,000"
1,0.04,0.12438,0.0677,4-5 hours,"LKR 7,000 - 9,000"
1,0.04,0.12567,0.05549,4-5 hours,"LKR 7,000 - 9,000"
0,0.08,0.26934,0.1479,5-6 hours,"LKR 9,000 - 12,000"
1,0.04,0.12268,0.06505,4-5 hours,"LKR 7,000 - 9,000"
2,0.1,0.19838,0.14204,5-6 hours,"LKR 9,000 - 12,000"
2,0.1,0.32344,0.213,5-6 hours,"LKR 9,000 - 12,000"
0,0.08,0.13275,0.13191,5-6 hours,"LKR 9,000 - 12,000"
1,0.04,0.13781,0.09575,4-5 hours,"LKR 7,000 - 9,000"
0,0.08,0.24688,0.08701,5-6 hours,"LKR 9,000 - 12,000"
2,0.1,0.33996,0.1686,5-6 hours,"LKR 9,000 - 12,000"
0,0.08,0.16828,0.19881,5-6 hours,"LKR 9,000 - 12,000"
0,0.02234,0.06771,0.03732,4-5 hours,"LKR 7,000 - 9,000"
0,0.08,0.2502,0.15969,5-6 hours,"LKR 9,000 - 12,000"
2,0.1,0.16296,0.14929,5-6 hours,"LKR 9,000 - 12,000"
0,0.08,0.25661,0.10461,5-6 hours,"LKR 9,000 - 12,000"
0,0.0327,0.0934,0.07759,4-5 hours,"LKR 7,000 - 9,000"
1,0.04,0.07584,0.0972,5-6 hours,"LKR 9,000 - 12,000"
2,0.1,0.17134,0.15615,5-6 hours,"LKR 9,000 - 12,000"
1,0.04,0.0883,0.06414,5-6 hours,"LKR 9,000 - 12,000"
2,0.1,0.25026,0.18822,5-6 hours,"LKR 9,000 - 12,000"
0,0.08,0.12764,0.10266,5-6 hours,"LKR 9,000 - 12,000"
2,0.1,0.25487,0.15515,5-6 hours,"LKR 9,000 - 12,000"
2,0.1,0.22366,0.17952,5-6 hours,"LKR 9,000 - 12,000"
0,0.08,0.22191,0.09249,5-6 hours,"LKR 9,000 - 12,000"
0,0.08,0.2243,0.13732,5-6 hours,"LKR 9,000 - 12,000"
1,0.04,0.0965,0.05143,4-5 hours,"LKR 7,000 - 9,000"
1,0.04,0.12987,0.094,4-5 hours,"LKR 7,000 - 9,000"
1,0.04,0.13051,0.08379,4-5 hours,"LKR 7,000 - 9,000"
0,0.03693,0.07097,0.09146,4-5 hours,"LKR 7,000 - 9,000"
0,0.08,0.2125,0.13356,6-7 hours,"LKR 12,000 - 15,000"
1,0.03387,0.08761,0.0557,4-5 hours,"LKR 7,000 - 9,000"
1,0.04,0.1219,0.05088,4-5 hours,"LKR 7,000 - 9,000"
0,0.08,0.2108,0.15163,5-6 hours,"LKR 9,000 - 12,000"
2,0.1,0.16195,0.159,6-7 hours,"LKR 12,000 - 15,000"
0,0.08,0.13587,0.19099,5-6 hours,"LKR 9,000 - 12,000"
1,0.024,0.08185,0.0491,3-4 hours,"LKR 5,000 - 7,000"
1,0.04,0.12969,0.05588,4-5 hours,"LKR 7,000 - 9,000"
1,0.04,0.07175,0.09753,4-5 hours,"LKR 7,000 - 9,000"
1,0.04,0.13727,0.06836,4-5 hours,"LKR 7,000 - 9,000"
2,0.1,0.29932,0.15328,5-6 hours,"LKR 9,000 - 12,000"
0,0.08,0.23552,0.10243,5-6 hours,"LKR 9,000 - 12,000"
0,0.08,0.2228,0.17,5-6 hours,"LKR 9,000 - 12,000"
0,0.08,0.17945,0.16585,5-6 hours,"LKR 9,000 - 12,000"
1,0.04,0.12811,0.07384,4-5 hours,"LKR 7,000 - 9,000"
1,0.04,0.09068,0.07166,4-5 hours,"LKR 7,000 - 9,000"
0,0.08,0.26067,0.1855,5-6 hours,"LKR 9,000 - 12,000"
0,0.08,0.25409,0.18253,5-6 hours,"LKR 9,000 - 12,000"
1,0.00289,0.01,0.01,1-2 hours,"LKR 1,000 - 3,000"
0,0.06771,0.21782,0.12291,5-6 hours,"LKR 9,000 - 12,000"
1,0.04,0.06431,0.06937,4-5 hours,"LKR 7,000 - 9,000"
1,0.04,0.11922,0.05252,4-5 hours,"LKR 7,000 - 9,000"
1,0.04,0.13106,0.07755,4-5 hours,"LKR 7,000 - 9,000"
0,0.08,0.1434,0.16068,6-7 hours,"LKR 12,000 - 15,000"
2,0.1,0.28903,0.15253,5-6 hours,"LKR 9,000 - 12,000"
1,0.04,0.12087,0.04626,4-5 hours,"LKR 7,000 - 9,000"
1,0.04,0.11475,0.08327,4-5 hours,"LKR 7,000 - 9,000"
0,0.0459,0.15938,0.0936,4-5 hours,"LKR 7,000 - 9,000"
1,0.04,0.10331,0.06171,4-5 hours,"LKR 7,000 - 9,000"
0,0.08,0.25399,0.11017,5-6 hours,"LKR 9,000 - 12,000"
2,0.1,0.20028,0.11341,6-7 hours,"LKR 12,000 - 15,000"
0,0.08,0.14814,0.18602,5-6 hours,"LKR 9,000 - 12,000"
0,0.08,0.23257,0.08886,5-6 hours,"LKR 9,000 - 12,000"
0,0.08,0.25172,0.15209,5-6 hours,"LKR 9,000 - 12,000"
0,0.08,0.1892,0.17307,6-7 hours,"LKR 12,000 - 15,000"
0,0.08,0.15289,0.1673,5-6 hours,"LKR 9,000 - 12,000"
1,0.04,0.07898,0.07692,5-6 hours,"LKR 9,000 - 12,000"
0,0.08,0.19098,0.11179,5-6 hours,"LKR 9,000 - 12,000"
0,0.08,0.21411,0.19813,5-6 hours,"LKR 9,000 - 12,000"
2,0.1,0.19506,0.1058,5-6 hours,"LKR 9,000 - 12,000"
0,0.03446,0.11217,0.05501,4-5 hours,"LKR 7,000 - 9,000"
0,0.08,0.13392,0.08913,5-6 hours,"LKR 9,000 - 12,000"
1,0.04,0.13774,0.0633,4-5 hours,"LKR 7,000 - 9,000"
0,0.08,0.14405,0.13952,5-6 hours,"LKR 9,000 - 12,000"
1,0.04,0.08332,0.04046,4-5 hours,"LKR 7,000 - 9,000"
1,0.04,0.13747,0.04984,5-6 hours,"LKR 9,000 - 12,000"
0,0.08,0.2509,0.12305,5-6 hours,"LKR 9,000 - 12,000"
0,0.08,0.18108,0.08229,5-6 hours,"LKR 9,000 - 12,000"
2,0.1,0.2739,0.22097,5-6 hours,"LKR 9,000 - 12,000"
1,0.04,0.06923,0.08258,4-5 hours,"LKR 7,000 - 9,000"
1,0.04,0.13938,0.07578,4-5 hours,"LKR 7,000 - 9,000"
2,0.05667,0.15867,0.05853,5-6 hours,"LKR 9,000 - 12,000"
0,0.08,0.1286,0.15802,5-6 hours,"LKR 9,000 - 12,000"
